{"providers":[{"type":"space","advances":{" ":4}},{"type":"bitmap","file":"mcc:_fonts/angler_receive/1_start.png","chars":[""],"ascent":113,"height":128},{"type":"bitmap","file":"mcc:_fonts/angler_receive/2_start.png","chars":[""],"ascent":113,"height":128},{"type":"bitmap","file":"mcc:_fonts/angler_receive/3_start.png","chars":[""],"ascent":113,"height":128},{"type":"bitmap","file":"mcc:_fonts/angler_receive/4_end.png","chars":[""],"ascent":113,"height":128},{"type":"bitmap","file":"mcc:_fonts/angler_receive/4_start.png","chars":[""],"ascent":113,"height":128},{"type":"bitmap","file":"mcc:_fonts/angler_receive/5_end.png","chars":[""],"ascent":113,"height":128},{"type":"bitmap","file":"mcc:_fonts/angler_receive/5_loop.png","chars":[""],"ascent":113,"height":128},{"type":"bitmap","file":"mcc:_fonts/angler_receive/6_end.png","chars":[""],"ascent":113,"height":128},{"type":"bitmap","file":"mcc:_fonts/angler_receive/6_loop.png","chars":[""],"ascent":113,"height":128},{"type":"bitmap","file":"mcc:_fonts/angler_receive/7_end.png","chars":[""],"ascent":113,"height":128},{"type":"bitmap","file":"mcc:_fonts/angler_receive/7_loop.png","chars":[""],"ascent":113,"height":128},{"type":"bitmap","file":"mcc:_fonts/champion_score_receive/1_start.png","chars":[""],"ascent":113,"height":128},{"type":"bitmap","file":"mcc:_fonts/champion_score_receive/2_start.png","chars":[""],"ascent":113,"height":128},{"type":"bitmap","file":"mcc:_fonts/champion_score_receive/3_start.png","chars":[""],"ascent":113,"height":128},{"type":"bitmap","file":"mcc:_fonts/champion_score_receive/4_end.png","chars":[""],"ascent":113,"height":128},{"type":"bitmap","file":"mcc:_fonts/champion_score_receive/4_start.png","chars":[""],"ascent":113,"height":128},{"type":"bitmap","file":"mcc:_fonts/champion_score_receive/5_end.png","chars":[""],"ascent":113,"height":128},{"type":"bitmap","file":"mcc:_fonts/champion_score_receive/5_loop.png","chars":[""],"ascent":113,"height":128},{"type":"bitmap","file":"mcc:_fonts/champion_score_receive/6_end.png","chars":[""],"ascent":113,"height":128},{"type":"bitmap","file":"mcc:_fonts/champion_score_receive/6_loop.png","chars":[""],"ascent":113,"height":128},{"type":"bitmap","file":"mcc:_fonts/champion_score_receive/7_end.png","chars":[""],"ascent":113,"height":128},{"type":"bitmap","file":"mcc:_fonts/champion_score_receive/7_loop.png","chars":[""],"ascent":113,"height":128},{"type":"bitmap","file":"mcc:_fonts/coin_receive/1_start.png","chars":[""],"ascent":113,"height":128},{"type":"bitmap","file":"mcc:_fonts/coin_receive/2_start.png","chars":[""],"ascent":113,"height":128},{"type":"bitmap","file":"mcc:_fonts/coin_receive/3_start.png","chars":[""],"ascent":113,"height":128},{"type":"bitmap","file":"mcc:_fonts/coin_receive/4_end.png","chars":[""],"ascent":113,"height":128},{"type":"bitmap","file":"mcc:_fonts/coin_receive/4_start.png","chars":[""],"ascent":113,"height":128},{"type":"bitmap","file":"mcc:_fonts/coin_receive/5_end.png","chars":[""],"ascent":113,"height":128},{"type":"bitmap","file":"mcc:_fonts/coin_receive/5_loop.png","chars":[""],"ascent":113,"height":128},{"type":"bitmap","file":"mcc:_fonts/coin_receive/6_end.png","chars":[""],"ascent":113,"height":128},{"type":"bitmap","file":"mcc:_fonts/coin_receive/6_loop.png","chars":[""],"ascent":113,"height":128},{"type":"bitmap","file":"mcc:_fonts/coin_receive/7_end.png","chars":[""],"ascent":113,"height":128},{"type":"bitmap","file":"mcc:_fonts/coin_receive/7_loop.png","chars":[""],"ascent":113,"height":128},{"type":"bitmap","file":"mcc:_fonts/currency_counter/angler.png","chars":[""],"ascent":-1,"height":14},{"type":"bitmap","file":"mcc:_fonts/currency_counter/coin.png","chars":[""],"ascent":-1,"height":14},{"type":"bitmap","file":"mcc:_fonts/currency_counter/dust.png","chars":[""],"ascent":-1,"height":14},{"type":"bitmap","file":"mcc:_fonts/currency_counter/empty_big.png","chars":[""],"ascent":-1,"height":14},{"type":"bitmap","file":"mcc:_fonts/currency_counter/empty_normal.png","chars":[""],"ascent":-1,"height":14},{"type":"bitmap","file":"mcc:_fonts/currency_counter/empty_small.png","chars":[""],"ascent":-1,"height":14},{"type":"bitmap","file":"mcc:_fonts/currency_counter/gem.png","chars":[""],"ascent":-1,"height":14},{"type":"bitmap","file":"mcc:_fonts/currency_counter/seasonal.png","chars":[""],"ascent":-1,"height":14},{"type":"bitmap","file":"mcc:_fonts/currency_counter/silver.png","chars":[""],"ascent":-1,"height":14},{"type":"bitmap","file":"mcc:_fonts/dust_receive/1_start.png","chars":[""],"ascent":113,"height":128},{"type":"bitmap","file":"mcc:_fonts/dust_receive/2_start.png","chars":[""],"ascent":113,"height":128},{"type":"bitmap","file":"mcc:_fonts/dust_receive/3_start.png","chars":[""],"ascent":113,"height":128},{"type":"bitmap","file":"mcc:_fonts/dust_receive/4_end.png","chars":[""],"ascent":113,"height":128},{"type":"bitmap","file":"mcc:_fonts/dust_receive/4_start.png","chars":[""],"ascent":113,"height":128},{"type":"bitmap","file":"mcc:_fonts/dust_receive/5_end.png","chars":[""],"ascent":113,"height":128},{"type":"bitmap","file":"mcc:_fonts/dust_receive/5_loop.png","chars":[""],"ascent":113,"height":128},{"type":"bitmap","file":"mcc:_fonts/dust_receive/6_end.png","chars":[""],"ascent":113,"height":128},{"type":"bitmap","file":"mcc:_fonts/dust_receive/6_loop.png","chars":[""],"ascent":113,"height":128},{"type":"bitmap","file":"mcc:_fonts/dust_receive/7_end.png","chars":[""],"ascent":113,"height":128},{"type":"bitmap","file":"mcc:_fonts/dust_receive/7_loop.png","chars":[""],"ascent":113,"height":128},{"type":"bitmap","file":"mcc:_fonts/dynaball.png","chars":[""],"ascent":13,"height":21},{"type":"bitmap","file":"mcc:_fonts/dynaball_ammo/1.png","chars":[""],"ascent":-1,"height":23},{"type":"bitmap","file":"mcc:_fonts/dynaball_ammo/2.png","chars":[""],"ascent":-1,"height":23},{"type":"bitmap","file":"mcc:_fonts/dynaball_ammo/3.png","chars":[""],"ascent":-1,"height":23},{"type":"bitmap","file":"mcc:_fonts/dynaball_ammo/4.png","chars":[""],"ascent":-1,"height":23},{"type":"bitmap","file":"mcc:_fonts/experience_receive/a1.png","chars":[""],"ascent":113,"height":128},{"type":"bitmap","file":"mcc:_fonts/experience_receive/a2.png","chars":[""],"ascent":113,"height":128},{"type":"bitmap","file":"mcc:_fonts/experience_receive/a3.png","chars":[""],"ascent":113,"height":128},{"type":"bitmap","file":"mcc:_fonts/experience_receive/a4.png","chars":[""],"ascent":113,"height":128},{"type":"bitmap","file":"mcc:_fonts/experience_receive/b1.png","chars":[""],"ascent":113,"height":128},{"type":"bitmap","file":"mcc:_fonts/experience_receive/b2.png","chars":[""],"ascent":113,"height":128},{"type":"bitmap","file":"mcc:_fonts/experience_receive/b3.png","chars":[""],"ascent":113,"height":128},{"type":"bitmap","file":"mcc:_fonts/experience_receive/b4.png","chars":[""],"ascent":113,"height":128},{"type":"bitmap","file":"mcc:_fonts/experience_receive/c1.png","chars":[""],"ascent":113,"height":128},{"type":"bitmap","file":"mcc:_fonts/experience_receive/c2.png","chars":[""],"ascent":113,"height":128},{"type":"bitmap","file":"mcc:_fonts/experience_receive/c3.png","chars":[""],"ascent":113,"height":128},{"type":"bitmap","file":"mcc:_fonts/experience_receive/c4.png","chars":[""],"ascent":113,"height":128},{"type":"bitmap","file":"mcc:_fonts/experience_receive/d1.png","chars":[""],"ascent":113,"height":128},{"type":"bitmap","file":"mcc:_fonts/experience_receive/d2.png","chars":[""],"ascent":113,"height":128},{"type":"bitmap","file":"mcc:_fonts/experience_receive/d3.png","chars":[""],"ascent":113,"height":128},{"type":"bitmap","file":"mcc:_fonts/experience_receive/d4.png","chars":[""],"ascent":113,"height":128},{"type":"bitmap","file":"mcc:_fonts/fishing_discovery/1.png","chars":[""],"ascent":113,"height":128},{"type":"bitmap","file":"mcc:_fonts/fishing_discovery/10.png","chars":[""],"ascent":113,"height":128},{"type":"bitmap","file":"mcc:_fonts/fishing_discovery/2.png","chars":[""],"ascent":113,"height":128},{"type":"bitmap","file":"mcc:_fonts/fishing_discovery/3.png","chars":[""],"ascent":113,"height":128},{"type":"bitmap","file":"mcc:_fonts/fishing_discovery/4.png","chars":[""],"ascent":113,"height":128},{"type":"bitmap","file":"mcc:_fonts/fishing_discovery/5.png","chars":[""],"ascent":113,"height":128},{"type":"bitmap","file":"mcc:_fonts/fishing_discovery/6.png","chars":[""],"ascent":113,"height":128},{"type":"bitmap","file":"mcc:_fonts/fishing_discovery/7.png","chars":[""],"ascent":113,"height":128},{"type":"bitmap","file":"mcc:_fonts/fishing_discovery/8.png","chars":[""],"ascent":113,"height":128},{"type":"bitmap","file":"mcc:_fonts/fishing_discovery/9.png","chars":[""],"ascent":113,"height":128},{"type":"bitmap","file":"mcc:_fonts/fishing_discovery/blue/11.png","chars":[""],"ascent":113,"height":128},{"type":"bitmap","file":"mcc:_fonts/fishing_discovery/blue/12.png","chars":[""],"ascent":113,"height":128},{"type":"bitmap","file":"mcc:_fonts/fishing_discovery/blue/13.png","chars":[""],"ascent":113,"height":128},{"type":"bitmap","file":"mcc:_fonts/fishing_discovery/blue/14.png","chars":[""],"ascent":113,"height":128},{"type":"bitmap","file":"mcc:_fonts/fishing_discovery/blue/15.png","chars":[""],"ascent":113,"height":128},{"type":"bitmap","file":"mcc:_fonts/fishing_discovery/blue/16.png","chars":[""],"ascent":113,"height":128},{"type":"bitmap","file":"mcc:_fonts/fishing_discovery/blue/17.png","chars":[""],"ascent":113,"height":128},{"type":"bitmap","file":"mcc:_fonts/fishing_discovery/blue/18.png","chars":[""],"ascent":113,"height":128},{"type":"bitmap","file":"mcc:_fonts/fishing_discovery/blue/19.png","chars":[""],"ascent":113,"height":128},{"type":"bitmap","file":"mcc:_fonts/fishing_discovery/blue/20.png","chars":[""],"ascent":113,"height":128},{"type":"bitmap","file":"mcc:_fonts/fishing_discovery/blue/21.png","chars":[""],"ascent":113,"height":128},{"type":"bitmap","file":"mcc:_fonts/fishing_discovery/blue/22.png","chars":[""],"ascent":113,"height":128},{"type":"bitmap","file":"mcc:_fonts/fishing_discovery/fish/ancient_sands/ancient_fangtooth.png","chars":[""],"ascent":187,"height":224},{"type":"bitmap","file":"mcc:_fonts/fishing_discovery/fish/ancient_sands/ancient_trevally.png","chars":[""],"ascent":187,"height":224},{"type":"bitmap","file":"mcc:_fonts/fishing_discovery/fish/ancient_sands/baked_sunfish.png","chars":[""],"ascent":187,"height":224},{"type":"bitmap","file":"mcc:_fonts/fishing_discovery/fish/ancient_sands/bone_swordfish.png","chars":[""],"ascent":187,"height":224},{"type":"bitmap","file":"mcc:_fonts/fishing_discovery/fish/ancient_sands/cacti_pufferfish.png","chars":[""],"ascent":187,"height":224},{"type":"bitmap","file":"mcc:_fonts/fishing_discovery/fish/ancient_sands/clown_triggerfish.png","chars":[""],"ascent":187,"height":224},{"type":"bitmap","file":"mcc:_fonts/fishing_discovery/fish/ancient_sands/desert_clownfish.png","chars":[""],"ascent":187,"height":224},{"type":"bitmap","file":"mcc:_fonts/fishing_discovery/fish/ancient_sands/desert_mackerel.png","chars":[""],"ascent":187,"height":224},{"type":"bitmap","file":"mcc:_fonts/fishing_discovery/fish/ancient_sands/ghostfin.png","chars":[""],"ascent":187,"height":224},{"type":"bitmap","file":"mcc:_fonts/fishing_discovery/fish/ancient_sands/gobi_goby.png","chars":[""],"ascent":187,"height":224},{"type":"bitmap","file":"mcc:_fonts/fishing_discovery/fish/ancient_sands/moonfin_flounder.png","chars":[""],"ascent":187,"height":224},{"type":"bitmap","file":"mcc:_fonts/fishing_discovery/fish/ancient_sands/royal_gramma.png","chars":[""],"ascent":187,"height":224},{"type":"bitmap","file":"mcc:_fonts/fishing_discovery/fish/ancient_sands/sand_salmon.png","chars":[""],"ascent":187,"height":224},{"type":"bitmap","file":"mcc:_fonts/fishing_discovery/fish/ancient_sands/sand_snook.png","chars":[""],"ascent":187,"height":224},{"type":"bitmap","file":"mcc:_fonts/fishing_discovery/fish/ancient_sands/speckled_grouper.png","chars":[""],"ascent":187,"height":224},{"type":"bitmap","file":"mcc:_fonts/fishing_discovery/fish/ancient_sands/summer_sprat.png","chars":[""],"ascent":187,"height":224},{"type":"bitmap","file":"mcc:_fonts/fishing_discovery/fish/ancient_sands/sunny_sardine.png","chars":[""],"ascent":187,"height":224},{"type":"bitmap","file":"mcc:_fonts/fishing_discovery/fish/ancient_sands/wreckfish.png","chars":[""],"ascent":187,"height":224},{"type":"bitmap","file":"mcc:_fonts/fishing_discovery/fish/ashen_wastes/ashen_gourami.png","chars":[""],"ascent":187,"height":224},{"type":"bitmap","file":"mcc:_fonts/fishing_discovery/fish/ashen_wastes/ashen_grouper.png","chars":[""],"ascent":187,"height":224},{"type":"bitmap","file":"mcc:_fonts/fishing_discovery/fish/ashen_wastes/ashen_sturgeon.png","chars":[""],"ascent":187,"height":224},{"type":"bitmap","file":"mcc:_fonts/fishing_discovery/fish/ashen_wastes/ashen_tuna.png","chars":[""],"ascent":187,"height":224},{"type":"bitmap","file":"mcc:_fonts/fishing_discovery/fish/ashen_wastes/black_velvetfish.png","chars":[""],"ascent":187,"height":224},{"type":"bitmap","file":"mcc:_fonts/fishing_discovery/fish/ashen_wastes/blackmouth_salmon.png","chars":[""],"ascent":187,"height":224},{"type":"bitmap","file":"mcc:_fonts/fishing_discovery/fish/ashen_wastes/boiling_boxfish.png","chars":[""],"ascent":187,"height":224},{"type":"bitmap","file":"mcc:_fonts/fishing_discovery/fish/ashen_wastes/charred_char.png","chars":[""],"ascent":187,"height":224},{"type":"bitmap","file":"mcc:_fonts/fishing_discovery/fish/ashen_wastes/driftfish_raider.png","chars":[""],"ascent":187,"height":224},{"type":"bitmap","file":"mcc:_fonts/fishing_discovery/fish/ashen_wastes/emberpike.png","chars":[""],"ascent":187,"height":224},{"type":"bitmap","file":"mcc:_fonts/fishing_discovery/fish/ashen_wastes/hot_cod.png","chars":[""],"ascent":187,"height":224},{"type":"bitmap","file":"mcc:_fonts/fishing_discovery/fish/ashen_wastes/volcanic_arowana.png","chars":[""],"ascent":187,"height":224},{"type":"bitmap","file":"mcc:_fonts/fishing_discovery/fish/ashen_wastes/volcanic_butterfly_fish.png","chars":[""],"ascent":187,"height":224},{"type":"bitmap","file":"mcc:_fonts/fishing_discovery/fish/ashen_wastes/volcanic_goldfish.png","chars":[""],"ascent":187,"height":224},{"type":"bitmap","file":"mcc:_fonts/fishing_discovery/fish/ashen_wastes/volcanic_piranha.png","chars":[""],"ascent":187,"height":224},{"type":"bitmap","file":"mcc:_fonts/fishing_discovery/fish/ashen_wastes/volcanic_remora.png","chars":[""],"ascent":187,"height":224},{"type":"bitmap","file":"mcc:_fonts/fishing_discovery/fish/ashen_wastes/volcanic_spikefish.png","chars":[""],"ascent":187,"height":224},{"type":"bitmap","file":"mcc:_fonts/fishing_discovery/fish/ashen_wastes/wailing_walleye.png","chars":[""],"ascent":187,"height":224},{"type":"bitmap","file":"mcc:_fonts/fishing_discovery/fish/blazing_canyon/barrockuda.png","chars":[""],"ascent":187,"height":224},{"type":"bitmap","file":"mcc:_fonts/fishing_discovery/fish/blazing_canyon/blazing_betta.png","chars":[""],"ascent":187,"height":224},{"type":"bitmap","file":"mcc:_fonts/fishing_discovery/fish/blazing_canyon/blazing_gourami.png","chars":[""],"ascent":187,"height":224},{"type":"bitmap","file":"mcc:_fonts/fishing_discovery/fish/blazing_canyon/burnt_basa.png","chars":[""],"ascent":187,"height":224},{"type":"bitmap","file":"mcc:_fonts/fishing_discovery/fish/blazing_canyon/canyon_perch.png","chars":[""],"ascent":187,"height":224},{"type":"bitmap","file":"mcc:_fonts/fishing_discovery/fish/blazing_canyon/congo_tetra.png","chars":[""],"ascent":187,"height":224},{"type":"bitmap","file":"mcc:_fonts/fishing_discovery/fish/blazing_canyon/flame_angelfish.png","chars":[""],"ascent":187,"height":224},{"type":"bitmap","file":"mcc:_fonts/fishing_discovery/fish/blazing_canyon/golden_cichlid.png","chars":[""],"ascent":187,"height":224},{"type":"bitmap","file":"mcc:_fonts/fishing_discovery/fish/blazing_canyon/golden_snapper.png","chars":[""],"ascent":187,"height":224},{"type":"bitmap","file":"mcc:_fonts/fishing_discovery/fish/blazing_canyon/golden_trout.png","chars":[""],"ascent":187,"height":224},{"type":"bitmap","file":"mcc:_fonts/fishing_discovery/fish/blazing_canyon/goldfish.png","chars":[""],"ascent":187,"height":224},{"type":"bitmap","file":"mcc:_fonts/fishing_discovery/fish/blazing_canyon/mesa_flounder.png","chars":[""],"ascent":187,"height":224},{"type":"bitmap","file":"mcc:_fonts/fishing_discovery/fish/blazing_canyon/painted_discus.png","chars":[""],"ascent":187,"height":224},{"type":"bitmap","file":"mcc:_fonts/fishing_discovery/fish/blazing_canyon/phoenix_angelfish.png","chars":[""],"ascent":187,"height":224},{"type":"bitmap","file":"mcc:_fonts/fishing_discovery/fish/blazing_canyon/scorpionfish.png","chars":[""],"ascent":187,"height":224},{"type":"bitmap","file":"mcc:_fonts/fishing_discovery/fish/blazing_canyon/solar_mackerel.png","chars":[""],"ascent":187,"height":224},{"type":"bitmap","file":"mcc:_fonts/fishing_discovery/fish/blazing_canyon/sunburnt_goby.png","chars":[""],"ascent":187,"height":224},{"type":"bitmap","file":"mcc:_fonts/fishing_discovery/fish/blazing_canyon/sunburnt_surgeonfish.png","chars":[""],"ascent":187,"height":224},{"type":"bitmap","file":"mcc:_fonts/fishing_discovery/fish/coral_shores/banggai_cardinalfish.png","chars":[""],"ascent":187,"height":224},{"type":"bitmap","file":"mcc:_fonts/fishing_discovery/fish/coral_shores/braincoral_betta.png","chars":[""],"ascent":187,"height":224},{"type":"bitmap","file":"mcc:_fonts/fishing_discovery/fish/coral_shores/coral_angelfish.png","chars":[""],"ascent":187,"height":224},{"type":"bitmap","file":"mcc:_fonts/fishing_discovery/fish/coral_shores/coral_beauty.png","chars":[""],"ascent":187,"height":224},{"type":"bitmap","file":"mcc:_fonts/fishing_discovery/fish/coral_shores/disco_discus.png","chars":[""],"ascent":187,"height":224},{"type":"bitmap","file":"mcc:_fonts/fishing_discovery/fish/coral_shores/gorgonian_grouper.png","chars":[""],"ascent":187,"height":224},{"type":"bitmap","file":"mcc:_fonts/fishing_discovery/fish/coral_shores/hammerhead_haddock.png","chars":[""],"ascent":187,"height":224},{"type":"bitmap","file":"mcc:_fonts/fishing_discovery/fish/coral_shores/mahi_mahi.png","chars":[""],"ascent":187,"height":224},{"type":"bitmap","file":"mcc:_fonts/fishing_discovery/fish/coral_shores/midnight_mbunas.png","chars":[""],"ascent":187,"height":224},{"type":"bitmap","file":"mcc:_fonts/fishing_discovery/fish/coral_shores/neon_tetra.png","chars":[""],"ascent":187,"height":224},{"type":"bitmap","file":"mcc:_fonts/fishing_discovery/fish/coral_shores/ocean_sunfish.png","chars":[""],"ascent":187,"height":224},{"type":"bitmap","file":"mcc:_fonts/fishing_discovery/fish/coral_shores/pearlescent_gourami.png","chars":[""],"ascent":187,"height":224},{"type":"bitmap","file":"mcc:_fonts/fishing_discovery/fish/coral_shores/rainbow_kribensis.png","chars":[""],"ascent":187,"height":224},{"type":"bitmap","file":"mcc:_fonts/fishing_discovery/fish/coral_shores/reef_anchovy.png","chars":[""],"ascent":187,"height":224},{"type":"bitmap","file":"mcc:_fonts/fishing_discovery/fish/coral_shores/serpae_tetra.png","chars":[""],"ascent":187,"height":224},{"type":"bitmap","file":"mcc:_fonts/fishing_discovery/fish/coral_shores/staghorn_flounder.png","chars":[""],"ascent":187,"height":224},{"type":"bitmap","file":"mcc:_fonts/fishing_discovery/fish/coral_shores/sugarload_pufferfish.png","chars":[""],"ascent":187,"height":224},{"type":"bitmap","file":"mcc:_fonts/fishing_discovery/fish/coral_shores/tropical_baracuda.png","chars":[""],"ascent":187,"height":224},{"type":"bitmap","file":"mcc:_fonts/fishing_discovery/fish/crab_collection/anemone_crab.png","chars":[""],"ascent":187,"height":224},{"type":"bitmap","file":"mcc:_fonts/fishing_discovery/fish/crab_collection/ashen_spidercrab.png","chars":[""],"ascent":187,"height":224},{"type":"bitmap","file":"mcc:_fonts/fishing_discovery/fish/crab_collection/blazing_crab.png","chars":[""],"ascent":187,"height":224},{"type":"bitmap","file":"mcc:_fonts/fishing_discovery/fish/crab_collection/boulder_crab.png","chars":[""],"ascent":187,"height":224},{"type":"bitmap","file":"mcc:_fonts/fishing_discovery/fish/crab_collection/boxer_crab.png","chars":[""],"ascent":187,"height":224},{"type":"bitmap","file":"mcc:_fonts/fishing_discovery/fish/crab_collection/bubble_crab.png","chars":[""],"ascent":187,"height":224},{"type":"bitmap","file":"mcc:_fonts/fishing_discovery/fish/crab_collection/celestial_crab.png","chars":[""],"ascent":187,"height":224},{"type":"bitmap","file":"mcc:_fonts/fishing_discovery/fish/crab_collection/cinder_crab.png","chars":[""],"ascent":187,"height":224},{"type":"bitmap","file":"mcc:_fonts/fishing_discovery/fish/crab_collection/claw_crab.png","chars":[""],"ascent":187,"height":224},{"type":"bitmap","file":"mcc:_fonts/fishing_discovery/fish/crab_collection/cluster_crab.png","chars":[""],"ascent":187,"height":224},{"type":"bitmap","file":"mcc:_fonts/fishing_discovery/fish/crab_collection/coal_crab.png","chars":[""],"ascent":187,"height":224},{"type":"bitmap","file":"mcc:_fonts/fishing_discovery/fish/crab_collection/coconut_crab.png","chars":[""],"ascent":187,"height":224},{"type":"bitmap","file":"mcc:_fonts/fishing_discovery/fish/crab_collection/coral_crab.png","chars":[""],"ascent":187,"height":224},{"type":"bitmap","file":"mcc:_fonts/fishing_discovery/fish/crab_collection/cremini_crab.png","chars":[""],"ascent":187,"height":224},{"type":"bitmap","file":"mcc:_fonts/fishing_discovery/fish/crab_collection/cursed_crab.png","chars":[""],"ascent":187,"height":224},{"type":"bitmap","file":"mcc:_fonts/fishing_discovery/fish/crab_collection/fairy_crab.png","chars":[""],"ascent":187,"height":224},{"type":"bitmap","file":"mcc:_fonts/fishing_discovery/fish/crab_collection/floaty_crab.png","chars":[""],"ascent":187,"height":224},{"type":"bitmap","file":"mcc:_fonts/fishing_discovery/fish/crab_collection/floral_crab.png","chars":[""],"ascent":187,"height":224},{"type":"bitmap","file":"mcc:_fonts/fishing_discovery/fish/crab_collection/ghostly_crab.png","chars":[""],"ascent":187,"height":224},{"type":"bitmap","file":"mcc:_fonts/fishing_discovery/fish/crab_collection/grave_crab.png","chars":[""],"ascent":187,"height":224},{"type":"bitmap","file":"mcc:_fonts/fishing_discovery/fish/crab_collection/horseshoe_crab.png","chars":[""],"ascent":187,"height":224},{"type":"bitmap","file":"mcc:_fonts/fishing_discovery/fish/crab_collection/mosaic_crab.png","chars":[""],"ascent":187,"height":224},{"type":"bitmap","file":"mcc:_fonts/fishing_discovery/fish/crab_collection/mossy_crab.png","chars":[""],"ascent":187,"height":224},{"type":"bitmap","file":"mcc:_fonts/fishing_discovery/fish/crab_collection/mud_crab.png","chars":[""],"ascent":187,"height":224},{"type":"bitmap","file":"mcc:_fonts/fishing_discovery/fish/crab_collection/oilspill_crab.png","chars":[""],"ascent":187,"height":224},{"type":"bitmap","file":"mcc:_fonts/fishing_discovery/fish/crab_collection/orange_crab.png","chars":[""],"ascent":187,"height":224},{"type":"bitmap","file":"mcc:_fonts/fishing_discovery/fish/crab_collection/peekytoe_crab.png","chars":[""],"ascent":187,"height":224},{"type":"bitmap","file":"mcc:_fonts/fishing_discovery/fish/crab_collection/pineapple_crab.png","chars":[""],"ascent":187,"height":224},{"type":"bitmap","file":"mcc:_fonts/fishing_discovery/fish/crab_collection/prismarine_crab.png","chars":[""],"ascent":187,"height":224},{"type":"bitmap","file":"mcc:_fonts/fishing_discovery/fish/crab_collection/queen_crab.png","chars":[""],"ascent":187,"height":224},{"type":"bitmap","file":"mcc:_fonts/fishing_discovery/fish/crab_collection/runic_crab.png","chars":[""],"ascent":187,"height":224},{"type":"bitmap","file":"mcc:_fonts/fishing_discovery/fish/crab_collection/sandking_crab.png","chars":[""],"ascent":187,"height":224},{"type":"bitmap","file":"mcc:_fonts/fishing_discovery/fish/crab_collection/sandy_crab.png","chars":[""],"ascent":187,"height":224},{"type":"bitmap","file":"mcc:_fonts/fishing_discovery/fish/crab_collection/scarab_crab.png","chars":[""],"ascent":187,"height":224},{"type":"bitmap","file":"mcc:_fonts/fishing_discovery/fish/crab_collection/scorpion_crab.png","chars":[""],"ascent":187,"height":224},{"type":"bitmap","file":"mcc:_fonts/fishing_discovery/fish/crab_collection/shimmer_crab.png","chars":[""],"ascent":187,"height":224},{"type":"bitmap","file":"mcc:_fonts/fishing_discovery/fish/crab_collection/spiney_crab.png","chars":[""],"ascent":187,"height":224},{"type":"bitmap","file":"mcc:_fonts/fishing_discovery/fish/crab_collection/spore_crab.png","chars":[""],"ascent":187,"height":224},{"type":"bitmap","file":"mcc:_fonts/fishing_discovery/fish/crab_collection/spotted_crab.png","chars":[""],"ascent":187,"height":224},{"type":"bitmap","file":"mcc:_fonts/fishing_discovery/fish/crab_collection/thorny_crab.png","chars":[""],"ascent":187,"height":224},{"type":"bitmap","file":"mcc:_fonts/fishing_discovery/fish/crab_collection/twisted_spidercrab.png","chars":[""],"ascent":187,"height":224},{"type":"bitmap","file":"mcc:_fonts/fishing_discovery/fish/crab_collection/vampire_crab.png","chars":[""],"ascent":187,"height":224},{"type":"bitmap","file":"mcc:_fonts/fishing_discovery/fish/dark_grove/arapaima.png","chars":[""],"ascent":187,"height":224},{"type":"bitmap","file":"mcc:_fonts/fishing_discovery/fish/dark_grove/emperor_angelfish.png","chars":[""],"ascent":187,"height":224},{"type":"bitmap","file":"mcc:_fonts/fishing_discovery/fish/dark_grove/frilled_mackerel.png","chars":[""],"ascent":187,"height":224},{"type":"bitmap","file":"mcc:_fonts/fishing_discovery/fish/dark_grove/fungal_flounder.png","chars":[""],"ascent":187,"height":224},{"type":"bitmap","file":"mcc:_fonts/fishing_discovery/fish/dark_grove/fungal_salmon.png","chars":[""],"ascent":187,"height":224},{"type":"bitmap","file":"mcc:_fonts/fishing_discovery/fish/dark_grove/fungal_tarpon.png","chars":[""],"ascent":187,"height":224},{"type":"bitmap","file":"mcc:_fonts/fishing_discovery/fish/dark_grove/grove_baracuda.png","chars":[""],"ascent":187,"height":224},{"type":"bitmap","file":"mcc:_fonts/fishing_discovery/fish/dark_grove/grove_cod.png","chars":[""],"ascent":187,"height":224},{"type":"bitmap","file":"mcc:_fonts/fishing_discovery/fish/dark_grove/hodhedge_fish.png","chars":[""],"ascent":187,"height":224},{"type":"bitmap","file":"mcc:_fonts/fishing_discovery/fish/dark_grove/midnight_gourami.png","chars":[""],"ascent":187,"height":224},{"type":"bitmap","file":"mcc:_fonts/fishing_discovery/fish/dark_grove/midnight_tang.png","chars":[""],"ascent":187,"height":224},{"type":"bitmap","file":"mcc:_fonts/fishing_discovery/fish/dark_grove/nightmare_marlin.png","chars":[""],"ascent":187,"height":224},{"type":"bitmap","file":"mcc:_fonts/fishing_discovery/fish/dark_grove/portobello_grouper.png","chars":[""],"ascent":187,"height":224},{"type":"bitmap","file":"mcc:_fonts/fishing_discovery/fish/dark_grove/queenfish.png","chars":[""],"ascent":187,"height":224},{"type":"bitmap","file":"mcc:_fonts/fishing_discovery/fish/dark_grove/snaggletooth_gar.png","chars":[""],"ascent":187,"height":224},{"type":"bitmap","file":"mcc:_fonts/fishing_discovery/fish/dark_grove/sprout_trout.png","chars":[""],"ascent":187,"height":224},{"type":"bitmap","file":"mcc:_fonts/fishing_discovery/fish/dark_grove/troutarium.png","chars":[""],"ascent":187,"height":224},{"type":"bitmap","file":"mcc:_fonts/fishing_discovery/fish/dark_grove/walking_catfish.png","chars":[""],"ascent":187,"height":224},{"type":"bitmap","file":"mcc:_fonts/fishing_discovery/fish/desert_ruins/ancient_fangtooth.png","chars":[""],"ascent":187,"height":224},{"type":"bitmap","file":"mcc:_fonts/fishing_discovery/fish/desert_ruins/ancient_trevally.png","chars":[""],"ascent":187,"height":224},{"type":"bitmap","file":"mcc:_fonts/fishing_discovery/fish/desert_ruins/baked_sunfish.png","chars":[""],"ascent":187,"height":224},{"type":"bitmap","file":"mcc:_fonts/fishing_discovery/fish/desert_ruins/bone_swordfish.png","chars":[""],"ascent":187,"height":224},{"type":"bitmap","file":"mcc:_fonts/fishing_discovery/fish/desert_ruins/cacti_pufferfish.png","chars":[""],"ascent":187,"height":224},{"type":"bitmap","file":"mcc:_fonts/fishing_discovery/fish/desert_ruins/desert_goldfish.png","chars":[""],"ascent":187,"height":224},{"type":"bitmap","file":"mcc:_fonts/fishing_discovery/fish/desert_ruins/desert_mackerel.png","chars":[""],"ascent":187,"height":224},{"type":"bitmap","file":"mcc:_fonts/fishing_discovery/fish/desert_ruins/gobi_goby.png","chars":[""],"ascent":187,"height":224},{"type":"bitmap","file":"mcc:_fonts/fishing_discovery/fish/desert_ruins/moonfish_flounder.png","chars":[""],"ascent":187,"height":224},{"type":"bitmap","file":"mcc:_fonts/fishing_discovery/fish/desert_ruins/royal_gramma.png","chars":[""],"ascent":187,"height":224},{"type":"bitmap","file":"mcc:_fonts/fishing_discovery/fish/desert_ruins/sand_salmon.png","chars":[""],"ascent":187,"height":224},{"type":"bitmap","file":"mcc:_fonts/fishing_discovery/fish/desert_ruins/sand_snook.png","chars":[""],"ascent":187,"height":224},{"type":"bitmap","file":"mcc:_fonts/fishing_discovery/fish/desert_ruins/speckled_grouper.png","chars":[""],"ascent":187,"height":224},{"type":"bitmap","file":"mcc:_fonts/fishing_discovery/fish/desert_ruins/sunburnt_goby.png","chars":[""],"ascent":187,"height":224},{"type":"bitmap","file":"mcc:_fonts/fishing_discovery/fish/desert_ruins/sunny_sardine.png","chars":[""],"ascent":187,"height":224},{"type":"bitmap","file":"mcc:_fonts/fishing_discovery/fish/floral_forest/blossom_betta.png","chars":[""],"ascent":187,"height":224},{"type":"bitmap","file":"mcc:_fonts/fishing_discovery/fish/floral_forest/clover_koi.png","chars":[""],"ascent":187,"height":224},{"type":"bitmap","file":"mcc:_fonts/fishing_discovery/fish/floral_forest/dahliafish.png","chars":[""],"ascent":187,"height":224},{"type":"bitmap","file":"mcc:_fonts/fishing_discovery/fish/floral_forest/daisy_pike.png","chars":[""],"ascent":187,"height":224},{"type":"bitmap","file":"mcc:_fonts/fishing_discovery/fish/floral_forest/floral_anchovy.png","chars":[""],"ascent":187,"height":224},{"type":"bitmap","file":"mcc:_fonts/fishing_discovery/fish/floral_forest/flowerhorn_cichlid.png","chars":[""],"ascent":187,"height":224},{"type":"bitmap","file":"mcc:_fonts/fishing_discovery/fish/floral_forest/giant_treevalley.png","chars":[""],"ascent":187,"height":224},{"type":"bitmap","file":"mcc:_fonts/fishing_discovery/fish/floral_forest/lavender_leatherneck.png","chars":[""],"ascent":187,"height":224},{"type":"bitmap","file":"mcc:_fonts/fishing_discovery/fish/floral_forest/lime_sole.png","chars":[""],"ascent":187,"height":224},{"type":"bitmap","file":"mcc:_fonts/fishing_discovery/fish/floral_forest/lotus_tuna.png","chars":[""],"ascent":187,"height":224},{"type":"bitmap","file":"mcc:_fonts/fishing_discovery/fish/floral_forest/maple_fangtooth.png","chars":[""],"ascent":187,"height":224},{"type":"bitmap","file":"mcc:_fonts/fishing_discovery/fish/floral_forest/napoleonfish.png","chars":[""],"ascent":187,"height":224},{"type":"bitmap","file":"mcc:_fonts/fishing_discovery/fish/floral_forest/olive_flounder.png","chars":[""],"ascent":187,"height":224},{"type":"bitmap","file":"mcc:_fonts/fishing_discovery/fish/floral_forest/peacock_cichlid.png","chars":[""],"ascent":187,"height":224},{"type":"bitmap","file":"mcc:_fonts/fishing_discovery/fish/floral_forest/poppy_clownfish.png","chars":[""],"ascent":187,"height":224},{"type":"bitmap","file":"mcc:_fonts/fishing_discovery/fish/floral_forest/rainbow_trout.png","chars":[""],"ascent":187,"height":224},{"type":"bitmap","file":"mcc:_fonts/fishing_discovery/fish/floral_forest/temperate_remora.png","chars":[""],"ascent":187,"height":224},{"type":"bitmap","file":"mcc:_fonts/fishing_discovery/fish/floral_forest/tulapia.png","chars":[""],"ascent":187,"height":224},{"type":"bitmap","file":"mcc:_fonts/fishing_discovery/fish/mirrored_oasis/coral_cod.png","chars":[""],"ascent":187,"height":224},{"type":"bitmap","file":"mcc:_fonts/fishing_discovery/fish/mirrored_oasis/cosmic_cod.png","chars":[""],"ascent":187,"height":224},{"type":"bitmap","file":"mcc:_fonts/fishing_discovery/fish/mirrored_oasis/crystalline_cod.png","chars":[""],"ascent":187,"height":224},{"type":"bitmap","file":"mcc:_fonts/fishing_discovery/fish/mirrored_oasis/diamond_oarfish.png","chars":[""],"ascent":187,"height":224},{"type":"bitmap","file":"mcc:_fonts/fishing_discovery/fish/mirrored_oasis/faint_pike.png","chars":[""],"ascent":187,"height":224},{"type":"bitmap","file":"mcc:_fonts/fishing_discovery/fish/mirrored_oasis/glass_pike.png","chars":[""],"ascent":187,"height":224},{"type":"bitmap","file":"mcc:_fonts/fishing_discovery/fish/mirrored_oasis/golden_tuna.png","chars":[""],"ascent":187,"height":224},{"type":"bitmap","file":"mcc:_fonts/fishing_discovery/fish/mirrored_oasis/midnight_koi.png","chars":[""],"ascent":187,"height":224},{"type":"bitmap","file":"mcc:_fonts/fishing_discovery/fish/mirrored_oasis/midnight_sprat.png","chars":[""],"ascent":187,"height":224},{"type":"bitmap","file":"mcc:_fonts/fishing_discovery/fish/mirrored_oasis/mirrored_mahi.png","chars":[""],"ascent":187,"height":224},{"type":"bitmap","file":"mcc:_fonts/fishing_discovery/fish/mirrored_oasis/mosaic_guppy.png","chars":[""],"ascent":187,"height":224},{"type":"bitmap","file":"mcc:_fonts/fishing_discovery/fish/mirrored_oasis/obsidian_guppy.png","chars":[""],"ascent":187,"height":224},{"type":"bitmap","file":"mcc:_fonts/fishing_discovery/fish/mirrored_oasis/pearlescent_betta.png","chars":[""],"ascent":187,"height":224},{"type":"bitmap","file":"mcc:_fonts/fishing_discovery/fish/mirrored_oasis/rose_goldfish.png","chars":[""],"ascent":187,"height":224},{"type":"bitmap","file":"mcc:_fonts/fishing_discovery/fish/mirrored_oasis/ruby_remora.png","chars":[""],"ascent":187,"height":224},{"type":"bitmap","file":"mcc:_fonts/fishing_discovery/fish/mirrored_oasis/sapphire_salmon.png","chars":[""],"ascent":187,"height":224},{"type":"bitmap","file":"mcc:_fonts/fishing_discovery/fish/mirrored_oasis/silver_snook.png","chars":[""],"ascent":187,"height":224},{"type":"bitmap","file":"mcc:_fonts/fishing_discovery/fish/mirrored_oasis/treasured_tilapia.png","chars":[""],"ascent":187,"height":224},{"type":"bitmap","file":"mcc:_fonts/fishing_discovery/fish/sunken_swamp/ancient_snapper.png","chars":[""],"ascent":187,"height":224},{"type":"bitmap","file":"mcc:_fonts/fishing_discovery/fish/sunken_swamp/boggy_bass.png","chars":[""],"ascent":187,"height":224},{"type":"bitmap","file":"mcc:_fonts/fishing_discovery/fish/sunken_swamp/everglade_gourami.png","chars":[""],"ascent":187,"height":224},{"type":"bitmap","file":"mcc:_fonts/fishing_discovery/fish/sunken_swamp/fern_flounder.png","chars":[""],"ascent":187,"height":224},{"type":"bitmap","file":"mcc:_fonts/fishing_discovery/fish/sunken_swamp/floodfish.png","chars":[""],"ascent":187,"height":224},{"type":"bitmap","file":"mcc:_fonts/fishing_discovery/fish/sunken_swamp/gloopy_gar.png","chars":[""],"ascent":187,"height":224},{"type":"bitmap","file":"mcc:_fonts/fishing_discovery/fish/sunken_swamp/glowberry_guppy.png","chars":[""],"ascent":187,"height":224},{"type":"bitmap","file":"mcc:_fonts/fishing_discovery/fish/sunken_swamp/greengill.png","chars":[""],"ascent":187,"height":224},{"type":"bitmap","file":"mcc:_fonts/fishing_discovery/fish/sunken_swamp/lemon_sole.png","chars":[""],"ascent":187,"height":224},{"type":"bitmap","file":"mcc:_fonts/fishing_discovery/fish/sunken_swamp/mutated_marlin.png","chars":[""],"ascent":187,"height":224},{"type":"bitmap","file":"mcc:_fonts/fishing_discovery/fish/sunken_swamp/overgrown_grouper.png","chars":[""],"ascent":187,"height":224},{"type":"bitmap","file":"mcc:_fonts/fishing_discovery/fish/sunken_swamp/pale_minnow.png","chars":[""],"ascent":187,"height":224},{"type":"bitmap","file":"mcc:_fonts/fishing_discovery/fish/sunken_swamp/quagmire_catfish.png","chars":[""],"ascent":187,"height":224},{"type":"bitmap","file":"mcc:_fonts/fishing_discovery/fish/sunken_swamp/rusted_pike.png","chars":[""],"ascent":187,"height":224},{"type":"bitmap","file":"mcc:_fonts/fishing_discovery/fish/sunken_swamp/shardine.png","chars":[""],"ascent":187,"height":224},{"type":"bitmap","file":"mcc:_fonts/fishing_discovery/fish/sunken_swamp/sunken_knifejaw.png","chars":[""],"ascent":187,"height":224},{"type":"bitmap","file":"mcc:_fonts/fishing_discovery/fish/sunken_swamp/sunken_koi.png","chars":[""],"ascent":187,"height":224},{"type":"bitmap","file":"mcc:_fonts/fishing_discovery/fish/sunken_swamp/swampy_betta.png","chars":[""],"ascent":187,"height":224},{"type":"bitmap","file":"mcc:_fonts/fishing_discovery/fish/tropical_undergrowth/binding_jellyfish.png","chars":[""],"ascent":187,"height":224},{"type":"bitmap","file":"mcc:_fonts/fishing_discovery/fish/tropical_undergrowth/bluegill.png","chars":[""],"ascent":187,"height":224},{"type":"bitmap","file":"mcc:_fonts/fishing_discovery/fish/tropical_undergrowth/butterfly_fish.png","chars":[""],"ascent":187,"height":224},{"type":"bitmap","file":"mcc:_fonts/fishing_discovery/fish/tropical_undergrowth/daintree_guppy.png","chars":[""],"ascent":187,"height":224},{"type":"bitmap","file":"mcc:_fonts/fishing_discovery/fish/tropical_undergrowth/emerald_jewelfish.png","chars":[""],"ascent":187,"height":224},{"type":"bitmap","file":"mcc:_fonts/fishing_discovery/fish/tropical_undergrowth/jagged_zebrafish.png","chars":[""],"ascent":187,"height":224},{"type":"bitmap","file":"mcc:_fonts/fishing_discovery/fish/tropical_undergrowth/jungle_clownfish.png","chars":[""],"ascent":187,"height":224},{"type":"bitmap","file":"mcc:_fonts/fishing_discovery/fish/tropical_undergrowth/jungle_fangtooth.png","chars":[""],"ascent":187,"height":224},{"type":"bitmap","file":"mcc:_fonts/fishing_discovery/fish/tropical_undergrowth/parrotfish.png","chars":[""],"ascent":187,"height":224},{"type":"bitmap","file":"mcc:_fonts/fishing_discovery/fish/tropical_undergrowth/pineapple_piranha.png","chars":[""],"ascent":187,"height":224},{"type":"bitmap","file":"mcc:_fonts/fishing_discovery/fish/tropical_undergrowth/red_snapper.png","chars":[""],"ascent":187,"height":224},{"type":"bitmap","file":"mcc:_fonts/fishing_discovery/fish/tropical_undergrowth/sinharaja_salmon.png","chars":[""],"ascent":187,"height":224},{"type":"bitmap","file":"mcc:_fonts/fishing_discovery/fish/tropical_undergrowth/surgeonfish.png","chars":[""],"ascent":187,"height":224},{"type":"bitmap","file":"mcc:_fonts/fishing_discovery/fish/tropical_undergrowth/tiger_mackerel.png","chars":[""],"ascent":187,"height":224},{"type":"bitmap","file":"mcc:_fonts/fishing_discovery/fish/tropical_undergrowth/viney_perch.png","chars":[""],"ascent":187,"height":224},{"type":"bitmap","file":"mcc:_fonts/fishing_discovery/fish/tropical_undergrowth/viperfish.png","chars":[""],"ascent":187,"height":224},{"type":"bitmap","file":"mcc:_fonts/fishing_discovery/fish/tropical_undergrowth/zebra_turkeyfish.png","chars":[""],"ascent":187,"height":224},{"type":"bitmap","file":"mcc:_fonts/fishing_discovery/fish/tropical_undergrowth/zebrafish.png","chars":[""],"ascent":187,"height":224},{"type":"bitmap","file":"mcc:_fonts/fishing_discovery/fish/twisted_swamp/alligator_gar.png","chars":[""],"ascent":187,"height":224},{"type":"bitmap","file":"mcc:_fonts/fishing_discovery/fish/twisted_swamp/autumn_sprat.png","chars":[""],"ascent":187,"height":224},{"type":"bitmap","file":"mcc:_fonts/fishing_discovery/fish/twisted_swamp/barred_knifejaw.png","chars":[""],"ascent":187,"height":224},{"type":"bitmap","file":"mcc:_fonts/fishing_discovery/fish/twisted_swamp/gloom_mullet.png","chars":[""],"ascent":187,"height":224},{"type":"bitmap","file":"mcc:_fonts/fishing_discovery/fish/twisted_swamp/gloopy_goldfish.png","chars":[""],"ascent":187,"height":224},{"type":"bitmap","file":"mcc:_fonts/fishing_discovery/fish/twisted_swamp/goliath_tigerfish.png","chars":[""],"ascent":187,"height":224},{"type":"bitmap","file":"mcc:_fonts/fishing_discovery/fish/twisted_swamp/grave_gudgeon.png","chars":[""],"ascent":187,"height":224},{"type":"bitmap","file":"mcc:_fonts/fishing_discovery/fish/twisted_swamp/green_terror_cichlid.png","chars":[""],"ascent":187,"height":224},{"type":"bitmap","file":"mcc:_fonts/fishing_discovery/fish/twisted_swamp/mimifry.png","chars":[""],"ascent":187,"height":224},{"type":"bitmap","file":"mcc:_fonts/fishing_discovery/fish/twisted_swamp/mud_minnow.png","chars":[""],"ascent":187,"height":224},{"type":"bitmap","file":"mcc:_fonts/fishing_discovery/fish/twisted_swamp/mud_pike.png","chars":[""],"ascent":187,"height":224},{"type":"bitmap","file":"mcc:_fonts/fishing_discovery/fish/twisted_swamp/mudfin_catfish.png","chars":[""],"ascent":187,"height":224},{"type":"bitmap","file":"mcc:_fonts/fishing_discovery/fish/twisted_swamp/ocean_moonfish.png","chars":[""],"ascent":187,"height":224},{"type":"bitmap","file":"mcc:_fonts/fishing_discovery/fish/twisted_swamp/snake_mackerel.png","chars":[""],"ascent":187,"height":224},{"type":"bitmap","file":"mcc:_fonts/fishing_discovery/fish/twisted_swamp/tiny_mudskipper.png","chars":[""],"ascent":187,"height":224},{"type":"bitmap","file":"mcc:_fonts/fishing_discovery/fish/twisted_swamp/twisted_fangtooth.png","chars":[""],"ascent":187,"height":224},{"type":"bitmap","file":"mcc:_fonts/fishing_discovery/fish/twisted_swamp/twisted_koi.png","chars":[""],"ascent":187,"height":224},{"type":"bitmap","file":"mcc:_fonts/fishing_discovery/fish/twisted_swamp/twisted_sturgeon.png","chars":[""],"ascent":187,"height":224},{"type":"bitmap","file":"mcc:_fonts/fishing_discovery/fish/verdant_woods/arowana.png","chars":[""],"ascent":187,"height":224},{"type":"bitmap","file":"mcc:_fonts/fishing_discovery/fish/verdant_woods/black_bat_bass.png","chars":[""],"ascent":187,"height":224},{"type":"bitmap","file":"mcc:_fonts/fishing_discovery/fish/verdant_woods/branch_snapper.png","chars":[""],"ascent":187,"height":224},{"type":"bitmap","file":"mcc:_fonts/fishing_discovery/fish/verdant_woods/dorado.png","chars":[""],"ascent":187,"height":224},{"type":"bitmap","file":"mcc:_fonts/fishing_discovery/fish/verdant_woods/fairy_goldfish.png","chars":[""],"ascent":187,"height":224},{"type":"bitmap","file":"mcc:_fonts/fishing_discovery/fish/verdant_woods/forest_cod.png","chars":[""],"ascent":187,"height":224},{"type":"bitmap","file":"mcc:_fonts/fishing_discovery/fish/verdant_woods/foxfish.png","chars":[""],"ascent":187,"height":224},{"type":"bitmap","file":"mcc:_fonts/fishing_discovery/fish/verdant_woods/mossy_mackerel.png","chars":[""],"ascent":187,"height":224},{"type":"bitmap","file":"mcc:_fonts/fishing_discovery/fish/verdant_woods/mossy_mullet.png","chars":[""],"ascent":187,"height":224},{"type":"bitmap","file":"mcc:_fonts/fishing_discovery/fish/verdant_woods/plain_goby.png","chars":[""],"ascent":187,"height":224},{"type":"bitmap","file":"mcc:_fonts/fishing_discovery/fish/verdant_woods/spring_sprat.png","chars":[""],"ascent":187,"height":224},{"type":"bitmap","file":"mcc:_fonts/fishing_discovery/fish/verdant_woods/stone_carp.png","chars":[""],"ascent":187,"height":224},{"type":"bitmap","file":"mcc:_fonts/fishing_discovery/fish/verdant_woods/stone_salmon.png","chars":[""],"ascent":187,"height":224},{"type":"bitmap","file":"mcc:_fonts/fishing_discovery/fish/verdant_woods/stringfish.png","chars":[""],"ascent":187,"height":224},{"type":"bitmap","file":"mcc:_fonts/fishing_discovery/fish/verdant_woods/sunset_fish.png","chars":[""],"ascent":187,"height":224},{"type":"bitmap","file":"mcc:_fonts/fishing_discovery/fish/verdant_woods/tarnished_goldfish.png","chars":[""],"ascent":187,"height":224},{"type":"bitmap","file":"mcc:_fonts/fishing_discovery/fish/verdant_woods/tilapia.png","chars":[""],"ascent":187,"height":224},{"type":"bitmap","file":"mcc:_fonts/fishing_discovery/fish/verdant_woods/tree_perch.png","chars":[""],"ascent":187,"height":224},{"type":"bitmap","file":"mcc:_fonts/fishing_discovery/fish/volcanic_springs/ashen_goliath.png","chars":[""],"ascent":187,"height":224},{"type":"bitmap","file":"mcc:_fonts/fishing_discovery/fish/volcanic_springs/ashen_koi.png","chars":[""],"ascent":187,"height":224},{"type":"bitmap","file":"mcc:_fonts/fishing_discovery/fish/volcanic_springs/ashen_tilapia.png","chars":[""],"ascent":187,"height":224},{"type":"bitmap","file":"mcc:_fonts/fishing_discovery/fish/volcanic_springs/basalt_discus.png","chars":[""],"ascent":187,"height":224},{"type":"bitmap","file":"mcc:_fonts/fishing_discovery/fish/volcanic_springs/coal_cod.png","chars":[""],"ascent":187,"height":224},{"type":"bitmap","file":"mcc:_fonts/fishing_discovery/fish/volcanic_springs/dark_ocean_salmonidae.png","chars":[""],"ascent":187,"height":224},{"type":"bitmap","file":"mcc:_fonts/fishing_discovery/fish/volcanic_springs/flying_flashfish.png","chars":[""],"ascent":187,"height":224},{"type":"bitmap","file":"mcc:_fonts/fishing_discovery/fish/volcanic_springs/geyser_gudgeon.png","chars":[""],"ascent":187,"height":224},{"type":"bitmap","file":"mcc:_fonts/fishing_discovery/fish/volcanic_springs/heated_haddock.png","chars":[""],"ascent":187,"height":224},{"type":"bitmap","file":"mcc:_fonts/fishing_discovery/fish/volcanic_springs/lava_goby.png","chars":[""],"ascent":187,"height":224},{"type":"bitmap","file":"mcc:_fonts/fishing_discovery/fish/volcanic_springs/molten_anchovy.png","chars":[""],"ascent":187,"height":224},{"type":"bitmap","file":"mcc:_fonts/fishing_discovery/fish/volcanic_springs/molten_goldfish.png","chars":[""],"ascent":187,"height":224},{"type":"bitmap","file":"mcc:_fonts/fishing_discovery/fish/volcanic_springs/molten_triggerfish.png","chars":[""],"ascent":187,"height":224},{"type":"bitmap","file":"mcc:_fonts/fishing_discovery/fish/volcanic_springs/pompeii_pompano.png","chars":[""],"ascent":187,"height":224},{"type":"bitmap","file":"mcc:_fonts/fishing_discovery/fish/volcanic_springs/scalding_mullet.png","chars":[""],"ascent":187,"height":224},{"type":"bitmap","file":"mcc:_fonts/fishing_discovery/fish/volcanic_springs/torch_tarpon.png","chars":[""],"ascent":187,"height":224},{"type":"bitmap","file":"mcc:_fonts/fishing_discovery/fish/volcanic_springs/volcanic_surgeonfish.png","chars":[""],"ascent":187,"height":224},{"type":"bitmap","file":"mcc:_fonts/fishing_discovery/fish/volcanic_springs/wobbegong_fish.png","chars":[""],"ascent":187,"height":224},{"type":"bitmap","file":"mcc:_fonts/fishing_discovery/orange/11.png","chars":[""],"ascent":113,"height":128},{"type":"bitmap","file":"mcc:_fonts/fishing_discovery/orange/12.png","chars":[""],"ascent":113,"height":128},{"type":"bitmap","file":"mcc:_fonts/fishing_discovery/orange/13.png","chars":[""],"ascent":113,"height":128},{"type":"bitmap","file":"mcc:_fonts/fishing_discovery/orange/14.png","chars":[""],"ascent":113,"height":128},{"type":"bitmap","file":"mcc:_fonts/fishing_discovery/orange/15.png","chars":[""],"ascent":113,"height":128},{"type":"bitmap","file":"mcc:_fonts/fishing_discovery/orange/16.png","chars":[""],"ascent":113,"height":128},{"type":"bitmap","file":"mcc:_fonts/fishing_discovery/orange/17.png","chars":[""],"ascent":113,"height":128},{"type":"bitmap","file":"mcc:_fonts/fishing_discovery/orange/18.png","chars":[""],"ascent":113,"height":128},{"type":"bitmap","file":"mcc:_fonts/fishing_discovery/orange/19.png","chars":[""],"ascent":113,"height":128},{"type":"bitmap","file":"mcc:_fonts/fishing_discovery/orange/20.png","chars":[""],"ascent":113,"height":128},{"type":"bitmap","file":"mcc:_fonts/fishing_discovery/orange/21.png","chars":[""],"ascent":113,"height":128},{"type":"bitmap","file":"mcc:_fonts/fishing_discovery/orange/22.png","chars":[""],"ascent":113,"height":128},{"type":"bitmap","file":"mcc:_fonts/fishing_discovery/purple/11.png","chars":[""],"ascent":113,"height":128},{"type":"bitmap","file":"mcc:_fonts/fishing_discovery/purple/12.png","chars":[""],"ascent":113,"height":128},{"type":"bitmap","file":"mcc:_fonts/fishing_discovery/purple/13.png","chars":[""],"ascent":113,"height":128},{"type":"bitmap","file":"mcc:_fonts/fishing_discovery/purple/14.png","chars":[""],"ascent":113,"height":128},{"type":"bitmap","file":"mcc:_fonts/fishing_discovery/purple/15.png","chars":[""],"ascent":113,"height":128},{"type":"bitmap","file":"mcc:_fonts/fishing_discovery/purple/16.png","chars":[""],"ascent":113,"height":128},{"type":"bitmap","file":"mcc:_fonts/fishing_discovery/purple/17.png","chars":[""],"ascent":113,"height":128},{"type":"bitmap","file":"mcc:_fonts/fishing_discovery/purple/18.png","chars":[""],"ascent":113,"height":128},{"type":"bitmap","file":"mcc:_fonts/fishing_discovery/purple/19.png","chars":[""],"ascent":113,"height":128},{"type":"bitmap","file":"mcc:_fonts/fishing_discovery/purple/20.png","chars":[""],"ascent":113,"height":128},{"type":"bitmap","file":"mcc:_fonts/fishing_discovery/purple/21.png","chars":[""],"ascent":113,"height":128},{"type":"bitmap","file":"mcc:_fonts/fishing_discovery/purple/22.png","chars":[""],"ascent":113,"height":128},{"type":"bitmap","file":"mcc:_fonts/fishing_discovery/red/11.png","chars":[""],"ascent":113,"height":128},{"type":"bitmap","file":"mcc:_fonts/fishing_discovery/red/12.png","chars":[""],"ascent":113,"height":128},{"type":"bitmap","file":"mcc:_fonts/fishing_discovery/red/13.png","chars":[""],"ascent":113,"height":128},{"type":"bitmap","file":"mcc:_fonts/fishing_discovery/red/14.png","chars":[""],"ascent":113,"height":128},{"type":"bitmap","file":"mcc:_fonts/fishing_discovery/red/15.png","chars":[""],"ascent":113,"height":128},{"type":"bitmap","file":"mcc:_fonts/fishing_discovery/red/16.png","chars":[""],"ascent":113,"height":128},{"type":"bitmap","file":"mcc:_fonts/fishing_discovery/red/17.png","chars":[""],"ascent":113,"height":128},{"type":"bitmap","file":"mcc:_fonts/fishing_discovery/red/18.png","chars":[""],"ascent":113,"height":128},{"type":"bitmap","file":"mcc:_fonts/fishing_discovery/red/19.png","chars":[""],"ascent":113,"height":128},{"type":"bitmap","file":"mcc:_fonts/fishing_discovery/red/20.png","chars":[""],"ascent":112,"height":128},{"type":"bitmap","file":"mcc:_fonts/fishing_discovery/red/21.png","chars":[""],"ascent":113,"height":128},{"type":"bitmap","file":"mcc:_fonts/fishing_discovery/red/22.png","chars":[""],"ascent":113,"height":128},{"type":"bitmap","file":"mcc:_fonts/fishing_level_up/1.png","chars":[""],"ascent":202,"height":256},{"type":"bitmap","file":"mcc:_fonts/fishing_level_up/10.png","chars":[""],"ascent":202,"height":256},{"type":"bitmap","file":"mcc:_fonts/fishing_level_up/11.png","chars":[""],"ascent":202,"height":256},{"type":"bitmap","file":"mcc:_fonts/fishing_level_up/12.png","chars":[""],"ascent":202,"height":256},{"type":"bitmap","file":"mcc:_fonts/fishing_level_up/13.png","chars":[""],"ascent":202,"height":256},{"type":"bitmap","file":"mcc:_fonts/fishing_level_up/14.png","chars":[""],"ascent":202,"height":256},{"type":"bitmap","file":"mcc:_fonts/fishing_level_up/15.png","chars":[""],"ascent":202,"height":256},{"type":"bitmap","file":"mcc:_fonts/fishing_level_up/16.png","chars":[""],"ascent":202,"height":256},{"type":"bitmap","file":"mcc:_fonts/fishing_level_up/17.png","chars":[""],"ascent":202,"height":256},{"type":"bitmap","file":"mcc:_fonts/fishing_level_up/18.png","chars":[""],"ascent":202,"height":256},{"type":"bitmap","file":"mcc:_fonts/fishing_level_up/19.png","chars":[""],"ascent":202,"height":256},{"type":"bitmap","file":"mcc:_fonts/fishing_level_up/2.png","chars":[""],"ascent":202,"height":256},{"type":"bitmap","file":"mcc:_fonts/fishing_level_up/20.png","chars":[""],"ascent":202,"height":256},{"type":"bitmap","file":"mcc:_fonts/fishing_level_up/21.png","chars":[""],"ascent":202,"height":256},{"type":"bitmap","file":"mcc:_fonts/fishing_level_up/22.png","chars":[""],"ascent":202,"height":256},{"type":"bitmap","file":"mcc:_fonts/fishing_level_up/23.png","chars":[""],"ascent":202,"height":256},{"type":"bitmap","file":"mcc:_fonts/fishing_level_up/24.png","chars":[""],"ascent":202,"height":256},{"type":"bitmap","file":"mcc:_fonts/fishing_level_up/25.png","chars":[""],"ascent":202,"height":256},{"type":"bitmap","file":"mcc:_fonts/fishing_level_up/26.png","chars":[""],"ascent":202,"height":256},{"type":"bitmap","file":"mcc:_fonts/fishing_level_up/27.png","chars":[""],"ascent":202,"height":256},{"type":"bitmap","file":"mcc:_fonts/fishing_level_up/28.png","chars":[""],"ascent":202,"height":256},{"type":"bitmap","file":"mcc:_fonts/fishing_level_up/3.png","chars":[""],"ascent":202,"height":256},{"type":"bitmap","file":"mcc:_fonts/fishing_level_up/4.png","chars":[""],"ascent":202,"height":256},{"type":"bitmap","file":"mcc:_fonts/fishing_level_up/5.png","chars":[""],"ascent":202,"height":256},{"type":"bitmap","file":"mcc:_fonts/fishing_level_up/6.png","chars":[""],"ascent":202,"height":256},{"type":"bitmap","file":"mcc:_fonts/fishing_level_up/7.png","chars":[""],"ascent":202,"height":256},{"type":"bitmap","file":"mcc:_fonts/fishing_level_up/8.png","chars":[""],"ascent":202,"height":256},{"type":"bitmap","file":"mcc:_fonts/fishing_level_up/9.png","chars":[""],"ascent":202,"height":256},{"type":"bitmap","file":"mcc:_fonts/gem_receive/1_start.png","chars":[""],"ascent":113,"height":128},{"type":"bitmap","file":"mcc:_fonts/gem_receive/2_start.png","chars":[""],"ascent":113,"height":128},{"type":"bitmap","file":"mcc:_fonts/gem_receive/3_start.png","chars":[""],"ascent":113,"height":128},{"type":"bitmap","file":"mcc:_fonts/gem_receive/4_end.png","chars":[""],"ascent":113,"height":128},{"type":"bitmap","file":"mcc:_fonts/gem_receive/4_start.png","chars":[""],"ascent":113,"height":128},{"type":"bitmap","file":"mcc:_fonts/gem_receive/5_end.png","chars":[""],"ascent":113,"height":128},{"type":"bitmap","file":"mcc:_fonts/gem_receive/5_loop.png","chars":[""],"ascent":113,"height":128},{"type":"bitmap","file":"mcc:_fonts/gem_receive/6_end.png","chars":[""],"ascent":113,"height":128},{"type":"bitmap","file":"mcc:_fonts/gem_receive/6_loop.png","chars":[""],"ascent":113,"height":128},{"type":"bitmap","file":"mcc:_fonts/gem_receive/7_end.png","chars":[""],"ascent":113,"height":128},{"type":"bitmap","file":"mcc:_fonts/gem_receive/7_loop.png","chars":[""],"ascent":113,"height":128},{"type":"bitmap","file":"mcc:_fonts/level_up/1.png","chars":[""],"ascent":113,"height":128},{"type":"bitmap","file":"mcc:_fonts/level_up/10.png","chars":[""],"ascent":113,"height":128},{"type":"bitmap","file":"mcc:_fonts/level_up/11.png","chars":[""],"ascent":113,"height":128},{"type":"bitmap","file":"mcc:_fonts/level_up/12.png","chars":[""],"ascent":113,"height":128},{"type":"bitmap","file":"mcc:_fonts/level_up/13.png","chars":[""],"ascent":113,"height":128},{"type":"bitmap","file":"mcc:_fonts/level_up/14.png","chars":[""],"ascent":113,"height":128},{"type":"bitmap","file":"mcc:_fonts/level_up/15.png","chars":[""],"ascent":113,"height":128},{"type":"bitmap","file":"mcc:_fonts/level_up/16.png","chars":[""],"ascent":113,"height":128},{"type":"bitmap","file":"mcc:_fonts/level_up/17.png","chars":[""],"ascent":113,"height":128},{"type":"bitmap","file":"mcc:_fonts/level_up/18.png","chars":[""],"ascent":113,"height":128},{"type":"bitmap","file":"mcc:_fonts/level_up/19.png","chars":[""],"ascent":113,"height":128},{"type":"bitmap","file":"mcc:_fonts/level_up/2.png","chars":[""],"ascent":113,"height":128},{"type":"bitmap","file":"mcc:_fonts/level_up/20.png","chars":[""],"ascent":113,"height":128},{"type":"bitmap","file":"mcc:_fonts/level_up/21.png","chars":[""],"ascent":113,"height":128},{"type":"bitmap","file":"mcc:_fonts/level_up/22.png","chars":[""],"ascent":113,"height":128},{"type":"bitmap","file":"mcc:_fonts/level_up/23.png","chars":[""],"ascent":113,"height":128},{"type":"bitmap","file":"mcc:_fonts/level_up/24.png","chars":[""],"ascent":113,"height":128},{"type":"bitmap","file":"mcc:_fonts/level_up/25.png","chars":[""],"ascent":113,"height":128},{"type":"bitmap","file":"mcc:_fonts/level_up/26.png","chars":[""],"ascent":113,"height":128},{"type":"bitmap","file":"mcc:_fonts/level_up/27.png","chars":[""],"ascent":113,"height":128},{"type":"bitmap","file":"mcc:_fonts/level_up/28.png","chars":[""],"ascent":113,"height":128},{"type":"bitmap","file":"mcc:_fonts/level_up/29.png","chars":[""],"ascent":113,"height":128},{"type":"bitmap","file":"mcc:_fonts/level_up/3.png","chars":[""],"ascent":113,"height":128},{"type":"bitmap","file":"mcc:_fonts/level_up/30.png","chars":[""],"ascent":113,"height":128},{"type":"bitmap","file":"mcc:_fonts/level_up/31.png","chars":[""],"ascent":113,"height":128},{"type":"bitmap","file":"mcc:_fonts/level_up/32.png","chars":[""],"ascent":113,"height":128},{"type":"bitmap","file":"mcc:_fonts/level_up/4.png","chars":[""],"ascent":113,"height":128},{"type":"bitmap","file":"mcc:_fonts/level_up/5.png","chars":[""],"ascent":113,"height":128},{"type":"bitmap","file":"mcc:_fonts/level_up/6.png","chars":[""],"ascent":113,"height":128},{"type":"bitmap","file":"mcc:_fonts/level_up/7.png","chars":[""],"ascent":113,"height":128},{"type":"bitmap","file":"mcc:_fonts/level_up/8.png","chars":[""],"ascent":113,"height":128},{"type":"bitmap","file":"mcc:_fonts/level_up/9.png","chars":[""],"ascent":113,"height":128},{"type":"bitmap","file":"mcc:_fonts/level_up/crown/0.png","chars":[""],"ascent":113,"height":128},{"type":"bitmap","file":"mcc:_fonts/level_up/crown/1.png","chars":[""],"ascent":113,"height":128},{"type":"bitmap","file":"mcc:_fonts/level_up/crown/10.png","chars":[""],"ascent":113,"height":128},{"type":"bitmap","file":"mcc:_fonts/level_up/crown/11.png","chars":[""],"ascent":113,"height":128},{"type":"bitmap","file":"mcc:_fonts/level_up/crown/2.png","chars":[""],"ascent":113,"height":128},{"type":"bitmap","file":"mcc:_fonts/level_up/crown/3.png","chars":[""],"ascent":113,"height":128},{"type":"bitmap","file":"mcc:_fonts/level_up/crown/4.png","chars":[""],"ascent":113,"height":128},{"type":"bitmap","file":"mcc:_fonts/level_up/crown/5.png","chars":[""],"ascent":113,"height":128},{"type":"bitmap","file":"mcc:_fonts/level_up/crown/6.png","chars":[""],"ascent":113,"height":128},{"type":"bitmap","file":"mcc:_fonts/level_up/crown/7.png","chars":[""],"ascent":113,"height":128},{"type":"bitmap","file":"mcc:_fonts/level_up/crown/8.png","chars":[""],"ascent":113,"height":128},{"type":"bitmap","file":"mcc:_fonts/level_up/crown/9.png","chars":[""],"ascent":113,"height":128},{"type":"bitmap","file":"mcc:_fonts/rocket_spleef/elytra_durability.png","chars":[""],"ascent":13,"height":21},{"type":"bitmap","file":"mcc:_fonts/rocket_spleef/elytra_durability_struck.png","chars":[""],"ascent":13,"height":21},{"type":"bitmap","file":"mcc:_fonts/rocket_spleef/rocket_counter.png","chars":[""],"ascent":13,"height":21},{"type":"bitmap","file":"mcc:_fonts/silver_receive/1_start.png","chars":[""],"ascent":113,"height":128},{"type":"bitmap","file":"mcc:_fonts/silver_receive/2_start.png","chars":[""],"ascent":113,"height":128},{"type":"bitmap","file":"mcc:_fonts/silver_receive/3_start.png","chars":[""],"ascent":113,"height":128},{"type":"bitmap","file":"mcc:_fonts/silver_receive/4_end.png","chars":[""],"ascent":113,"height":128},{"type":"bitmap","file":"mcc:_fonts/silver_receive/4_start.png","chars":[""],"ascent":113,"height":128},{"type":"bitmap","file":"mcc:_fonts/silver_receive/5_end.png","chars":[""],"ascent":113,"height":128},{"type":"bitmap","file":"mcc:_fonts/silver_receive/5_loop.png","chars":[""],"ascent":113,"height":128},{"type":"bitmap","file":"mcc:_fonts/silver_receive/6_end.png","chars":[""],"ascent":113,"height":128},{"type":"bitmap","file":"mcc:_fonts/silver_receive/6_loop.png","chars":[""],"ascent":113,"height":128},{"type":"bitmap","file":"mcc:_fonts/silver_receive/7_end.png","chars":[""],"ascent":113,"height":128},{"type":"bitmap","file":"mcc:_fonts/silver_receive/7_loop.png","chars":[""],"ascent":113,"height":128},{"type":"bitmap","file":"mcc:_fonts/spectating.png","chars":[""],"ascent":13,"height":21},{"type":"bitmap","file":"mcc:_fonts/spectating_higher.png","chars":[""],"ascent":21,"height":29},{"type":"bitmap","file":"mcc:_fonts/spinning_glow/1.png","chars":[""],"ascent":148,"height":256},{"type":"bitmap","file":"mcc:_fonts/spinning_glow/2.png","chars":[""],"ascent":148,"height":256},{"type":"bitmap","file":"mcc:_fonts/spinning_glow/3.png","chars":[""],"ascent":148,"height":256}]}