{"providers":[{"type":"space","advances":{" ":4}},{"type":"bitmap","file":"mcc:_fonts/anglr_panel.png","chars":[""],"ascent":26,"height":26},{"type":"bitmap","file":"mcc:_fonts/badges.png","chars":[""],"ascent":26,"height":26},{"type":"bitmap","file":"mcc:_fonts/barber.png","chars":[""],"ascent":26,"height":26},{"type":"bitmap","file":"mcc:_fonts/blueprint.png","chars":[""],"ascent":26,"height":26},{"type":"bitmap","file":"mcc:_fonts/booster_bazaar.png","chars":[""],"ascent":26,"height":26},{"type":"bitmap","file":"mcc:_fonts/compass.png","chars":[""],"ascent":26,"height":26},{"type":"bitmap","file":"mcc:_fonts/crafting.png","chars":[""],"ascent":26,"height":26},{"type":"bitmap","file":"mcc:_fonts/crate_attuner.png","chars":[""],"ascent":26,"height":26},{"type":"bitmap","file":"mcc:_fonts/favorite.png","chars":[""],"ascent":26,"height":26},{"type":"bitmap","file":"mcc:_fonts/fish.png","chars":[""],"ascent":26,"height":26},{"type":"bitmap","file":"mcc:_fonts/fusion_crafting.png","chars":[""],"ascent":26,"height":26},{"type":"bitmap","file":"mcc:_fonts/game_battle_box.png","chars":[""],"ascent":26,"height":26},{"type":"bitmap","file":"mcc:_fonts/game_dynaball.png","chars":[""],"ascent":26,"height":26},{"type":"bitmap","file":"mcc:_fonts/game_hole_in_the_wall.png","chars":[""],"ascent":26,"height":26},{"type":"bitmap","file":"mcc:_fonts/game_kiosk.png","chars":[""],"ascent":26,"height":26},{"type":"bitmap","file":"mcc:_fonts/game_mastery.png","chars":[""],"ascent":26,"height":26},{"type":"bitmap","file":"mcc:_fonts/game_parkour_warrior.png","chars":[""],"ascent":26,"height":26},{"type":"bitmap","file":"mcc:_fonts/game_parkour_warrior_solo.png","chars":[""],"ascent":26,"height":26},{"type":"bitmap","file":"mcc:_fonts/game_rocket_spleef.png","chars":[""],"ascent":26,"height":26},{"type":"bitmap","file":"mcc:_fonts/game_sky_battle.png","chars":[""],"ascent":26,"height":26},{"type":"bitmap","file":"mcc:_fonts/game_tgttos.png","chars":[""],"ascent":26,"height":26},{"type":"bitmap","file":"mcc:_fonts/halloween.png","chars":[""],"ascent":26,"height":26},{"type":"bitmap","file":"mcc:_fonts/infinibag.png","chars":[""],"ascent":26,"height":26},{"type":"bitmap","file":"mcc:_fonts/journal.png","chars":[""],"ascent":26,"height":26},{"type":"bitmap","file":"mcc:_fonts/kit_select.png","chars":[""],"ascent":26,"height":26},{"type":"bitmap","file":"mcc:_fonts/machine.png","chars":[""],"ascent":26,"height":26},{"type":"bitmap","file":"mcc:_fonts/mailbox.png","chars":[""],"ascent":26,"height":26},{"type":"bitmap","file":"mcc:_fonts/mastery_gate.png","chars":[""],"ascent":26,"height":26},{"type":"bitmap","file":"mcc:_fonts/milestones.png","chars":[""],"ascent":26,"height":26},{"type":"bitmap","file":"mcc:_fonts/openable/crate_attuned_common.png","chars":[""],"ascent":26,"height":26},{"type":"bitmap","file":"mcc:_fonts/openable/crate_attuned_epic.png","chars":[""],"ascent":26,"height":26},{"type":"bitmap","file":"mcc:_fonts/openable/crate_attuned_legendary.png","chars":[""],"ascent":26,"height":26},{"type":"bitmap","file":"mcc:_fonts/openable/crate_attuned_rare.png","chars":[""],"ascent":26,"height":26},{"type":"bitmap","file":"mcc:_fonts/openable/crate_attuned_uncommon.png","chars":[""],"ascent":26,"height":26},{"type":"bitmap","file":"mcc:_fonts/openable/crate_blueprint_common.png","chars":[""],"ascent":26,"height":26},{"type":"bitmap","file":"mcc:_fonts/openable/crate_blueprint_epic.png","chars":[""],"ascent":26,"height":26},{"type":"bitmap","file":"mcc:_fonts/openable/crate_blueprint_legendary.png","chars":[""],"ascent":26,"height":26},{"type":"bitmap","file":"mcc:_fonts/openable/crate_blueprint_rare.png","chars":[""],"ascent":26,"height":26},{"type":"bitmap","file":"mcc:_fonts/openable/crate_blueprint_uncommon.png","chars":[""],"ascent":26,"height":26},{"type":"bitmap","file":"mcc:_fonts/openable/crate_cosmetic_common.png","chars":[""],"ascent":26,"height":26},{"type":"bitmap","file":"mcc:_fonts/openable/crate_cosmetic_epic.png","chars":[""],"ascent":26,"height":26},{"type":"bitmap","file":"mcc:_fonts/openable/crate_cosmetic_legendary.png","chars":[""],"ascent":26,"height":26},{"type":"bitmap","file":"mcc:_fonts/openable/crate_cosmetic_rare.png","chars":[""],"ascent":26,"height":26},{"type":"bitmap","file":"mcc:_fonts/openable/crate_cosmetic_uncommon.png","chars":[""],"ascent":26,"height":26},{"type":"bitmap","file":"mcc:_fonts/openable/crate_material_common.png","chars":[""],"ascent":26,"height":26},{"type":"bitmap","file":"mcc:_fonts/openable/crate_material_epic.png","chars":[""],"ascent":26,"height":26},{"type":"bitmap","file":"mcc:_fonts/openable/crate_material_legendary.png","chars":[""],"ascent":26,"height":26},{"type":"bitmap","file":"mcc:_fonts/openable/crate_material_rare.png","chars":[""],"ascent":26,"height":26},{"type":"bitmap","file":"mcc:_fonts/openable/crate_material_uncommon.png","chars":[""],"ascent":26,"height":26},{"type":"bitmap","file":"mcc:_fonts/openable/crate_quest_common.png","chars":[""],"ascent":26,"height":26},{"type":"bitmap","file":"mcc:_fonts/openable/crate_quest_epic.png","chars":[""],"ascent":26,"height":26},{"type":"bitmap","file":"mcc:_fonts/openable/crate_quest_legendary.png","chars":[""],"ascent":26,"height":26},{"type":"bitmap","file":"mcc:_fonts/openable/crate_quest_rare.png","chars":[""],"ascent":26,"height":26},{"type":"bitmap","file":"mcc:_fonts/openable/crate_quest_uncommon.png","chars":[""],"ascent":26,"height":26},{"type":"bitmap","file":"mcc:_fonts/openable/crate_relic_common.png","chars":[""],"ascent":26,"height":26},{"type":"bitmap","file":"mcc:_fonts/openable/crate_relic_epic.png","chars":[""],"ascent":26,"height":26},{"type":"bitmap","file":"mcc:_fonts/openable/crate_relic_legendary.png","chars":[""],"ascent":26,"height":26},{"type":"bitmap","file":"mcc:_fonts/openable/crate_relic_rare.png","chars":[""],"ascent":26,"height":26},{"type":"bitmap","file":"mcc:_fonts/openable/crate_relic_uncommon.png","chars":[""],"ascent":26,"height":26},{"type":"bitmap","file":"mcc:_fonts/openable/crate_seasonal_common.png","chars":[""],"ascent":26,"height":26},{"type":"bitmap","file":"mcc:_fonts/openable/crate_seasonal_epic.png","chars":[""],"ascent":26,"height":26},{"type":"bitmap","file":"mcc:_fonts/openable/crate_seasonal_legendary.png","chars":[""],"ascent":26,"height":26},{"type":"bitmap","file":"mcc:_fonts/openable/crate_seasonal_rare.png","chars":[""],"ascent":26,"height":26},{"type":"bitmap","file":"mcc:_fonts/openable/crate_seasonal_uncommon.png","chars":[""],"ascent":26,"height":26},{"type":"bitmap","file":"mcc:_fonts/openable/crate_standard_common.png","chars":[""],"ascent":26,"height":26},{"type":"bitmap","file":"mcc:_fonts/openable/crate_standard_epic.png","chars":[""],"ascent":26,"height":26},{"type":"bitmap","file":"mcc:_fonts/openable/crate_standard_legendary.png","chars":[""],"ascent":26,"height":26},{"type":"bitmap","file":"mcc:_fonts/openable/crate_standard_rare.png","chars":[""],"ascent":26,"height":26},{"type":"bitmap","file":"mcc:_fonts/openable/crate_standard_uncommon.png","chars":[""],"ascent":26,"height":26},{"type":"bitmap","file":"mcc:_fonts/openable/currency_pouch_1.png","chars":[""],"ascent":26,"height":26},{"type":"bitmap","file":"mcc:_fonts/openable/currency_pouch_2.png","chars":[""],"ascent":26,"height":26},{"type":"bitmap","file":"mcc:_fonts/openable/currency_pouch_3.png","chars":[""],"ascent":26,"height":26},{"type":"bitmap","file":"mcc:_fonts/openable/currency_pouch_4.png","chars":[""],"ascent":26,"height":26},{"type":"bitmap","file":"mcc:_fonts/openable/material_pouch_common.png","chars":[""],"ascent":26,"height":26},{"type":"bitmap","file":"mcc:_fonts/openable/material_pouch_epic.png","chars":[""],"ascent":26,"height":26},{"type":"bitmap","file":"mcc:_fonts/openable/material_pouch_legendary.png","chars":[""],"ascent":26,"height":26},{"type":"bitmap","file":"mcc:_fonts/openable/material_pouch_rare.png","chars":[""],"ascent":26,"height":26},{"type":"bitmap","file":"mcc:_fonts/openable/material_pouch_uncommon.png","chars":[""],"ascent":26,"height":26},{"type":"bitmap","file":"mcc:_fonts/openable/spooky_chest_23.png","chars":[""],"ascent":26,"height":26},{"type":"bitmap","file":"mcc:_fonts/openable/treasure_chest_bronze.png","chars":[""],"ascent":26,"height":26},{"type":"bitmap","file":"mcc:_fonts/openable/treasure_chest_golden.png","chars":[""],"ascent":26,"height":26},{"type":"bitmap","file":"mcc:_fonts/openable/treasure_chest_mega.png","chars":[""],"ascent":26,"height":26},{"type":"bitmap","file":"mcc:_fonts/openable/treasure_chest_silver.png","chars":[""],"ascent":26,"height":26},{"type":"bitmap","file":"mcc:_fonts/outfit_manager.png","chars":[""],"ascent":26,"height":26},{"type":"bitmap","file":"mcc:_fonts/pass.png","chars":[""],"ascent":26,"height":26},{"type":"bitmap","file":"mcc:_fonts/personal_menu.png","chars":[""],"ascent":26,"height":26},{"type":"bitmap","file":"mcc:_fonts/plobby.png","chars":[""],"ascent":26,"height":26},{"type":"bitmap","file":"mcc:_fonts/pocket.png","chars":[""],"ascent":26,"height":26},{"type":"bitmap","file":"mcc:_fonts/pose.png","chars":[""],"ascent":26,"height":26},{"type":"bitmap","file":"mcc:_fonts/pride.png","chars":[""],"ascent":26,"height":26},{"type":"bitmap","file":"mcc:_fonts/quest_log_summer.png","chars":[""],"ascent":26,"height":26},{"type":"bitmap","file":"mcc:_fonts/quest_log_summer_2.png","chars":[""],"ascent":26,"height":26},{"type":"bitmap","file":"mcc:_fonts/rank.png","chars":[""],"ascent":26,"height":26},{"type":"bitmap","file":"mcc:_fonts/scavenging.png","chars":[""],"ascent":26,"height":26},{"type":"bitmap","file":"mcc:_fonts/select.png","chars":[""],"ascent":26,"height":26},{"type":"bitmap","file":"mcc:_fonts/select_faction.png","chars":[""],"ascent":26,"height":26},{"type":"bitmap","file":"mcc:_fonts/settings.png","chars":[""],"ascent":26,"height":26},{"type":"bitmap","file":"mcc:_fonts/social.png","chars":[""],"ascent":26,"height":26},{"type":"bitmap","file":"mcc:_fonts/spectate.png","chars":[""],"ascent":26,"height":26},{"type":"bitmap","file":"mcc:_fonts/store.png","chars":[""],"ascent":26,"height":26},{"type":"bitmap","file":"mcc:_fonts/summary.png","chars":[""],"ascent":7,"height":26},{"type":"bitmap","file":"mcc:_fonts/summer_machine.png","chars":[""],"ascent":26,"height":26},{"type":"bitmap","file":"mcc:_fonts/wardrobe.png","chars":[""],"ascent":26,"height":26}]}