{"providers":[{"type":"space","advances":{" ":4}},{"type":"bitmap","file":"mcc:_fonts/accept.png","chars":[""],"ascent":-84,"height":8},{"type":"bitmap","file":"mcc:_fonts/accessory_small.png","chars":[""],"ascent":-84,"height":8},{"type":"bitmap","file":"mcc:_fonts/action_bar_champion.png","chars":[""],"ascent":-84,"height":80},{"type":"bitmap","file":"mcc:_fonts/action_bar_currency.png","chars":[""],"ascent":-84,"height":80},{"type":"bitmap","file":"mcc:_fonts/alex.png","chars":[""],"ascent":-84,"height":8},{"type":"bitmap","file":"mcc:_fonts/angler_token.png","chars":[""],"ascent":-84,"height":8},{"type":"bitmap","file":"mcc:_fonts/anglr_treasure_legendary.png","chars":[""],"ascent":-84,"height":8},{"type":"bitmap","file":"mcc:_fonts/arrow.png","chars":[""],"ascent":-84,"height":8},{"type":"bitmap","file":"mcc:_fonts/arrow_down.png","chars":[""],"ascent":-84,"height":32},{"type":"bitmap","file":"mcc:_fonts/arrow_up.png","chars":[""],"ascent":-67,"height":32},{"type":"bitmap","file":"mcc:_fonts/assists.png","chars":[""],"ascent":-84,"height":8},{"type":"bitmap","file":"mcc:_fonts/attunement_crystal.png","chars":[""],"ascent":-84,"height":8},{"type":"bitmap","file":"mcc:_fonts/aura_small.png","chars":[""],"ascent":-84,"height":8},{"type":"bitmap","file":"mcc:_fonts/back_small.png","chars":[""],"ascent":-84,"height":8},{"type":"bitmap","file":"mcc:_fonts/badges.png","chars":[""],"ascent":-84,"height":16},{"type":"bitmap","file":"mcc:_fonts/badges_small.png","chars":[""],"ascent":-84,"height":8},{"type":"bitmap","file":"mcc:_fonts/battle_pass_small.png","chars":[""],"ascent":-84,"height":8},{"type":"bitmap","file":"mcc:_fonts/bottle.png","chars":[""],"ascent":-84,"height":7},{"type":"bitmap","file":"mcc:_fonts/breakdown.png","chars":[""],"ascent":-84,"height":8},{"type":"bitmap","file":"mcc:_fonts/cancel.png","chars":[""],"ascent":-84,"height":8},{"type":"bitmap","file":"mcc:_fonts/castle.png","chars":[""],"ascent":-84,"height":8},{"type":"bitmap","file":"mcc:_fonts/championscore.png","chars":[""],"ascent":-84,"height":8},{"type":"bitmap","file":"mcc:_fonts/championscore_legacy.png","chars":[""],"ascent":-84,"height":8},{"type":"bitmap","file":"mcc:_fonts/charge.png","chars":[""],"ascent":-84,"height":7},{"type":"bitmap","file":"mcc:_fonts/chat_buttons/accept.png","chars":[""],"ascent":-84,"height":7},{"type":"bitmap","file":"mcc:_fonts/chat_buttons/add_them_back.png","chars":[""],"ascent":-84,"height":7},{"type":"bitmap","file":"mcc:_fonts/chat_buttons/decline.png","chars":[""],"ascent":-84,"height":7},{"type":"bitmap","file":"mcc:_fonts/chat_buttons/ignore.png","chars":[""],"ascent":-84,"height":7},{"type":"bitmap","file":"mcc:_fonts/chat_channel/disguised.png","chars":[""],"ascent":-144,"height":9},{"type":"bitmap","file":"mcc:_fonts/chat_channel/local.png","chars":[""],"ascent":-144,"height":9},{"type":"bitmap","file":"mcc:_fonts/chat_channel/party.png","chars":[""],"ascent":-144,"height":9},{"type":"bitmap","file":"mcc:_fonts/chat_channel/plobby.png","chars":[""],"ascent":-144,"height":9},{"type":"bitmap","file":"mcc:_fonts/chat_channel/staff.png","chars":[""],"ascent":-144,"height":9},{"type":"bitmap","file":"mcc:_fonts/chat_channel/team.png","chars":[""],"ascent":-144,"height":9},{"type":"bitmap","file":"mcc:_fonts/chat_channel/vanished.png","chars":[""],"ascent":-144,"height":9},{"type":"bitmap","file":"mcc:_fonts/chroma_counter/empty.png","chars":[""],"ascent":-84,"height":8},{"type":"bitmap","file":"mcc:_fonts/chroma_counter/grayscale.png","chars":[""],"ascent":-84,"height":8},{"type":"bitmap","file":"mcc:_fonts/chroma_counter/oceanic.png","chars":[""],"ascent":-84,"height":8},{"type":"bitmap","file":"mcc:_fonts/chroma_counter/regal.png","chars":[""],"ascent":-84,"height":8},{"type":"bitmap","file":"mcc:_fonts/chroma_counter/thermal.png","chars":[""],"ascent":-84,"height":8},{"type":"bitmap","file":"mcc:_fonts/chroma_counter/verdant.png","chars":[""],"ascent":-84,"height":8},{"type":"bitmap","file":"mcc:_fonts/chroma_pack_small.png","chars":[""],"ascent":-84,"height":8},{"type":"bitmap","file":"mcc:_fonts/click_action_key.png","chars":[""],"ascent":-84,"height":7},{"type":"bitmap","file":"mcc:_fonts/click_action_left.png","chars":[""],"ascent":-84,"height":7},{"type":"bitmap","file":"mcc:_fonts/click_action_right.png","chars":[""],"ascent":-84,"height":7},{"type":"bitmap","file":"mcc:_fonts/click_action_shift.png","chars":[""],"ascent":-84,"height":7},{"type":"bitmap","file":"mcc:_fonts/coin.png","chars":[""],"ascent":-84,"height":8},{"type":"bitmap","file":"mcc:_fonts/coin_small.png","chars":[""],"ascent":-84,"height":8},{"type":"bitmap","file":"mcc:_fonts/coin_token.png","chars":[""],"ascent":-84,"height":16},{"type":"bitmap","file":"mcc:_fonts/coin_token_small.png","chars":[""],"ascent":-84,"height":8},{"type":"bitmap","file":"mcc:_fonts/crafting.png","chars":[""],"ascent":-84,"height":8},{"type":"bitmap","file":"mcc:_fonts/crown/0.png","chars":[""],"ascent":-84,"height":8},{"type":"bitmap","file":"mcc:_fonts/crown/0_big.png","chars":[""],"ascent":-84,"height":16},{"type":"bitmap","file":"mcc:_fonts/crown/0_glow.png","chars":[""],"ascent":-84,"height":16},{"type":"bitmap","file":"mcc:_fonts/crown/1.png","chars":[""],"ascent":-84,"height":8},{"type":"bitmap","file":"mcc:_fonts/crown/10.png","chars":[""],"ascent":-84,"height":8},{"type":"bitmap","file":"mcc:_fonts/crown/10_big.png","chars":[""],"ascent":-84,"height":16},{"type":"bitmap","file":"mcc:_fonts/crown/10_glow.png","chars":[""],"ascent":-84,"height":16},{"type":"bitmap","file":"mcc:_fonts/crown/1_big.png","chars":[""],"ascent":-84,"height":16},{"type":"bitmap","file":"mcc:_fonts/crown/1_glow.png","chars":[""],"ascent":-84,"height":16},{"type":"bitmap","file":"mcc:_fonts/crown/2.png","chars":[""],"ascent":-84,"height":8},{"type":"bitmap","file":"mcc:_fonts/crown/2_big.png","chars":[""],"ascent":-84,"height":16},{"type":"bitmap","file":"mcc:_fonts/crown/2_glow.png","chars":[""],"ascent":-84,"height":16},{"type":"bitmap","file":"mcc:_fonts/crown/3.png","chars":[""],"ascent":-84,"height":8},{"type":"bitmap","file":"mcc:_fonts/crown/3_big.png","chars":[""],"ascent":-84,"height":16},{"type":"bitmap","file":"mcc:_fonts/crown/3_glow.png","chars":[""],"ascent":-84,"height":16},{"type":"bitmap","file":"mcc:_fonts/crown/4.png","chars":[""],"ascent":-84,"height":8},{"type":"bitmap","file":"mcc:_fonts/crown/4_big.png","chars":[""],"ascent":-84,"height":16},{"type":"bitmap","file":"mcc:_fonts/crown/4_glow.png","chars":[""],"ascent":-84,"height":16},{"type":"bitmap","file":"mcc:_fonts/crown/5.png","chars":[""],"ascent":-84,"height":8},{"type":"bitmap","file":"mcc:_fonts/crown/5_big.png","chars":[""],"ascent":-84,"height":16},{"type":"bitmap","file":"mcc:_fonts/crown/5_glow.png","chars":[""],"ascent":-84,"height":16},{"type":"bitmap","file":"mcc:_fonts/crown/6.png","chars":[""],"ascent":-84,"height":8},{"type":"bitmap","file":"mcc:_fonts/crown/6_big.png","chars":[""],"ascent":-84,"height":16},{"type":"bitmap","file":"mcc:_fonts/crown/6_glow.png","chars":[""],"ascent":-84,"height":16},{"type":"bitmap","file":"mcc:_fonts/crown/7.png","chars":[""],"ascent":-84,"height":8},{"type":"bitmap","file":"mcc:_fonts/crown/7_big.png","chars":[""],"ascent":-84,"height":16},{"type":"bitmap","file":"mcc:_fonts/crown/7_glow.png","chars":[""],"ascent":-84,"height":16},{"type":"bitmap","file":"mcc:_fonts/crown/8.png","chars":[""],"ascent":-84,"height":8},{"type":"bitmap","file":"mcc:_fonts/crown/8_big.png","chars":[""],"ascent":-84,"height":16},{"type":"bitmap","file":"mcc:_fonts/crown/8_glow.png","chars":[""],"ascent":-84,"height":16},{"type":"bitmap","file":"mcc:_fonts/crown/9.png","chars":[""],"ascent":-84,"height":8},{"type":"bitmap","file":"mcc:_fonts/crown/9_big.png","chars":[""],"ascent":-84,"height":16},{"type":"bitmap","file":"mcc:_fonts/crown/9_glow.png","chars":[""],"ascent":-84,"height":16},{"type":"bitmap","file":"mcc:_fonts/default.png","chars":[""],"ascent":-84,"height":20},{"type":"bitmap","file":"mcc:_fonts/disconnect.png","chars":[""],"ascent":-90,"height":8},{"type":"bitmap","file":"mcc:_fonts/disguise.png","chars":[""],"ascent":-84,"height":8},{"type":"bitmap","file":"mcc:_fonts/dryness.png","chars":[""],"ascent":-84,"height":9},{"type":"bitmap","file":"mcc:_fonts/dynaball/tnt_display.png","chars":[""],"ascent":-51,"height":40},{"type":"bitmap","file":"mcc:_fonts/dynaball/tnt_notif.png","chars":[""],"ascent":-84,"height":8},{"type":"bitmap","file":"mcc:_fonts/elytra.png","chars":[""],"ascent":-84,"height":8},{"type":"bitmap","file":"mcc:_fonts/emojis/alien.png","chars":[""],"ascent":-84,"height":8},{"type":"bitmap","file":"mcc:_fonts/emojis/angry.png","chars":[""],"ascent":-84,"height":8},{"type":"bitmap","file":"mcc:_fonts/emojis/aqua.png","chars":[""],"ascent":-84,"height":8},{"type":"bitmap","file":"mcc:_fonts/emojis/blue.png","chars":[""],"ascent":-84,"height":8},{"type":"bitmap","file":"mcc:_fonts/emojis/burger.png","chars":[""],"ascent":-84,"height":8},{"type":"bitmap","file":"mcc:_fonts/emojis/chicken.png","chars":[""],"ascent":-84,"height":8},{"type":"bitmap","file":"mcc:_fonts/emojis/clown.png","chars":[""],"ascent":-84,"height":8},{"type":"bitmap","file":"mcc:_fonts/emojis/coins.png","chars":[""],"ascent":-84,"height":8},{"type":"bitmap","file":"mcc:_fonts/emojis/crown.png","chars":[""],"ascent":-84,"height":8},{"type":"bitmap","file":"mcc:_fonts/emojis/cyan.png","chars":[""],"ascent":-84,"height":8},{"type":"bitmap","file":"mcc:_fonts/emojis/eyes.png","chars":[""],"ascent":-84,"height":8},{"type":"bitmap","file":"mcc:_fonts/emojis/fearful.png","chars":[""],"ascent":-84,"height":8},{"type":"bitmap","file":"mcc:_fonts/emojis/fire.png","chars":[""],"ascent":-84,"height":8},{"type":"bitmap","file":"mcc:_fonts/emojis/flushed.png","chars":[""],"ascent":-84,"height":8},{"type":"bitmap","file":"mcc:_fonts/emojis/green.png","chars":[""],"ascent":-84,"height":8},{"type":"bitmap","file":"mcc:_fonts/emojis/grimacing.png","chars":[""],"ascent":-84,"height":8},{"type":"bitmap","file":"mcc:_fonts/emojis/grin.png","chars":[""],"ascent":-84,"height":8},{"type":"bitmap","file":"mcc:_fonts/emojis/heart.png","chars":[""],"ascent":-84,"height":8},{"type":"bitmap","file":"mcc:_fonts/emojis/heart_black.png","chars":[""],"ascent":-84,"height":8},{"type":"bitmap","file":"mcc:_fonts/emojis/heart_blue.png","chars":[""],"ascent":-84,"height":8},{"type":"bitmap","file":"mcc:_fonts/emojis/heart_eyes.png","chars":[""],"ascent":-84,"height":8},{"type":"bitmap","file":"mcc:_fonts/emojis/heart_green.png","chars":[""],"ascent":-84,"height":8},{"type":"bitmap","file":"mcc:_fonts/emojis/heart_orange.png","chars":[""],"ascent":-84,"height":8},{"type":"bitmap","file":"mcc:_fonts/emojis/heart_pink.png","chars":[""],"ascent":-84,"height":8},{"type":"bitmap","file":"mcc:_fonts/emojis/heart_purple.png","chars":[""],"ascent":-84,"height":8},{"type":"bitmap","file":"mcc:_fonts/emojis/heart_white.png","chars":[""],"ascent":-84,"height":8},{"type":"bitmap","file":"mcc:_fonts/emojis/heart_yellow.png","chars":[""],"ascent":-84,"height":8},{"type":"bitmap","file":"mcc:_fonts/emojis/hexapus.png","chars":[""],"ascent":-84,"height":8},{"type":"bitmap","file":"mcc:_fonts/emojis/imp.png","chars":[""],"ascent":-84,"height":8},{"type":"bitmap","file":"mcc:_fonts/emojis/joy.png","chars":[""],"ascent":-84,"height":8},{"type":"bitmap","file":"mcc:_fonts/emojis/kekw.png","chars":[""],"ascent":-84,"height":8},{"type":"bitmap","file":"mcc:_fonts/emojis/laughing.png","chars":[""],"ascent":-84,"height":8},{"type":"bitmap","file":"mcc:_fonts/emojis/lime.png","chars":[""],"ascent":-84,"height":8},{"type":"bitmap","file":"mcc:_fonts/emojis/mcc_angry.png","chars":[""],"ascent":-84,"height":8},{"type":"bitmap","file":"mcc:_fonts/emojis/mcc_smile.png","chars":[""],"ascent":-84,"height":8},{"type":"bitmap","file":"mcc:_fonts/emojis/music_note.png","chars":[""],"ascent":-84,"height":8},{"type":"bitmap","file":"mcc:_fonts/emojis/nerd.png","chars":[""],"ascent":-84,"height":8},{"type":"bitmap","file":"mcc:_fonts/emojis/neutral.png","chars":[""],"ascent":-84,"height":8},{"type":"bitmap","file":"mcc:_fonts/emojis/noxcrew.png","chars":[""],"ascent":-84,"height":8},{"type":"bitmap","file":"mcc:_fonts/emojis/orange.png","chars":[""],"ascent":-84,"height":8},{"type":"bitmap","file":"mcc:_fonts/emojis/pensive.png","chars":[""],"ascent":-84,"height":8},{"type":"bitmap","file":"mcc:_fonts/emojis/pink.png","chars":[""],"ascent":-84,"height":8},{"type":"bitmap","file":"mcc:_fonts/emojis/point_left.png","chars":[""],"ascent":-84,"height":8},{"type":"bitmap","file":"mcc:_fonts/emojis/point_right.png","chars":[""],"ascent":-84,"height":8},{"type":"bitmap","file":"mcc:_fonts/emojis/purple.png","chars":[""],"ascent":-84,"height":8},{"type":"bitmap","file":"mcc:_fonts/emojis/red.png","chars":[""],"ascent":-84,"height":8},{"type":"bitmap","file":"mcc:_fonts/emojis/scream.png","chars":[""],"ascent":-84,"height":8},{"type":"bitmap","file":"mcc:_fonts/emojis/skull.png","chars":[""],"ascent":-84,"height":8},{"type":"bitmap","file":"mcc:_fonts/emojis/smile.png","chars":[""],"ascent":-84,"height":8},{"type":"bitmap","file":"mcc:_fonts/emojis/sob.png","chars":[""],"ascent":-84,"height":8},{"type":"bitmap","file":"mcc:_fonts/emojis/sunglasses.png","chars":[""],"ascent":-84,"height":8},{"type":"bitmap","file":"mcc:_fonts/emojis/surprised.png","chars":[""],"ascent":-84,"height":8},{"type":"bitmap","file":"mcc:_fonts/emojis/sus.png","chars":[""],"ascent":-84,"height":8},{"type":"bitmap","file":"mcc:_fonts/emojis/sweat_smile.png","chars":[""],"ascent":-84,"height":8},{"type":"bitmap","file":"mcc:_fonts/emojis/thinking.png","chars":[""],"ascent":-84,"height":8},{"type":"bitmap","file":"mcc:_fonts/emojis/thumbs_down.png","chars":[""],"ascent":-84,"height":8},{"type":"bitmap","file":"mcc:_fonts/emojis/thumbs_up.png","chars":[""],"ascent":-84,"height":8},{"type":"bitmap","file":"mcc:_fonts/emojis/tongue_out.png","chars":[""],"ascent":-84,"height":8},{"type":"bitmap","file":"mcc:_fonts/emojis/trophy.png","chars":[""],"ascent":-84,"height":8},{"type":"bitmap","file":"mcc:_fonts/emojis/weary.png","chars":[""],"ascent":-84,"height":8},{"type":"bitmap","file":"mcc:_fonts/emojis/winking_tongue.png","chars":[""],"ascent":-84,"height":8},{"type":"bitmap","file":"mcc:_fonts/emojis/yellow.png","chars":[""],"ascent":-84,"height":8},{"type":"bitmap","file":"mcc:_fonts/fish_fish.png","chars":[""],"ascent":-84,"height":8},{"type":"bitmap","file":"mcc:_fonts/fishing/anglr_panel.png","chars":[""],"ascent":-84,"height":8},{"type":"bitmap","file":"mcc:_fonts/fishing/anglr_stock_replenisher.png","chars":[""],"ascent":-84,"height":8},{"type":"bitmap","file":"mcc:_fonts/fishing/average_bubble.png","chars":[""],"ascent":-84,"height":8},{"type":"bitmap","file":"mcc:_fonts/fishing/bait_rare.png","chars":[""],"ascent":-84,"height":8},{"type":"bitmap","file":"mcc:_fonts/fishing/gargantuan_bubble.png","chars":[""],"ascent":-84,"height":8},{"type":"bitmap","file":"mcc:_fonts/fishing/grotto_barren.png","chars":[""],"ascent":-84,"height":8},{"type":"bitmap","file":"mcc:_fonts/fishing/grotto_temperate.png","chars":[""],"ascent":-84,"height":8},{"type":"bitmap","file":"mcc:_fonts/fishing/grotto_tropical.png","chars":[""],"ascent":-84,"height":8},{"type":"bitmap","file":"mcc:_fonts/fishing/large_bubble.png","chars":[""],"ascent":-84,"height":8},{"type":"bitmap","file":"mcc:_fonts/fishing/line_rare.png","chars":[""],"ascent":-84,"height":8},{"type":"bitmap","file":"mcc:_fonts/fishing/massive_bubble.png","chars":[""],"ascent":-84,"height":8},{"type":"bitmap","file":"mcc:_fonts/fishing/tide_glimmering.png","chars":[""],"ascent":-84,"height":8},{"type":"bitmap","file":"mcc:_fonts/fishing/tide_greedy.png","chars":[""],"ascent":-84,"height":8},{"type":"bitmap","file":"mcc:_fonts/fishing/tide_lucky.png","chars":[""],"ascent":-84,"height":8},{"type":"bitmap","file":"mcc:_fonts/fishing/tide_strong.png","chars":[""],"ascent":-84,"height":8},{"type":"bitmap","file":"mcc:_fonts/fishing/tide_wise.png","chars":[""],"ascent":-84,"height":8},{"type":"bitmap","file":"mcc:_fonts/fishing/time_moon.png","chars":[""],"ascent":-84,"height":8},{"type":"bitmap","file":"mcc:_fonts/fishing/time_sun.png","chars":[""],"ascent":-84,"height":8},{"type":"bitmap","file":"mcc:_fonts/fishing/wayfinder_data.png","chars":[""],"ascent":-84,"height":8},{"type":"bitmap","file":"mcc:_fonts/fishing/winds_glimmering.png","chars":[""],"ascent":-84,"height":8},{"type":"bitmap","file":"mcc:_fonts/fishing/winds_greedy.png","chars":[""],"ascent":-84,"height":8},{"type":"bitmap","file":"mcc:_fonts/fishing/winds_lucky.png","chars":[""],"ascent":-84,"height":8},{"type":"bitmap","file":"mcc:_fonts/fishing/winds_strong.png","chars":[""],"ascent":-84,"height":8},{"type":"bitmap","file":"mcc:_fonts/fishing/winds_wise.png","chars":[""],"ascent":-84,"height":8},{"type":"bitmap","file":"mcc:_fonts/fishing_level/0.png","chars":[""],"ascent":-84,"height":8},{"type":"bitmap","file":"mcc:_fonts/fishing_level/0_big.png","chars":[""],"ascent":-84,"height":16},{"type":"bitmap","file":"mcc:_fonts/fishing_level/1.png","chars":[""],"ascent":-84,"height":8},{"type":"bitmap","file":"mcc:_fonts/fishing_level/10.png","chars":[""],"ascent":-84,"height":8},{"type":"bitmap","file":"mcc:_fonts/fishing_level/10_big.png","chars":[""],"ascent":-84,"height":16},{"type":"bitmap","file":"mcc:_fonts/fishing_level/1_big.png","chars":[""],"ascent":-84,"height":16},{"type":"bitmap","file":"mcc:_fonts/fishing_level/2.png","chars":[""],"ascent":-84,"height":8},{"type":"bitmap","file":"mcc:_fonts/fishing_level/2_big.png","chars":[""],"ascent":-84,"height":16},{"type":"bitmap","file":"mcc:_fonts/fishing_level/3.png","chars":[""],"ascent":-84,"height":8},{"type":"bitmap","file":"mcc:_fonts/fishing_level/3_big.png","chars":[""],"ascent":-84,"height":16},{"type":"bitmap","file":"mcc:_fonts/fishing_level/4.png","chars":[""],"ascent":-84,"height":8},{"type":"bitmap","file":"mcc:_fonts/fishing_level/4_big.png","chars":[""],"ascent":-84,"height":16},{"type":"bitmap","file":"mcc:_fonts/fishing_level/5.png","chars":[""],"ascent":-84,"height":8},{"type":"bitmap","file":"mcc:_fonts/fishing_level/5_big.png","chars":[""],"ascent":-84,"height":16},{"type":"bitmap","file":"mcc:_fonts/fishing_level/6.png","chars":[""],"ascent":-84,"height":8},{"type":"bitmap","file":"mcc:_fonts/fishing_level/6_big.png","chars":[""],"ascent":-84,"height":16},{"type":"bitmap","file":"mcc:_fonts/fishing_level/7.png","chars":[""],"ascent":-84,"height":8},{"type":"bitmap","file":"mcc:_fonts/fishing_level/7_big.png","chars":[""],"ascent":-84,"height":16},{"type":"bitmap","file":"mcc:_fonts/fishing_level/8.png","chars":[""],"ascent":-84,"height":8},{"type":"bitmap","file":"mcc:_fonts/fishing_level/8_big.png","chars":[""],"ascent":-84,"height":16},{"type":"bitmap","file":"mcc:_fonts/fishing_level/9.png","chars":[""],"ascent":-84,"height":8},{"type":"bitmap","file":"mcc:_fonts/fishing_level/9_big.png","chars":[""],"ascent":-84,"height":16},{"type":"bitmap","file":"mcc:_fonts/fishing_perk/anglr_lure_glimmering.png","chars":[""],"ascent":-84,"height":8},{"type":"bitmap","file":"mcc:_fonts/fishing_perk/anglr_lure_greedy.png","chars":[""],"ascent":-84,"height":8},{"type":"bitmap","file":"mcc:_fonts/fishing_perk/anglr_lure_lucky.png","chars":[""],"ascent":-84,"height":8},{"type":"bitmap","file":"mcc:_fonts/fishing_perk/anglr_lure_strong.png","chars":[""],"ascent":-84,"height":8},{"type":"bitmap","file":"mcc:_fonts/fishing_perk/anglr_lure_wise.png","chars":[""],"ascent":-84,"height":8},{"type":"bitmap","file":"mcc:_fonts/fishing_perk/bonus_pot.png","chars":[""],"ascent":-84,"height":8},{"type":"bitmap","file":"mcc:_fonts/fishing_perk/boosted_rod.png","chars":[""],"ascent":-84,"height":8},{"type":"bitmap","file":"mcc:_fonts/fishing_perk/crab_pot_lure_active.png","chars":[""],"ascent":-84,"height":8},{"type":"bitmap","file":"mcc:_fonts/fishing_perk/crab_pot_lure_inactive.png","chars":[""],"ascent":-84,"height":8},{"type":"bitmap","file":"mcc:_fonts/fishing_perk/fish_magnet.png","chars":[""],"ascent":-84,"height":8},{"type":"bitmap","file":"mcc:_fonts/fishing_perk/glimmering_bonus.png","chars":[""],"ascent":-84,"height":8},{"type":"bitmap","file":"mcc:_fonts/fishing_perk/glimmering_hook.png","chars":[""],"ascent":-84,"height":8},{"type":"bitmap","file":"mcc:_fonts/fishing_perk/glimmering_pot.png","chars":[""],"ascent":-84,"height":8},{"type":"bitmap","file":"mcc:_fonts/fishing_perk/glitched_rod.png","chars":[""],"ascent":-84,"height":8},{"type":"bitmap","file":"mcc:_fonts/fishing_perk/graceful_rod.png","chars":[""],"ascent":-84,"height":8},{"type":"bitmap","file":"mcc:_fonts/fishing_perk/greedy_bonus.png","chars":[""],"ascent":-84,"height":8},{"type":"bitmap","file":"mcc:_fonts/fishing_perk/greedy_hook.png","chars":[""],"ascent":-84,"height":8},{"type":"bitmap","file":"mcc:_fonts/fishing_perk/greedy_pot.png","chars":[""],"ascent":-84,"height":8},{"type":"bitmap","file":"mcc:_fonts/fishing_perk/lucky_bonus.png","chars":[""],"ascent":-84,"height":8},{"type":"bitmap","file":"mcc:_fonts/fishing_perk/lucky_hook.png","chars":[""],"ascent":-84,"height":8},{"type":"bitmap","file":"mcc:_fonts/fishing_perk/lucky_pot.png","chars":[""],"ascent":-84,"height":8},{"type":"bitmap","file":"mcc:_fonts/fishing_perk/pearl_magnet.png","chars":[""],"ascent":-84,"height":8},{"type":"bitmap","file":"mcc:_fonts/fishing_perk/speedy_rod.png","chars":[""],"ascent":-84,"height":8},{"type":"bitmap","file":"mcc:_fonts/fishing_perk/spirit_magnet.png","chars":[""],"ascent":-84,"height":8},{"type":"bitmap","file":"mcc:_fonts/fishing_perk/stable_rod.png","chars":[""],"ascent":-84,"height":8},{"type":"bitmap","file":"mcc:_fonts/fishing_perk/strong_bonus.png","chars":[""],"ascent":-84,"height":8},{"type":"bitmap","file":"mcc:_fonts/fishing_perk/strong_hook.png","chars":[""],"ascent":-84,"height":8},{"type":"bitmap","file":"mcc:_fonts/fishing_perk/strong_pot.png","chars":[""],"ascent":-84,"height":8},{"type":"bitmap","file":"mcc:_fonts/fishing_perk/supply_preserve.png","chars":[""],"ascent":-84,"height":8},{"type":"bitmap","file":"mcc:_fonts/fishing_perk/treasure_magnet.png","chars":[""],"ascent":-84,"height":8},{"type":"bitmap","file":"mcc:_fonts/fishing_perk/wise_bonus.png","chars":[""],"ascent":-84,"height":8},{"type":"bitmap","file":"mcc:_fonts/fishing_perk/wise_hook.png","chars":[""],"ascent":-84,"height":8},{"type":"bitmap","file":"mcc:_fonts/fishing_perk/wise_pot.png","chars":[""],"ascent":-84,"height":8},{"type":"bitmap","file":"mcc:_fonts/fishing_perk/xp_magnet.png","chars":[""],"ascent":-84,"height":8},{"type":"bitmap","file":"mcc:_fonts/fishing_reeling/aqua.png","chars":[""],"ascent":-88,"height":4},{"type":"bitmap","file":"mcc:_fonts/fishing_reeling/green.png","chars":[""],"ascent":-88,"height":4},{"type":"bitmap","file":"mcc:_fonts/fishing_reeling/orange.png","chars":[""],"ascent":-88,"height":4},{"type":"bitmap","file":"mcc:_fonts/fishing_reeling/purple.png","chars":[""],"ascent":-88,"height":4},{"type":"bitmap","file":"mcc:_fonts/fishing_reeling/red.png","chars":[""],"ascent":-88,"height":4},{"type":"bitmap","file":"mcc:_fonts/fishing_reeling/yellow.png","chars":[""],"ascent":-88,"height":4},{"type":"bitmap","file":"mcc:_fonts/flag.png","chars":[""],"ascent":-84,"height":8},{"type":"bitmap","file":"mcc:_fonts/game_icons/game_battle_box.png","chars":[""],"ascent":-75,"height":16},{"type":"bitmap","file":"mcc:_fonts/game_icons/game_battle_box_small.png","chars":[""],"ascent":-84,"height":8},{"type":"bitmap","file":"mcc:_fonts/game_icons/game_dynaball.png","chars":[""],"ascent":-75,"height":16},{"type":"bitmap","file":"mcc:_fonts/game_icons/game_dynaball_small.png","chars":[""],"ascent":-84,"height":8},{"type":"bitmap","file":"mcc:_fonts/game_icons/game_hole_in_the_wall.png","chars":[""],"ascent":-75,"height":16},{"type":"bitmap","file":"mcc:_fonts/game_icons/game_hole_in_the_wall_small.png","chars":[""],"ascent":-84,"height":8},{"type":"bitmap","file":"mcc:_fonts/game_icons/game_parkour_warrior.png","chars":[""],"ascent":-75,"height":16},{"type":"bitmap","file":"mcc:_fonts/game_icons/game_parkour_warrior_small.png","chars":[""],"ascent":-84,"height":8},{"type":"bitmap","file":"mcc:_fonts/game_icons/game_parkour_warrior_solo.png","chars":[""],"ascent":-75,"height":16},{"type":"bitmap","file":"mcc:_fonts/game_icons/game_parkour_warrior_solo_small.png","chars":[""],"ascent":-84,"height":8},{"type":"bitmap","file":"mcc:_fonts/game_icons/game_rocket_spleef.png","chars":[""],"ascent":-75,"height":16},{"type":"bitmap","file":"mcc:_fonts/game_icons/game_rocket_spleef_expanded.png","chars":[""],"ascent":-67,"height":32},{"type":"bitmap","file":"mcc:_fonts/game_icons/game_rocket_spleef_small.png","chars":[""],"ascent":-84,"height":8},{"type":"bitmap","file":"mcc:_fonts/game_icons/game_sky_battle.png","chars":[""],"ascent":-75,"height":16},{"type":"bitmap","file":"mcc:_fonts/game_icons/game_sky_battle_small.png","chars":[""],"ascent":-84,"height":8},{"type":"bitmap","file":"mcc:_fonts/game_icons/game_sky_battle_water_fight.png","chars":[""],"ascent":-75,"height":16},{"type":"bitmap","file":"mcc:_fonts/game_icons/game_sky_battle_water_fight_small.png","chars":[""],"ascent":-84,"height":8},{"type":"bitmap","file":"mcc:_fonts/game_icons/game_tgttos_small.png","chars":[""],"ascent":-84,"height":8},{"type":"bitmap","file":"mcc:_fonts/game_icons/game_tgttosawaf.png","chars":[""],"ascent":-75,"height":16},{"type":"bitmap","file":"mcc:_fonts/game_icons/island_main.png","chars":[""],"ascent":-75,"height":16},{"type":"bitmap","file":"mcc:_fonts/game_icons/island_main_small.png","chars":[""],"ascent":-84,"height":8},{"type":"bitmap","file":"mcc:_fonts/gem.png","chars":[""],"ascent":-84,"height":8},{"type":"bitmap","file":"mcc:_fonts/gem_small.png","chars":[""],"ascent":-84,"height":8},{"type":"bitmap","file":"mcc:_fonts/glow_config.png","chars":[""],"ascent":-84,"height":16},{"type":"bitmap","file":"mcc:_fonts/hat_small.png","chars":[""],"ascent":-84,"height":8},{"type":"bitmap","file":"mcc:_fonts/header_icons/crab_pot_half_full.png","chars":[""],"ascent":-66,"height":48},{"type":"bitmap","file":"mcc:_fonts/header_icons/game_battle_box.png","chars":[""],"ascent":-66,"height":48},{"type":"bitmap","file":"mcc:_fonts/header_icons/game_dynaball.png","chars":[""],"ascent":-66,"height":48},{"type":"bitmap","file":"mcc:_fonts/header_icons/game_hole_in_the_wall.png","chars":[""],"ascent":-66,"height":48},{"type":"bitmap","file":"mcc:_fonts/header_icons/game_kiosk.png","chars":[""],"ascent":-66,"height":48},{"type":"bitmap","file":"mcc:_fonts/header_icons/game_parkour_warrior.png","chars":[""],"ascent":-66,"height":48},{"type":"bitmap","file":"mcc:_fonts/header_icons/game_parkour_warrior_solo.png","chars":[""],"ascent":-66,"height":48},{"type":"bitmap","file":"mcc:_fonts/header_icons/game_sky_battle.png","chars":[""],"ascent":-66,"height":48},{"type":"bitmap","file":"mcc:_fonts/header_icons/game_tgttos.png","chars":[""],"ascent":-66,"height":48},{"type":"bitmap","file":"mcc:_fonts/header_icons/legacy_machine.png","chars":[""],"ascent":-43,"height":48},{"type":"bitmap","file":"mcc:_fonts/header_icons/loyalty_road.png","chars":[""],"ascent":-39,"height":52},{"type":"bitmap","file":"mcc:_fonts/header_icons/s4_pass.png","chars":[""],"ascent":-65,"height":26},{"type":"bitmap","file":"mcc:_fonts/header_icons/seasonal_machine.png","chars":[""],"ascent":-43,"height":48},{"type":"bitmap","file":"mcc:_fonts/header_icons/spectate.png","chars":[""],"ascent":-43,"height":48},{"type":"bitmap","file":"mcc:_fonts/health_bar/black_border/0_0.png","chars":[""],"ascent":-84,"height":7},{"type":"bitmap","file":"mcc:_fonts/health_bar/black_border/0_5.png","chars":[""],"ascent":-84,"height":7},{"type":"bitmap","file":"mcc:_fonts/health_bar/black_border/1_0.png","chars":[""],"ascent":-84,"height":7},{"type":"bitmap","file":"mcc:_fonts/health_bar/black_border/1_5.png","chars":[""],"ascent":-84,"height":7},{"type":"bitmap","file":"mcc:_fonts/health_bar/black_border/2_0.png","chars":[""],"ascent":-84,"height":7},{"type":"bitmap","file":"mcc:_fonts/health_bar/black_border/disabled_0_5/0_0.png","chars":[""],"ascent":-84,"height":7},{"type":"bitmap","file":"mcc:_fonts/health_bar/black_border/disabled_0_5/0_5.png","chars":[""],"ascent":-84,"height":7},{"type":"bitmap","file":"mcc:_fonts/health_bar/black_border/disabled_0_5/1_0.png","chars":[""],"ascent":-84,"height":7},{"type":"bitmap","file":"mcc:_fonts/health_bar/black_border/disabled_0_5/1_5.png","chars":[""],"ascent":-84,"height":7},{"type":"bitmap","file":"mcc:_fonts/health_bar/black_border/disabled_1_0/0_0.png","chars":[""],"ascent":-84,"height":7},{"type":"bitmap","file":"mcc:_fonts/health_bar/black_border/disabled_1_0/0_5.png","chars":[""],"ascent":-84,"height":7},{"type":"bitmap","file":"mcc:_fonts/health_bar/black_border/disabled_1_0/1_0.png","chars":[""],"ascent":-84,"height":7},{"type":"bitmap","file":"mcc:_fonts/health_bar/black_border/disabled_1_5/0_0.png","chars":[""],"ascent":-84,"height":7},{"type":"bitmap","file":"mcc:_fonts/health_bar/black_border/disabled_1_5/0_5.png","chars":[""],"ascent":-84,"height":7},{"type":"bitmap","file":"mcc:_fonts/health_bar/black_border/disabled_2_0/0_0.png","chars":[""],"ascent":-84,"height":7},{"type":"bitmap","file":"mcc:_fonts/health_bar/black_border/end_number/0-0.png","chars":[""],"ascent":-84,"height":7},{"type":"bitmap","file":"mcc:_fonts/health_bar/black_border/end_number/0-5.png","chars":[""],"ascent":-84,"height":7},{"type":"bitmap","file":"mcc:_fonts/health_bar/black_border/end_number/1-0.png","chars":[""],"ascent":-84,"height":7},{"type":"bitmap","file":"mcc:_fonts/health_bar/black_border/end_number/1-5.png","chars":[""],"ascent":-84,"height":7},{"type":"bitmap","file":"mcc:_fonts/health_bar/black_border/end_number/2-0.png","chars":[""],"ascent":-84,"height":7},{"type":"bitmap","file":"mcc:_fonts/health_bar/black_border/end_number/2-5.png","chars":[""],"ascent":-84,"height":7},{"type":"bitmap","file":"mcc:_fonts/health_bar/black_border/end_number/3-0.png","chars":[""],"ascent":-84,"height":7},{"type":"bitmap","file":"mcc:_fonts/health_bar/black_border/end_number/3-5.png","chars":[""],"ascent":-84,"height":7},{"type":"bitmap","file":"mcc:_fonts/health_bar/black_border/end_number/4-0.png","chars":[""],"ascent":-84,"height":7},{"type":"bitmap","file":"mcc:_fonts/health_bar/black_border/end_number/4-5.png","chars":[""],"ascent":-84,"height":7},{"type":"bitmap","file":"mcc:_fonts/health_bar/black_border/end_number/5-0.png","chars":[""],"ascent":-84,"height":7},{"type":"bitmap","file":"mcc:_fonts/health_bar/black_border/end_number/5-5.png","chars":[""],"ascent":-84,"height":7},{"type":"bitmap","file":"mcc:_fonts/health_bar/black_border/end_number/6-0.png","chars":[""],"ascent":-84,"height":7},{"type":"bitmap","file":"mcc:_fonts/health_bar/black_border/end_number/6-5.png","chars":[""],"ascent":-84,"height":7},{"type":"bitmap","file":"mcc:_fonts/health_bar/black_border/end_number/7-0.png","chars":[""],"ascent":-84,"height":7},{"type":"bitmap","file":"mcc:_fonts/health_bar/black_border/end_number/7-5.png","chars":[""],"ascent":-84,"height":7},{"type":"bitmap","file":"mcc:_fonts/health_bar/black_border/end_number/8-0.png","chars":[""],"ascent":-84,"height":7},{"type":"bitmap","file":"mcc:_fonts/infinibag.png","chars":[""],"ascent":-84,"height":16},{"type":"bitmap","file":"mcc:_fonts/info_blue.png","chars":[""],"ascent":-84,"height":8},{"type":"bitmap","file":"mcc:_fonts/kills.png","chars":[""],"ascent":-84,"height":8},{"type":"bitmap","file":"mcc:_fonts/knick_knax_ticket.png","chars":[""],"ascent":-84,"height":8},{"type":"bitmap","file":"mcc:_fonts/loot_machine.png","chars":[""],"ascent":-84,"height":8},{"type":"bitmap","file":"mcc:_fonts/mastery_gate.png","chars":[""],"ascent":-84,"height":16},{"type":"bitmap","file":"mcc:_fonts/material_dust.png","chars":[""],"ascent":-84,"height":8},{"type":"bitmap","file":"mcc:_fonts/medals.png","chars":[""],"ascent":-84,"height":8},{"type":"bitmap","file":"mcc:_fonts/mod_shield.png","chars":[""],"ascent":-84,"height":8},{"type":"bitmap","file":"mcc:_fonts/navigator_small.png","chars":[""],"ascent":-84,"height":8},{"type":"bitmap","file":"mcc:_fonts/noxcrew.png","chars":[""],"ascent":-84,"height":8},{"type":"bitmap","file":"mcc:_fonts/npcs/marker_barber.png","chars":[""],"ascent":-61,"height":31},{"type":"bitmap","file":"mcc:_fonts/npcs/marker_battle_pass.png","chars":[""],"ascent":-61,"height":31},{"type":"bitmap","file":"mcc:_fonts/npcs/marker_blueprint_assembly.png","chars":[""],"ascent":-61,"height":31},{"type":"bitmap","file":"mcc:_fonts/npcs/marker_crate_machine.png","chars":[""],"ascent":-61,"height":31},{"type":"bitmap","file":"mcc:_fonts/npcs/marker_faction_master.png","chars":[""],"ascent":-61,"height":31},{"type":"bitmap","file":"mcc:_fonts/npcs/marker_fishing_crab_pot.png","chars":[""],"ascent":-61,"height":31},{"type":"bitmap","file":"mcc:_fonts/npcs/marker_fishing_market.png","chars":[""],"ascent":-61,"height":31},{"type":"bitmap","file":"mcc:_fonts/npcs/marker_fusion_crafting.png","chars":[""],"ascent":-61,"height":31},{"type":"bitmap","file":"mcc:_fonts/npcs/marker_game_mastery.png","chars":[""],"ascent":-61,"height":31},{"type":"bitmap","file":"mcc:_fonts/npcs/marker_newspaper.png","chars":[""],"ascent":-61,"height":31},{"type":"bitmap","file":"mcc:_fonts/npcs/marker_quest_framed.png","chars":[""],"ascent":-61,"height":31},{"type":"bitmap","file":"mcc:_fonts/npcs/marker_scavenging.png","chars":[""],"ascent":-61,"height":31},{"type":"bitmap","file":"mcc:_fonts/npcs/marker_vendor.png","chars":[""],"ascent":-61,"height":31},{"type":"bitmap","file":"mcc:_fonts/npcs/marker_wardrobe.png","chars":[""],"ascent":-61,"height":31},{"type":"bitmap","file":"mcc:_fonts/open_link.png","chars":[""],"ascent":-84,"height":8},{"type":"bitmap","file":"mcc:_fonts/parkour_warrior/completion_advanced.png","chars":[""],"ascent":-84,"height":16},{"type":"bitmap","file":"mcc:_fonts/parkour_warrior/completion_advanced_empty.png","chars":[""],"ascent":-84,"height":16},{"type":"bitmap","file":"mcc:_fonts/parkour_warrior/completion_advanced_small.png","chars":[""],"ascent":-84,"height":8},{"type":"bitmap","file":"mcc:_fonts/parkour_warrior/completion_standard.png","chars":[""],"ascent":-84,"height":16},{"type":"bitmap","file":"mcc:_fonts/parkour_warrior/completion_standard_empty.png","chars":[""],"ascent":-84,"height":16},{"type":"bitmap","file":"mcc:_fonts/parkour_warrior/completion_standard_small.png","chars":[""],"ascent":-84,"height":8},{"type":"bitmap","file":"mcc:_fonts/parkour_warrior/completion_total.png","chars":[""],"ascent":-84,"height":16},{"type":"bitmap","file":"mcc:_fonts/parkour_warrior/completion_total_empty.png","chars":[""],"ascent":-84,"height":16},{"type":"bitmap","file":"mcc:_fonts/parkour_warrior/completion_total_small.png","chars":[""],"ascent":-84,"height":8},{"type":"bitmap","file":"mcc:_fonts/parkour_warrior/frog_bronze.png","chars":[""],"ascent":-84,"height":8},{"type":"bitmap","file":"mcc:_fonts/parkour_warrior/frog_empty.png","chars":[""],"ascent":-84,"height":8},{"type":"bitmap","file":"mcc:_fonts/parkour_warrior/frog_gold.png","chars":[""],"ascent":-84,"height":8},{"type":"bitmap","file":"mcc:_fonts/parkour_warrior/frog_silver.png","chars":[""],"ascent":-84,"height":8},{"type":"bitmap","file":"mcc:_fonts/parkour_warrior/medal.png","chars":[""],"ascent":-84,"height":8},{"type":"bitmap","file":"mcc:_fonts/parkour_warrior/medal_bronze.png","chars":[""],"ascent":-84,"height":8},{"type":"bitmap","file":"mcc:_fonts/parkour_warrior/medal_gold.png","chars":[""],"ascent":-84,"height":8},{"type":"bitmap","file":"mcc:_fonts/parkour_warrior/medal_silver.png","chars":[""],"ascent":-84,"height":8},{"type":"bitmap","file":"mcc:_fonts/parkour_warrior/medal_stone.png","chars":[""],"ascent":-84,"height":16},{"type":"bitmap","file":"mcc:_fonts/parkour_warrior/point_bonus_1.png","chars":[""],"ascent":-84,"height":14},{"type":"bitmap","file":"mcc:_fonts/parkour_warrior/point_bonus_2.png","chars":[""],"ascent":-84,"height":14},{"type":"bitmap","file":"mcc:_fonts/parkour_warrior/point_bonus_3.png","chars":[""],"ascent":-84,"height":14},{"type":"bitmap","file":"mcc:_fonts/parkour_warrior/point_empty.png","chars":[""],"ascent":-84,"height":8},{"type":"bitmap","file":"mcc:_fonts/parkour_warrior/point_empty_bonus.png","chars":[""],"ascent":-84,"height":14},{"type":"bitmap","file":"mcc:_fonts/parkour_warrior/point_full.png","chars":[""],"ascent":-84,"height":8},{"type":"bitmap","file":"mcc:_fonts/party_leader.png","chars":[""],"ascent":-84,"height":8},{"type":"bitmap","file":"mcc:_fonts/pearl_polished.png","chars":[""],"ascent":-84,"height":8},{"type":"bitmap","file":"mcc:_fonts/player.png","chars":[""],"ascent":-84,"height":8},{"type":"bitmap","file":"mcc:_fonts/plus_small.png","chars":[""],"ascent":-84,"height":8},{"type":"bitmap","file":"mcc:_fonts/prestige/large/aqua/0.png","chars":[""],"ascent":-84,"height":16},{"type":"bitmap","file":"mcc:_fonts/prestige/large/aqua/1.png","chars":[""],"ascent":-84,"height":16},{"type":"bitmap","file":"mcc:_fonts/prestige/large/aqua/2.png","chars":[""],"ascent":-84,"height":16},{"type":"bitmap","file":"mcc:_fonts/prestige/large/aqua/3.png","chars":[""],"ascent":-84,"height":16},{"type":"bitmap","file":"mcc:_fonts/prestige/large/aqua/4.png","chars":[""],"ascent":-84,"height":16},{"type":"bitmap","file":"mcc:_fonts/prestige/large/aqua/5.png","chars":[""],"ascent":-84,"height":16},{"type":"bitmap","file":"mcc:_fonts/prestige/large/aqua/6.png","chars":[""],"ascent":-84,"height":16},{"type":"bitmap","file":"mcc:_fonts/prestige/large/aqua/7.png","chars":[""],"ascent":-84,"height":16},{"type":"bitmap","file":"mcc:_fonts/prestige/large/aqua/8.png","chars":[""],"ascent":-84,"height":16},{"type":"bitmap","file":"mcc:_fonts/prestige/large/aqua/9.png","chars":[""],"ascent":-84,"height":16},{"type":"bitmap","file":"mcc:_fonts/prestige/large/blue/0.png","chars":[""],"ascent":-84,"height":16},{"type":"bitmap","file":"mcc:_fonts/prestige/large/blue/1.png","chars":[""],"ascent":-84,"height":16},{"type":"bitmap","file":"mcc:_fonts/prestige/large/blue/2.png","chars":[""],"ascent":-84,"height":16},{"type":"bitmap","file":"mcc:_fonts/prestige/large/blue/3.png","chars":[""],"ascent":-84,"height":16},{"type":"bitmap","file":"mcc:_fonts/prestige/large/blue/4.png","chars":[""],"ascent":-84,"height":16},{"type":"bitmap","file":"mcc:_fonts/prestige/large/blue/5.png","chars":[""],"ascent":-84,"height":16},{"type":"bitmap","file":"mcc:_fonts/prestige/large/blue/6.png","chars":[""],"ascent":-84,"height":16},{"type":"bitmap","file":"mcc:_fonts/prestige/large/blue/7.png","chars":[""],"ascent":-84,"height":16},{"type":"bitmap","file":"mcc:_fonts/prestige/large/blue/8.png","chars":[""],"ascent":-84,"height":16},{"type":"bitmap","file":"mcc:_fonts/prestige/large/blue/9.png","chars":[""],"ascent":-84,"height":16},{"type":"bitmap","file":"mcc:_fonts/prestige/large/cyan/0.png","chars":[""],"ascent":-84,"height":16},{"type":"bitmap","file":"mcc:_fonts/prestige/large/cyan/1.png","chars":[""],"ascent":-84,"height":16},{"type":"bitmap","file":"mcc:_fonts/prestige/large/cyan/2.png","chars":[""],"ascent":-84,"height":16},{"type":"bitmap","file":"mcc:_fonts/prestige/large/cyan/3.png","chars":[""],"ascent":-84,"height":16},{"type":"bitmap","file":"mcc:_fonts/prestige/large/cyan/4.png","chars":[""],"ascent":-84,"height":16},{"type":"bitmap","file":"mcc:_fonts/prestige/large/cyan/5.png","chars":[""],"ascent":-84,"height":16},{"type":"bitmap","file":"mcc:_fonts/prestige/large/cyan/6.png","chars":[""],"ascent":-84,"height":16},{"type":"bitmap","file":"mcc:_fonts/prestige/large/cyan/7.png","chars":[""],"ascent":-84,"height":16},{"type":"bitmap","file":"mcc:_fonts/prestige/large/cyan/8.png","chars":[""],"ascent":-84,"height":16},{"type":"bitmap","file":"mcc:_fonts/prestige/large/cyan/9.png","chars":[""],"ascent":-84,"height":16},{"type":"bitmap","file":"mcc:_fonts/prestige/large/green/0.png","chars":[""],"ascent":-84,"height":16},{"type":"bitmap","file":"mcc:_fonts/prestige/large/green/1.png","chars":[""],"ascent":-84,"height":16},{"type":"bitmap","file":"mcc:_fonts/prestige/large/green/2.png","chars":[""],"ascent":-84,"height":16},{"type":"bitmap","file":"mcc:_fonts/prestige/large/green/3.png","chars":[""],"ascent":-84,"height":16},{"type":"bitmap","file":"mcc:_fonts/prestige/large/green/4.png","chars":[""],"ascent":-84,"height":16},{"type":"bitmap","file":"mcc:_fonts/prestige/large/green/5.png","chars":[""],"ascent":-84,"height":16},{"type":"bitmap","file":"mcc:_fonts/prestige/large/green/6.png","chars":[""],"ascent":-84,"height":16},{"type":"bitmap","file":"mcc:_fonts/prestige/large/green/7.png","chars":[""],"ascent":-84,"height":16},{"type":"bitmap","file":"mcc:_fonts/prestige/large/green/8.png","chars":[""],"ascent":-84,"height":16},{"type":"bitmap","file":"mcc:_fonts/prestige/large/green/9.png","chars":[""],"ascent":-84,"height":16},{"type":"bitmap","file":"mcc:_fonts/prestige/large/lime/0.png","chars":[""],"ascent":-84,"height":16},{"type":"bitmap","file":"mcc:_fonts/prestige/large/lime/1.png","chars":[""],"ascent":-84,"height":16},{"type":"bitmap","file":"mcc:_fonts/prestige/large/lime/2.png","chars":[""],"ascent":-84,"height":16},{"type":"bitmap","file":"mcc:_fonts/prestige/large/lime/3.png","chars":[""],"ascent":-84,"height":16},{"type":"bitmap","file":"mcc:_fonts/prestige/large/lime/4.png","chars":[""],"ascent":-84,"height":16},{"type":"bitmap","file":"mcc:_fonts/prestige/large/lime/5.png","chars":[""],"ascent":-84,"height":16},{"type":"bitmap","file":"mcc:_fonts/prestige/large/lime/6.png","chars":[""],"ascent":-84,"height":16},{"type":"bitmap","file":"mcc:_fonts/prestige/large/lime/7.png","chars":[""],"ascent":-84,"height":16},{"type":"bitmap","file":"mcc:_fonts/prestige/large/lime/8.png","chars":[""],"ascent":-84,"height":16},{"type":"bitmap","file":"mcc:_fonts/prestige/large/lime/9.png","chars":[""],"ascent":-84,"height":16},{"type":"bitmap","file":"mcc:_fonts/prestige/large/orange/0.png","chars":[""],"ascent":-84,"height":16},{"type":"bitmap","file":"mcc:_fonts/prestige/large/orange/1.png","chars":[""],"ascent":-84,"height":16},{"type":"bitmap","file":"mcc:_fonts/prestige/large/orange/2.png","chars":[""],"ascent":-84,"height":16},{"type":"bitmap","file":"mcc:_fonts/prestige/large/orange/3.png","chars":[""],"ascent":-84,"height":16},{"type":"bitmap","file":"mcc:_fonts/prestige/large/orange/4.png","chars":[""],"ascent":-84,"height":16},{"type":"bitmap","file":"mcc:_fonts/prestige/large/orange/5.png","chars":[""],"ascent":-84,"height":16},{"type":"bitmap","file":"mcc:_fonts/prestige/large/orange/6.png","chars":[""],"ascent":-84,"height":16},{"type":"bitmap","file":"mcc:_fonts/prestige/large/orange/7.png","chars":[""],"ascent":-84,"height":16},{"type":"bitmap","file":"mcc:_fonts/prestige/large/orange/8.png","chars":[""],"ascent":-84,"height":16},{"type":"bitmap","file":"mcc:_fonts/prestige/large/orange/9.png","chars":[""],"ascent":-84,"height":16},{"type":"bitmap","file":"mcc:_fonts/prestige/large/pink/0.png","chars":[""],"ascent":-84,"height":16},{"type":"bitmap","file":"mcc:_fonts/prestige/large/pink/1.png","chars":[""],"ascent":-84,"height":16},{"type":"bitmap","file":"mcc:_fonts/prestige/large/pink/2.png","chars":[""],"ascent":-84,"height":16},{"type":"bitmap","file":"mcc:_fonts/prestige/large/pink/3.png","chars":[""],"ascent":-84,"height":16},{"type":"bitmap","file":"mcc:_fonts/prestige/large/pink/4.png","chars":[""],"ascent":-84,"height":16},{"type":"bitmap","file":"mcc:_fonts/prestige/large/pink/5.png","chars":[""],"ascent":-84,"height":16},{"type":"bitmap","file":"mcc:_fonts/prestige/large/pink/6.png","chars":[""],"ascent":-84,"height":16},{"type":"bitmap","file":"mcc:_fonts/prestige/large/pink/7.png","chars":[""],"ascent":-84,"height":16},{"type":"bitmap","file":"mcc:_fonts/prestige/large/pink/8.png","chars":[""],"ascent":-84,"height":16},{"type":"bitmap","file":"mcc:_fonts/prestige/large/pink/9.png","chars":[""],"ascent":-84,"height":16},{"type":"bitmap","file":"mcc:_fonts/prestige/large/purple/0.png","chars":[""],"ascent":-84,"height":16},{"type":"bitmap","file":"mcc:_fonts/prestige/large/purple/1.png","chars":[""],"ascent":-84,"height":16},{"type":"bitmap","file":"mcc:_fonts/prestige/large/purple/2.png","chars":[""],"ascent":-84,"height":16},{"type":"bitmap","file":"mcc:_fonts/prestige/large/purple/3.png","chars":[""],"ascent":-84,"height":16},{"type":"bitmap","file":"mcc:_fonts/prestige/large/purple/4.png","chars":[""],"ascent":-84,"height":16},{"type":"bitmap","file":"mcc:_fonts/prestige/large/purple/5.png","chars":[""],"ascent":-84,"height":16},{"type":"bitmap","file":"mcc:_fonts/prestige/large/purple/6.png","chars":[""],"ascent":-84,"height":16},{"type":"bitmap","file":"mcc:_fonts/prestige/large/purple/7.png","chars":[""],"ascent":-84,"height":16},{"type":"bitmap","file":"mcc:_fonts/prestige/large/purple/8.png","chars":[""],"ascent":-84,"height":16},{"type":"bitmap","file":"mcc:_fonts/prestige/large/purple/9.png","chars":[""],"ascent":-84,"height":16},{"type":"bitmap","file":"mcc:_fonts/prestige/large/red/0.png","chars":[""],"ascent":-84,"height":16},{"type":"bitmap","file":"mcc:_fonts/prestige/large/red/1.png","chars":[""],"ascent":-84,"height":16},{"type":"bitmap","file":"mcc:_fonts/prestige/large/red/2.png","chars":[""],"ascent":-84,"height":16},{"type":"bitmap","file":"mcc:_fonts/prestige/large/red/3.png","chars":[""],"ascent":-84,"height":16},{"type":"bitmap","file":"mcc:_fonts/prestige/large/red/4.png","chars":[""],"ascent":-84,"height":16},{"type":"bitmap","file":"mcc:_fonts/prestige/large/red/5.png","chars":[""],"ascent":-84,"height":16},{"type":"bitmap","file":"mcc:_fonts/prestige/large/red/6.png","chars":[""],"ascent":-84,"height":16},{"type":"bitmap","file":"mcc:_fonts/prestige/large/red/7.png","chars":[""],"ascent":-84,"height":16},{"type":"bitmap","file":"mcc:_fonts/prestige/large/red/8.png","chars":[""],"ascent":-84,"height":16},{"type":"bitmap","file":"mcc:_fonts/prestige/large/red/9.png","chars":[""],"ascent":-84,"height":16},{"type":"bitmap","file":"mcc:_fonts/prestige/large/yellow/0.png","chars":[""],"ascent":-84,"height":16},{"type":"bitmap","file":"mcc:_fonts/prestige/large/yellow/1.png","chars":[""],"ascent":-84,"height":16},{"type":"bitmap","file":"mcc:_fonts/prestige/large/yellow/2.png","chars":[""],"ascent":-84,"height":16},{"type":"bitmap","file":"mcc:_fonts/prestige/large/yellow/3.png","chars":[""],"ascent":-84,"height":16},{"type":"bitmap","file":"mcc:_fonts/prestige/large/yellow/4.png","chars":[""],"ascent":-84,"height":16},{"type":"bitmap","file":"mcc:_fonts/prestige/large/yellow/5.png","chars":[""],"ascent":-84,"height":16},{"type":"bitmap","file":"mcc:_fonts/prestige/large/yellow/6.png","chars":[""],"ascent":-84,"height":16},{"type":"bitmap","file":"mcc:_fonts/prestige/large/yellow/7.png","chars":[""],"ascent":-84,"height":16},{"type":"bitmap","file":"mcc:_fonts/prestige/large/yellow/8.png","chars":[""],"ascent":-84,"height":16},{"type":"bitmap","file":"mcc:_fonts/prestige/large/yellow/9.png","chars":[""],"ascent":-84,"height":16},{"type":"bitmap","file":"mcc:_fonts/prestige/small/aqua/0.png","chars":[""],"ascent":-84,"height":8},{"type":"bitmap","file":"mcc:_fonts/prestige/small/aqua/1.png","chars":[""],"ascent":-84,"height":8},{"type":"bitmap","file":"mcc:_fonts/prestige/small/aqua/2.png","chars":[""],"ascent":-84,"height":8},{"type":"bitmap","file":"mcc:_fonts/prestige/small/aqua/3.png","chars":[""],"ascent":-84,"height":8},{"type":"bitmap","file":"mcc:_fonts/prestige/small/aqua/4.png","chars":[""],"ascent":-84,"height":8},{"type":"bitmap","file":"mcc:_fonts/prestige/small/aqua/5.png","chars":[""],"ascent":-84,"height":8},{"type":"bitmap","file":"mcc:_fonts/prestige/small/aqua/6.png","chars":[""],"ascent":-84,"height":8},{"type":"bitmap","file":"mcc:_fonts/prestige/small/aqua/7.png","chars":[""],"ascent":-84,"height":8},{"type":"bitmap","file":"mcc:_fonts/prestige/small/aqua/8.png","chars":[""],"ascent":-84,"height":8},{"type":"bitmap","file":"mcc:_fonts/prestige/small/aqua/9.png","chars":[""],"ascent":-84,"height":8},{"type":"bitmap","file":"mcc:_fonts/prestige/small/blue/0.png","chars":[""],"ascent":-84,"height":8},{"type":"bitmap","file":"mcc:_fonts/prestige/small/blue/1.png","chars":[""],"ascent":-84,"height":8},{"type":"bitmap","file":"mcc:_fonts/prestige/small/blue/2.png","chars":[""],"ascent":-84,"height":8},{"type":"bitmap","file":"mcc:_fonts/prestige/small/blue/3.png","chars":[""],"ascent":-84,"height":8},{"type":"bitmap","file":"mcc:_fonts/prestige/small/blue/4.png","chars":[""],"ascent":-84,"height":8},{"type":"bitmap","file":"mcc:_fonts/prestige/small/blue/5.png","chars":[""],"ascent":-84,"height":8},{"type":"bitmap","file":"mcc:_fonts/prestige/small/blue/6.png","chars":[""],"ascent":-84,"height":8},{"type":"bitmap","file":"mcc:_fonts/prestige/small/blue/7.png","chars":[""],"ascent":-84,"height":8},{"type":"bitmap","file":"mcc:_fonts/prestige/small/blue/8.png","chars":[""],"ascent":-84,"height":8},{"type":"bitmap","file":"mcc:_fonts/prestige/small/blue/9.png","chars":[""],"ascent":-84,"height":8},{"type":"bitmap","file":"mcc:_fonts/prestige/small/cyan/0.png","chars":[""],"ascent":-84,"height":8},{"type":"bitmap","file":"mcc:_fonts/prestige/small/cyan/1.png","chars":[""],"ascent":-84,"height":8},{"type":"bitmap","file":"mcc:_fonts/prestige/small/cyan/2.png","chars":[""],"ascent":-84,"height":8},{"type":"bitmap","file":"mcc:_fonts/prestige/small/cyan/3.png","chars":[""],"ascent":-84,"height":8},{"type":"bitmap","file":"mcc:_fonts/prestige/small/cyan/4.png","chars":[""],"ascent":-84,"height":8},{"type":"bitmap","file":"mcc:_fonts/prestige/small/cyan/5.png","chars":[""],"ascent":-84,"height":8},{"type":"bitmap","file":"mcc:_fonts/prestige/small/cyan/6.png","chars":[""],"ascent":-84,"height":8},{"type":"bitmap","file":"mcc:_fonts/prestige/small/cyan/7.png","chars":[""],"ascent":-84,"height":8},{"type":"bitmap","file":"mcc:_fonts/prestige/small/cyan/8.png","chars":[""],"ascent":-84,"height":8},{"type":"bitmap","file":"mcc:_fonts/prestige/small/cyan/9.png","chars":[""],"ascent":-84,"height":8},{"type":"bitmap","file":"mcc:_fonts/prestige/small/green/0.png","chars":[""],"ascent":-84,"height":8},{"type":"bitmap","file":"mcc:_fonts/prestige/small/green/1.png","chars":[""],"ascent":-84,"height":8},{"type":"bitmap","file":"mcc:_fonts/prestige/small/green/2.png","chars":[""],"ascent":-84,"height":8},{"type":"bitmap","file":"mcc:_fonts/prestige/small/green/3.png","chars":[""],"ascent":-84,"height":8},{"type":"bitmap","file":"mcc:_fonts/prestige/small/green/4.png","chars":[""],"ascent":-84,"height":8},{"type":"bitmap","file":"mcc:_fonts/prestige/small/green/5.png","chars":[""],"ascent":-84,"height":8},{"type":"bitmap","file":"mcc:_fonts/prestige/small/green/6.png","chars":[""],"ascent":-84,"height":8},{"type":"bitmap","file":"mcc:_fonts/prestige/small/green/7.png","chars":[""],"ascent":-84,"height":8},{"type":"bitmap","file":"mcc:_fonts/prestige/small/green/8.png","chars":[""],"ascent":-84,"height":8},{"type":"bitmap","file":"mcc:_fonts/prestige/small/green/9.png","chars":[""],"ascent":-84,"height":8},{"type":"bitmap","file":"mcc:_fonts/prestige/small/lime/0.png","chars":[""],"ascent":-84,"height":8},{"type":"bitmap","file":"mcc:_fonts/prestige/small/lime/1.png","chars":[""],"ascent":-84,"height":8},{"type":"bitmap","file":"mcc:_fonts/prestige/small/lime/2.png","chars":[""],"ascent":-84,"height":8},{"type":"bitmap","file":"mcc:_fonts/prestige/small/lime/3.png","chars":[""],"ascent":-84,"height":8},{"type":"bitmap","file":"mcc:_fonts/prestige/small/lime/4.png","chars":[""],"ascent":-84,"height":8},{"type":"bitmap","file":"mcc:_fonts/prestige/small/lime/5.png","chars":[""],"ascent":-84,"height":8},{"type":"bitmap","file":"mcc:_fonts/prestige/small/lime/6.png","chars":[""],"ascent":-84,"height":8},{"type":"bitmap","file":"mcc:_fonts/prestige/small/lime/7.png","chars":[""],"ascent":-84,"height":8},{"type":"bitmap","file":"mcc:_fonts/prestige/small/lime/8.png","chars":[""],"ascent":-84,"height":8},{"type":"bitmap","file":"mcc:_fonts/prestige/small/lime/9.png","chars":[""],"ascent":-84,"height":8},{"type":"bitmap","file":"mcc:_fonts/prestige/small/orange/0.png","chars":[""],"ascent":-84,"height":8},{"type":"bitmap","file":"mcc:_fonts/prestige/small/orange/1.png","chars":[""],"ascent":-84,"height":8},{"type":"bitmap","file":"mcc:_fonts/prestige/small/orange/2.png","chars":[""],"ascent":-84,"height":8},{"type":"bitmap","file":"mcc:_fonts/prestige/small/orange/3.png","chars":[""],"ascent":-84,"height":8},{"type":"bitmap","file":"mcc:_fonts/prestige/small/orange/4.png","chars":[""],"ascent":-84,"height":8},{"type":"bitmap","file":"mcc:_fonts/prestige/small/orange/5.png","chars":[""],"ascent":-84,"height":8},{"type":"bitmap","file":"mcc:_fonts/prestige/small/orange/6.png","chars":[""],"ascent":-84,"height":8},{"type":"bitmap","file":"mcc:_fonts/prestige/small/orange/7.png","chars":[""],"ascent":-84,"height":8},{"type":"bitmap","file":"mcc:_fonts/prestige/small/orange/8.png","chars":[""],"ascent":-84,"height":8},{"type":"bitmap","file":"mcc:_fonts/prestige/small/orange/9.png","chars":[""],"ascent":-84,"height":8},{"type":"bitmap","file":"mcc:_fonts/prestige/small/pink/0.png","chars":[""],"ascent":-84,"height":8},{"type":"bitmap","file":"mcc:_fonts/prestige/small/pink/1.png","chars":[""],"ascent":-84,"height":8},{"type":"bitmap","file":"mcc:_fonts/prestige/small/pink/2.png","chars":[""],"ascent":-84,"height":8},{"type":"bitmap","file":"mcc:_fonts/prestige/small/pink/3.png","chars":[""],"ascent":-84,"height":8},{"type":"bitmap","file":"mcc:_fonts/prestige/small/pink/4.png","chars":[""],"ascent":-84,"height":8},{"type":"bitmap","file":"mcc:_fonts/prestige/small/pink/5.png","chars":[""],"ascent":-84,"height":8},{"type":"bitmap","file":"mcc:_fonts/prestige/small/pink/6.png","chars":[""],"ascent":-84,"height":8},{"type":"bitmap","file":"mcc:_fonts/prestige/small/pink/7.png","chars":[""],"ascent":-84,"height":8},{"type":"bitmap","file":"mcc:_fonts/prestige/small/pink/8.png","chars":[""],"ascent":-84,"height":8},{"type":"bitmap","file":"mcc:_fonts/prestige/small/pink/9.png","chars":[""],"ascent":-84,"height":8},{"type":"bitmap","file":"mcc:_fonts/prestige/small/purple/0.png","chars":[""],"ascent":-84,"height":8},{"type":"bitmap","file":"mcc:_fonts/prestige/small/purple/1.png","chars":[""],"ascent":-84,"height":8},{"type":"bitmap","file":"mcc:_fonts/prestige/small/purple/2.png","chars":[""],"ascent":-84,"height":8},{"type":"bitmap","file":"mcc:_fonts/prestige/small/purple/3.png","chars":[""],"ascent":-84,"height":8},{"type":"bitmap","file":"mcc:_fonts/prestige/small/purple/4.png","chars":[""],"ascent":-84,"height":8},{"type":"bitmap","file":"mcc:_fonts/prestige/small/purple/5.png","chars":[""],"ascent":-84,"height":8},{"type":"bitmap","file":"mcc:_fonts/prestige/small/purple/6.png","chars":[""],"ascent":-84,"height":8},{"type":"bitmap","file":"mcc:_fonts/prestige/small/purple/7.png","chars":[""],"ascent":-84,"height":8},{"type":"bitmap","file":"mcc:_fonts/prestige/small/purple/8.png","chars":[""],"ascent":-84,"height":8},{"type":"bitmap","file":"mcc:_fonts/prestige/small/purple/9.png","chars":[""],"ascent":-84,"height":8},{"type":"bitmap","file":"mcc:_fonts/prestige/small/red/0.png","chars":[""],"ascent":-84,"height":8},{"type":"bitmap","file":"mcc:_fonts/prestige/small/red/1.png","chars":[""],"ascent":-84,"height":8},{"type":"bitmap","file":"mcc:_fonts/prestige/small/red/2.png","chars":[""],"ascent":-84,"height":8},{"type":"bitmap","file":"mcc:_fonts/prestige/small/red/3.png","chars":[""],"ascent":-84,"height":8},{"type":"bitmap","file":"mcc:_fonts/prestige/small/red/4.png","chars":[""],"ascent":-84,"height":8},{"type":"bitmap","file":"mcc:_fonts/prestige/small/red/5.png","chars":[""],"ascent":-84,"height":8},{"type":"bitmap","file":"mcc:_fonts/prestige/small/red/6.png","chars":[""],"ascent":-84,"height":8},{"type":"bitmap","file":"mcc:_fonts/prestige/small/red/7.png","chars":[""],"ascent":-84,"height":8},{"type":"bitmap","file":"mcc:_fonts/prestige/small/red/8.png","chars":[""],"ascent":-84,"height":8},{"type":"bitmap","file":"mcc:_fonts/prestige/small/red/9.png","chars":[""],"ascent":-84,"height":8},{"type":"bitmap","file":"mcc:_fonts/prestige/small/yellow/0.png","chars":[""],"ascent":-84,"height":8},{"type":"bitmap","file":"mcc:_fonts/prestige/small/yellow/1.png","chars":[""],"ascent":-84,"height":8},{"type":"bitmap","file":"mcc:_fonts/prestige/small/yellow/2.png","chars":[""],"ascent":-84,"height":8},{"type":"bitmap","file":"mcc:_fonts/prestige/small/yellow/3.png","chars":[""],"ascent":-84,"height":8},{"type":"bitmap","file":"mcc:_fonts/prestige/small/yellow/4.png","chars":[""],"ascent":-84,"height":8},{"type":"bitmap","file":"mcc:_fonts/prestige/small/yellow/5.png","chars":[""],"ascent":-84,"height":8},{"type":"bitmap","file":"mcc:_fonts/prestige/small/yellow/6.png","chars":[""],"ascent":-84,"height":8},{"type":"bitmap","file":"mcc:_fonts/prestige/small/yellow/7.png","chars":[""],"ascent":-84,"height":8},{"type":"bitmap","file":"mcc:_fonts/prestige/small/yellow/8.png","chars":[""],"ascent":-84,"height":8},{"type":"bitmap","file":"mcc:_fonts/prestige/small/yellow/9.png","chars":[""],"ascent":-84,"height":8},{"type":"bitmap","file":"mcc:_fonts/progress_counter/blank.png","chars":[""],"ascent":-84,"height":7},{"type":"bitmap","file":"mcc:_fonts/progress_counter/blue/full.png","chars":[""],"ascent":-84,"height":7},{"type":"bitmap","file":"mcc:_fonts/progress_counter/blue/half.png","chars":[""],"ascent":-84,"height":7},{"type":"bitmap","file":"mcc:_fonts/progress_counter/blue_square/full.png","chars":[""],"ascent":-84,"height":7},{"type":"bitmap","file":"mcc:_fonts/progress_counter/empty.png","chars":[""],"ascent":-84,"height":7},{"type":"bitmap","file":"mcc:_fonts/progress_counter/full.png","chars":[""],"ascent":-84,"height":7},{"type":"bitmap","file":"mcc:_fonts/progress_counter/half.png","chars":[""],"ascent":-84,"height":7},{"type":"bitmap","file":"mcc:_fonts/progress_counter/orange/full.png","chars":[""],"ascent":-84,"height":7},{"type":"bitmap","file":"mcc:_fonts/progress_counter/orange/half.png","chars":[""],"ascent":-84,"height":7},{"type":"bitmap","file":"mcc:_fonts/progress_counter/orange_square/full.png","chars":[""],"ascent":-84,"height":7},{"type":"bitmap","file":"mcc:_fonts/progress_counter/red/full.png","chars":[""],"ascent":-84,"height":7},{"type":"bitmap","file":"mcc:_fonts/progress_counter/red/half.png","chars":[""],"ascent":-84,"height":7},{"type":"bitmap","file":"mcc:_fonts/quest_log.png","chars":[""],"ascent":-84,"height":8},{"type":"bitmap","file":"mcc:_fonts/ranks_long/contestant.png","chars":[""],"ascent":-84,"height":9},{"type":"bitmap","file":"mcc:_fonts/ranks_long/creator.png","chars":[""],"ascent":-84,"height":9},{"type":"bitmap","file":"mcc:_fonts/ranks_long/mod.png","chars":[""],"ascent":-84,"height":9},{"type":"bitmap","file":"mcc:_fonts/ranks_long/noxcrew.png","chars":[""],"ascent":-84,"height":9},{"type":"bitmap","file":"mcc:_fonts/ranks_long/plus.png","chars":[""],"ascent":-84,"height":9},{"type":"bitmap","file":"mcc:_fonts/ranks_long/rank_1.png","chars":[""],"ascent":-84,"height":9},{"type":"bitmap","file":"mcc:_fonts/ranks_long/rank_2.png","chars":[""],"ascent":-84,"height":9},{"type":"bitmap","file":"mcc:_fonts/ranks_long/rank_3.png","chars":[""],"ascent":-84,"height":9},{"type":"bitmap","file":"mcc:_fonts/ranks_short/basic.png","chars":[""],"ascent":-84,"height":8},{"type":"bitmap","file":"mcc:_fonts/ranks_short/contestant.png","chars":[""],"ascent":-84,"height":8},{"type":"bitmap","file":"mcc:_fonts/ranks_short/mod.png","chars":[""],"ascent":-84,"height":8},{"type":"bitmap","file":"mcc:_fonts/ranks_short/noxcrew.png","chars":[""],"ascent":-84,"height":8},{"type":"bitmap","file":"mcc:_fonts/ranks_short/plus_1.png","chars":[""],"ascent":-84,"height":8},{"type":"bitmap","file":"mcc:_fonts/ranks_short/plus_1_simple.png","chars":[""],"ascent":-84,"height":8},{"type":"bitmap","file":"mcc:_fonts/ranks_short/plus_2.png","chars":[""],"ascent":-84,"height":8},{"type":"bitmap","file":"mcc:_fonts/ranks_short/plus_2_simple.png","chars":[""],"ascent":-84,"height":8},{"type":"bitmap","file":"mcc:_fonts/ranks_short/plus_3.png","chars":[""],"ascent":-84,"height":8},{"type":"bitmap","file":"mcc:_fonts/ranks_short/plus_3_simple.png","chars":[""],"ascent":-84,"height":8},{"type":"bitmap","file":"mcc:_fonts/ranks_short/rank_1.png","chars":[""],"ascent":-84,"height":8},{"type":"bitmap","file":"mcc:_fonts/ranks_short/rank_2.png","chars":[""],"ascent":-84,"height":8},{"type":"bitmap","file":"mcc:_fonts/ranks_short/rank_3.png","chars":[""],"ascent":-84,"height":8},{"type":"bitmap","file":"mcc:_fonts/ranks_short/vip.png","chars":[""],"ascent":-84,"height":8},{"type":"bitmap","file":"mcc:_fonts/rocket.png","chars":[""],"ascent":-84,"height":8},{"type":"bitmap","file":"mcc:_fonts/royal.png","chars":[""],"ascent":-84,"height":16},{"type":"bitmap","file":"mcc:_fonts/royal_reputation.png","chars":[""],"ascent":-84,"height":8},{"type":"bitmap","file":"mcc:_fonts/scavenging.png","chars":[""],"ascent":-84,"height":8},{"type":"bitmap","file":"mcc:_fonts/score_point.png","chars":[""],"ascent":-84,"height":8},{"type":"bitmap","file":"mcc:_fonts/silver.png","chars":[""],"ascent":-84,"height":8},{"type":"bitmap","file":"mcc:_fonts/skull.png","chars":[""],"ascent":-84,"height":8},{"type":"bitmap","file":"mcc:_fonts/skull_small.png","chars":[""],"ascent":-84,"height":8},{"type":"bitmap","file":"mcc:_fonts/spirit_lucky.png","chars":[""],"ascent":-84,"height":8},{"type":"bitmap","file":"mcc:_fonts/split_down.png","chars":[""],"ascent":-84,"height":8},{"type":"bitmap","file":"mcc:_fonts/split_up.png","chars":[""],"ascent":-84,"height":8},{"type":"bitmap","file":"mcc:_fonts/star.png","chars":[""],"ascent":-84,"height":8},{"type":"bitmap","file":"mcc:_fonts/steve.png","chars":[""],"ascent":-84,"height":8},{"type":"bitmap","file":"mcc:_fonts/summer_event_small.png","chars":[""],"ascent":-84,"height":8},{"type":"bitmap","file":"mcc:_fonts/summer_key_small.png","chars":[""],"ascent":-84,"height":8},{"type":"bitmap","file":"mcc:_fonts/summer_seashell_small.png","chars":[""],"ascent":-84,"height":8},{"type":"bitmap","file":"mcc:_fonts/summer_token_small.png","chars":[""],"ascent":-84,"height":8},{"type":"bitmap","file":"mcc:_fonts/tab_logo.png","chars":[""],"ascent":-81,"height":128},{"type":"bitmap","file":"mcc:_fonts/tagger.png","chars":[""],"ascent":-84,"height":8},{"type":"bitmap","file":"mcc:_fonts/team/aqua.png","chars":[""],"ascent":-84,"height":8},{"type":"bitmap","file":"mcc:_fonts/team/aqua_big.png","chars":[""],"ascent":-84,"height":16},{"type":"bitmap","file":"mcc:_fonts/team/aqua_glow.png","chars":[""],"ascent":-84,"height":16},{"type":"bitmap","file":"mcc:_fonts/team/blue.png","chars":[""],"ascent":-84,"height":8},{"type":"bitmap","file":"mcc:_fonts/team/blue_big.png","chars":[""],"ascent":-84,"height":16},{"type":"bitmap","file":"mcc:_fonts/team/blue_glow.png","chars":[""],"ascent":-84,"height":16},{"type":"bitmap","file":"mcc:_fonts/team/cyan.png","chars":[""],"ascent":-84,"height":8},{"type":"bitmap","file":"mcc:_fonts/team/cyan_big.png","chars":[""],"ascent":-84,"height":16},{"type":"bitmap","file":"mcc:_fonts/team/cyan_glow.png","chars":[""],"ascent":-84,"height":16},{"type":"bitmap","file":"mcc:_fonts/team/green.png","chars":[""],"ascent":-84,"height":8},{"type":"bitmap","file":"mcc:_fonts/team/green_big.png","chars":[""],"ascent":-84,"height":16},{"type":"bitmap","file":"mcc:_fonts/team/green_glow.png","chars":[""],"ascent":-84,"height":16},{"type":"bitmap","file":"mcc:_fonts/team/lime.png","chars":[""],"ascent":-84,"height":8},{"type":"bitmap","file":"mcc:_fonts/team/lime_big.png","chars":[""],"ascent":-84,"height":16},{"type":"bitmap","file":"mcc:_fonts/team/lime_glow.png","chars":[""],"ascent":-84,"height":16},{"type":"bitmap","file":"mcc:_fonts/team/orange.png","chars":[""],"ascent":-84,"height":8},{"type":"bitmap","file":"mcc:_fonts/team/orange_big.png","chars":[""],"ascent":-84,"height":16},{"type":"bitmap","file":"mcc:_fonts/team/orange_glow.png","chars":[""],"ascent":-84,"height":16},{"type":"bitmap","file":"mcc:_fonts/team/pink.png","chars":[""],"ascent":-84,"height":8},{"type":"bitmap","file":"mcc:_fonts/team/pink_big.png","chars":[""],"ascent":-84,"height":16},{"type":"bitmap","file":"mcc:_fonts/team/pink_glow.png","chars":[""],"ascent":-84,"height":16},{"type":"bitmap","file":"mcc:_fonts/team/purple.png","chars":[""],"ascent":-84,"height":8},{"type":"bitmap","file":"mcc:_fonts/team/purple_big.png","chars":[""],"ascent":-84,"height":16},{"type":"bitmap","file":"mcc:_fonts/team/purple_glow.png","chars":[""],"ascent":-84,"height":16},{"type":"bitmap","file":"mcc:_fonts/team/red.png","chars":[""],"ascent":-84,"height":8},{"type":"bitmap","file":"mcc:_fonts/team/red_big.png","chars":[""],"ascent":-84,"height":16},{"type":"bitmap","file":"mcc:_fonts/team/red_glow.png","chars":[""],"ascent":-84,"height":16},{"type":"bitmap","file":"mcc:_fonts/team/spectators.png","chars":[""],"ascent":-84,"height":8},{"type":"bitmap","file":"mcc:_fonts/team/yellow.png","chars":[""],"ascent":-84,"height":8},{"type":"bitmap","file":"mcc:_fonts/team/yellow_big.png","chars":[""],"ascent":-84,"height":16},{"type":"bitmap","file":"mcc:_fonts/team/yellow_glow.png","chars":[""],"ascent":-84,"height":16},{"type":"bitmap","file":"mcc:_fonts/team_flag.png","chars":[""],"ascent":-84,"height":8},{"type":"bitmap","file":"mcc:_fonts/team_flag_big.png","chars":[""],"ascent":-81,"height":16},{"type":"bitmap","file":"mcc:_fonts/tick_small.png","chars":[""],"ascent":-84,"height":8},{"type":"bitmap","file":"mcc:_fonts/time.png","chars":[""],"ascent":-84,"height":8},{"type":"bitmap","file":"mcc:_fonts/token_attuned.png","chars":[""],"ascent":-84,"height":8},{"type":"bitmap","file":"mcc:_fonts/token_boosted.png","chars":[""],"ascent":-84,"height":8},{"type":"bitmap","file":"mcc:_fonts/token_legacy.png","chars":[""],"ascent":-84,"height":8},{"type":"bitmap","file":"mcc:_fonts/token_s2.png","chars":[""],"ascent":-84,"height":8},{"type":"bitmap","file":"mcc:_fonts/token_s3.png","chars":[""],"ascent":-84,"height":8},{"type":"bitmap","file":"mcc:_fonts/token_seasonal.png","chars":[""],"ascent":-84,"height":8},{"type":"bitmap","file":"mcc:_fonts/token_standard.png","chars":[""],"ascent":-84,"height":8},{"type":"bitmap","file":"mcc:_fonts/token_ultimate.png","chars":[""],"ascent":-84,"height":8},{"type":"bitmap","file":"mcc:_fonts/tooltips/accessory.png","chars":[""],"ascent":-84,"height":9},{"type":"bitmap","file":"mcc:_fonts/tooltips/aura.png","chars":[""],"ascent":-84,"height":9},{"type":"bitmap","file":"mcc:_fonts/tooltips/back.png","chars":[""],"ascent":-84,"height":9},{"type":"bitmap","file":"mcc:_fonts/tooltips/badge.png","chars":[""],"ascent":-84,"height":9},{"type":"bitmap","file":"mcc:_fonts/tooltips/blueprint.png","chars":[""],"ascent":-84,"height":9},{"type":"bitmap","file":"mcc:_fonts/tooltips/bundle.png","chars":[""],"ascent":-84,"height":9},{"type":"bitmap","file":"mcc:_fonts/tooltips/common.png","chars":[""],"ascent":-84,"height":9},{"type":"bitmap","file":"mcc:_fonts/tooltips/component.png","chars":[""],"ascent":-84,"height":9},{"type":"bitmap","file":"mcc:_fonts/tooltips/consumable.png","chars":[""],"ascent":-84,"height":9},{"type":"bitmap","file":"mcc:_fonts/tooltips/crab.png","chars":[""],"ascent":-84,"height":9},{"type":"bitmap","file":"mcc:_fonts/tooltips/currency.png","chars":[""],"ascent":-84,"height":9},{"type":"bitmap","file":"mcc:_fonts/tooltips/daily_quest.png","chars":[""],"ascent":-84,"height":9},{"type":"bitmap","file":"mcc:_fonts/tooltips/epic.png","chars":[""],"ascent":-84,"height":9},{"type":"bitmap","file":"mcc:_fonts/tooltips/faction.png","chars":[""],"ascent":-84,"height":9},{"type":"bitmap","file":"mcc:_fonts/tooltips/fish.png","chars":[""],"ascent":-84,"height":9},{"type":"bitmap","file":"mcc:_fonts/tooltips/fishing_rod.png","chars":[""],"ascent":-84,"height":9},{"type":"bitmap","file":"mcc:_fonts/tooltips/furniture.png","chars":[""],"ascent":-84,"height":9},{"type":"bitmap","file":"mcc:_fonts/tooltips/gadget.png","chars":[""],"ascent":-84,"height":9},{"type":"bitmap","file":"mcc:_fonts/tooltips/hair.png","chars":[""],"ascent":-84,"height":9},{"type":"bitmap","file":"mcc:_fonts/tooltips/hat.png","chars":[""],"ascent":-84,"height":9},{"type":"bitmap","file":"mcc:_fonts/tooltips/heart.png","chars":[""],"ascent":-84,"height":9},{"type":"bitmap","file":"mcc:_fonts/tooltips/legendary.png","chars":[""],"ascent":-84,"height":9},{"type":"bitmap","file":"mcc:_fonts/tooltips/limited.png","chars":[""],"ascent":-84,"height":9},{"type":"bitmap","file":"mcc:_fonts/tooltips/material.png","chars":[""],"ascent":-84,"height":9},{"type":"bitmap","file":"mcc:_fonts/tooltips/mythic.png","chars":[""],"ascent":-84,"height":9},{"type":"bitmap","file":"mcc:_fonts/tooltips/openable.png","chars":[""],"ascent":-84,"height":9},{"type":"bitmap","file":"mcc:_fonts/tooltips/pass_meter.png","chars":[""],"ascent":-84,"height":9},{"type":"bitmap","file":"mcc:_fonts/tooltips/prismatic.png","chars":[""],"ascent":-84,"height":9},{"type":"bitmap","file":"mcc:_fonts/tooltips/projectile.png","chars":[""],"ascent":-84,"height":9},{"type":"bitmap","file":"mcc:_fonts/tooltips/quest_meter.png","chars":[""],"ascent":-84,"height":9},{"type":"bitmap","file":"mcc:_fonts/tooltips/quest_scroll.png","chars":[""],"ascent":-84,"height":9},{"type":"bitmap","file":"mcc:_fonts/tooltips/ranged_weapon.png","chars":[""],"ascent":-84,"height":9},{"type":"bitmap","file":"mcc:_fonts/tooltips/rare.png","chars":[""],"ascent":-84,"height":9},{"type":"bitmap","file":"mcc:_fonts/tooltips/seasonal.png","chars":[""],"ascent":-84,"height":9},{"type":"bitmap","file":"mcc:_fonts/tooltips/squidtek.png","chars":[""],"ascent":-84,"height":9},{"type":"bitmap","file":"mcc:_fonts/tooltips/sunken_quest.png","chars":[""],"ascent":-84,"height":9},{"type":"bitmap","file":"mcc:_fonts/tooltips/trail.png","chars":[""],"ascent":-84,"height":9},{"type":"bitmap","file":"mcc:_fonts/tooltips/uncommon.png","chars":[""],"ascent":-84,"height":9},{"type":"bitmap","file":"mcc:_fonts/tooltips/veteran.png","chars":[""],"ascent":-84,"height":9},{"type":"bitmap","file":"mcc:_fonts/tooltips/weekly_quest.png","chars":[""],"ascent":-84,"height":9},{"type":"bitmap","file":"mcc:_fonts/trail_small.png","chars":[""],"ascent":-84,"height":8},{"type":"bitmap","file":"mcc:_fonts/trash_common.png","chars":[""],"ascent":-84,"height":8},{"type":"bitmap","file":"mcc:_fonts/trophy/blue.png","chars":[""],"ascent":-84,"height":8},{"type":"bitmap","file":"mcc:_fonts/trophy/blue_big.png","chars":[""],"ascent":-84,"height":14},{"type":"bitmap","file":"mcc:_fonts/trophy/purple.png","chars":[""],"ascent":-84,"height":8},{"type":"bitmap","file":"mcc:_fonts/trophy/red.png","chars":[""],"ascent":-84,"height":8},{"type":"bitmap","file":"mcc:_fonts/trophy/silver.png","chars":[""],"ascent":-84,"height":8},{"type":"bitmap","file":"mcc:_fonts/trophy/yellow.png","chars":[""],"ascent":-84,"height":8},{"type":"bitmap","file":"mcc:_fonts/wardrobe.png","chars":[""],"ascent":-84,"height":16},{"type":"bitmap","file":"mcc:_fonts/warning_blue.png","chars":[""],"ascent":-84,"height":8},{"type":"bitmap","file":"mcc:_fonts/warning_orange.png","chars":[""],"ascent":-84,"height":8},{"type":"bitmap","file":"mcc:_fonts/warning_purple.png","chars":[""],"ascent":-84,"height":8},{"type":"bitmap","file":"mcc:_fonts/warning_red.png","chars":[""],"ascent":-84,"height":8},{"type":"bitmap","file":"mcc:_fonts/warning_yellow.png","chars":[""],"ascent":-84,"height":8},{"type":"bitmap","file":"mcc:_fonts/wetness.png","chars":[""],"ascent":-84,"height":9},{"type":"bitmap","file":"mcc:_fonts/winner.png","chars":[""],"ascent":-84,"height":8},{"type":"bitmap","file":"mcc:_fonts/xp_bonus.png","chars":[""],"ascent":-144,"height":9}]}