{"textures":{"1":"mcc:island_furniture/props/props_indoor"},"elements":[{"from":[3.0,2.0,5.0],"to":[13.0,29.0,5.0],"rotation":{"angle":0.0,"axis":"x","origin":[8.0,13.5,1.0]},"faces":{"north":{"uv":[9.375,0.0,10.625,3.375],"texture":"#1"},"east":{"uv":[5.625,0.0,5.875,3.875],"texture":"#1"},"south":{"uv":[9.5,0.0,10.75,3.375],"texture":"#1"},"west":{"uv":[5.875,0.0,5.625,3.875],"texture":"#1"},"up":{"uv":[7.625,2.5,9.375,2.75],"texture":"#1"},"down":{"uv":[7.625,2.25,9.375,2.5],"texture":"#1"}}},{"from":[1.0,0.0,5.0],"to":[15.0,31.0,7.0],"rotation":{"angle":0.0,"axis":"x","origin":[8.0,13.5,1.0]},"faces":{"north":{"uv":[3.875,0.0,5.625,3.875],"texture":"#1","tintindex":0},"east":{"uv":[5.625,0.0,5.875,3.875],"texture":"#1","tintindex":0},"south":{"uv":[7.625,0.0,5.875,3.875],"texture":"#1","tintindex":0},"west":{"uv":[5.875,0.0,5.625,3.875],"texture":"#1","tintindex":0},"up":{"uv":[7.625,2.5,9.375,2.75],"texture":"#1","tintindex":0},"down":{"uv":[7.625,2.25,9.375,2.5],"texture":"#1","tintindex":0}}},{"from":[3.0,-1.5,9.0],"to":[13.0,16.5,9.0],"rotation":{"angle":-22.5,"axis":"x","origin":[8.0,11.0,6.0]},"faces":{"north":{"uv":[8.875,0.0,7.625,2.25],"texture":"#1","tintindex":0},"south":{"uv":[8.875,0.0,7.625,2.25],"texture":"#1","tintindex":0}}},{"from":[15.0,31.0,7.0],"to":[1.0,0.0,5.0],"rotation":{"angle":0.0,"axis":"x","origin":[8.0,13.5,1.0]},"faces":{"north":{"uv":[7.625,3.875,5.875,0.0],"texture":"#1","tintindex":0},"east":{"uv":[5.875,3.875,5.625,0.0],"texture":"#1","tintindex":0},"south":{"uv":[3.875,3.875,5.625,0.0],"texture":"#1","tintindex":0},"west":{"uv":[5.625,3.875,5.875,0.0],"texture":"#1","tintindex":0},"up":{"uv":[9.375,2.25,7.625,2.5],"texture":"#1","tintindex":0},"down":{"uv":[9.375,2.5,7.625,2.75],"texture":"#1","tintindex":0}}}],"display":{"thirdperson_righthand":{"translation":[0.0,1.0,-1.0],"rotation":[63.0,34.0,0.0],"scale":[0.37891,0.37891,0.37891]},"thirdperson_lefthand":{"translation":[0.0,1.0,-1.0],"rotation":[63.0,34.0,0.0],"scale":[0.37891,0.37891,0.37891]},"firstperson_righthand":{"translation":[9.5,0.0,-5.75],"rotation":[3.0,112.0,-13.0],"scale":[0.35547,0.35547,0.35547]},"firstperson_lefthand":{"translation":[9.5,0.0,-5.75],"rotation":[3.0,112.0,-13.0],"scale":[0.35547,0.35547,0.35547]},"ground":{"translation":[0.0,4.25,0.0],"scale":[0.28906,0.28906,0.28906]},"gui":{"translation":[0.0,-3.0,0.0],"rotation":[-164.58,-22.33,176.55],"scale":[0.45664,0.45664,0.45664]},"head":{"translation":[0.0,-30.5,-1.0],"rotation":[8.0,0.0,0.0],"scale":[1.6,1.6,1.6]},"fixed":{"translation":[0.0,-3.25,-7.5]}},"credit":"Made with Blockbench"}