{"textures":{"0":"mcc:island_cosmetics/npc/police_heli","1":"mcc:island_cosmetics/npc/heli_anim","2":"mcc:island_cosmetics/npc/heli_lights_anim","3":"mcc:island_cosmetics/npc/heli_anim_2","particle":"mcc:island_cosmetics/npc/police_heli"},"elements":[{"from":[-0.4375,0.0,-5.0],"to":[16.4375,15.75,14.125],"rotation":{"angle":0.0,"axis":"y","origin":[4.4375,0.0,-1.625]},"faces":{"north":{"uv":[1.0,4.0,3.8125,6.625],"texture":"#0"},"east":{"uv":[3.875,4.0,7.0625,6.625],"texture":"#0"},"south":{"uv":[4.375,6.6875,7.1875,9.3125],"texture":"#0"},"west":{"uv":[0.0,0.0,3.1875,2.625],"texture":"#0"},"up":{"uv":[0.0,7.5,2.8125,10.6875],"texture":"#0"},"down":{"uv":[7.25,4.0,10.0625,7.1875],"texture":"#0"}}},{"from":[-3.4375,-6.0,-7.25],"to":[-1.1875,-3.75,16.375],"rotation":{"angle":0.0,"axis":"y","origin":[4.4375,0.0,-1.625]},"faces":{"north":{"uv":[0.6875,3.5625,1.0625,3.9375],"texture":"#0"},"east":{"uv":[0.6875,2.6875,4.625,3.0625],"texture":"#0"},"south":{"uv":[0.6875,3.5625,1.0625,3.9375],"texture":"#0"},"west":{"uv":[0.6875,2.6875,4.625,3.0625],"texture":"#0"},"up":{"uv":[0.6875,3.125,4.625,3.5],"texture":"#0","rotation":90},"down":{"uv":[1.125,3.5625,5.0625,3.9375],"texture":"#0","rotation":90}}},{"from":[-2.3125,-4.5,-3.875],"to":[-0.8125,4.125,-2.375],"rotation":{"angle":-45.0,"axis":"z","origin":[-2.6875,-3.75,4.75]},"faces":{"north":{"uv":[0.6875,4.0,0.9375,5.4375],"texture":"#0"},"east":{"uv":[0.6875,4.0,0.9375,5.4375],"texture":"#0"},"south":{"uv":[0.6875,4.0,0.9375,5.4375],"texture":"#0"},"west":{"uv":[0.6875,4.0,0.9375,5.4375],"texture":"#0"},"up":{"uv":[0.8125,4.3125,0.875,4.375],"texture":"#0"},"down":{"uv":[0.8125,4.3125,0.875,4.375],"texture":"#0"}}},{"from":[-2.3125,-4.5,11.5],"to":[-0.8125,4.125,13.0],"rotation":{"angle":-45.0,"axis":"z","origin":[-2.6875,-3.75,1.75]},"faces":{"north":{"uv":[0.9375,4.0,0.6875,5.4375],"texture":"#0"},"east":{"uv":[0.9375,4.0,0.6875,5.4375],"texture":"#0"},"south":{"uv":[0.9375,4.0,0.6875,5.4375],"texture":"#0"},"west":{"uv":[0.9375,4.0,0.6875,5.4375],"texture":"#0"},"up":{"uv":[0.8125,4.375,0.875,4.3125],"texture":"#0"},"down":{"uv":[0.8125,4.375,0.875,4.3125],"texture":"#0"}}},{"from":[17.1875,-6.0,-7.25],"to":[19.4375,-3.75,16.375],"rotation":{"angle":0.0,"axis":"y","origin":[11.5625,0.0,-1.625]},"faces":{"north":{"uv":[1.0625,3.5625,0.6875,3.9375],"texture":"#0"},"east":{"uv":[4.625,2.6875,0.6875,3.0625],"texture":"#0"},"south":{"uv":[1.0625,3.5625,0.6875,3.9375],"texture":"#0"},"west":{"uv":[4.625,2.6875,0.6875,3.0625],"texture":"#0"},"up":{"uv":[0.6875,3.5,4.625,3.125],"texture":"#0","rotation":90},"down":{"uv":[1.125,3.9375,5.0625,3.5625],"texture":"#0","rotation":90}}},{"from":[16.8125,-4.5,-3.875],"to":[18.3125,4.125,-2.375],"rotation":{"angle":45.0,"axis":"z","origin":[18.6875,-3.75,4.75]},"faces":{"north":{"uv":[0.9375,4.0,0.6875,5.4375],"texture":"#0"},"east":{"uv":[0.9375,4.0,0.6875,5.4375],"texture":"#0"},"south":{"uv":[0.9375,4.0,0.6875,5.4375],"texture":"#0"},"west":{"uv":[0.9375,4.0,0.6875,5.4375],"texture":"#0"},"up":{"uv":[0.875,4.3125,0.8125,4.375],"texture":"#0"},"down":{"uv":[0.875,4.3125,0.8125,4.375],"texture":"#0"}}},{"from":[16.8125,-4.5,11.5],"to":[18.3125,4.125,13.0],"rotation":{"angle":45.0,"axis":"z","origin":[18.6875,-3.75,1.75]},"faces":{"north":{"uv":[0.6875,4.0,0.9375,5.4375],"texture":"#0"},"east":{"uv":[0.6875,4.0,0.9375,5.4375],"texture":"#0"},"south":{"uv":[0.6875,4.0,0.9375,5.4375],"texture":"#0"},"west":{"uv":[0.6875,4.0,0.9375,5.4375],"texture":"#0"},"up":{"uv":[0.875,4.375,0.8125,4.3125],"texture":"#0"},"down":{"uv":[0.875,4.375,0.8125,4.3125],"texture":"#0"}}},{"from":[-0.4375,0.0,-9.5],"to":[16.4375,8.25,-5.0],"rotation":{"angle":0.0,"axis":"y","origin":[4.4375,0.0,-1.625]},"faces":{"north":{"uv":[3.8125,5.25,1.0,6.625],"texture":"#0"},"east":{"uv":[3.9375,0.0,3.1875,1.375],"texture":"#0"},"west":{"uv":[3.1875,0.0,3.9375,1.375],"texture":"#0"},"up":{"uv":[3.8125,6.6875,1.0,7.4375],"texture":"#0"},"down":{"uv":[7.3125,7.25,10.125,8.0],"texture":"#0"}}},{"from":[6.125,-3.0,-11.375],"to":[9.875,0.75,-6.875],"rotation":{"angle":-22.5,"axis":"x","origin":[7.625,4.125,-7.25]},"faces":{"north":{"uv":[7.875,8.0625,7.25,8.6875],"texture":"#0"},"east":{"uv":[8.625,8.0625,7.875,8.6875],"texture":"#0"},"south":{"uv":[9.25,8.0625,8.625,8.6875],"texture":"#0"},"west":{"uv":[8.625,8.0625,7.875,8.6875],"texture":"#0"},"up":{"uv":[7.25,9.3125,8.0,8.6875],"texture":"#0","rotation":90},"down":{"uv":[8.0,9.3125,8.75,8.6875],"texture":"#0","rotation":90}}},{"from":[5.0,15.75,0.625],"to":[11.0,19.125,17.125],"rotation":{"angle":0.0,"axis":"y","origin":[-1.0,0.0,-1.625]},"faces":{"north":{"uv":[9.5625,2.4375,10.5625,3.0],"texture":"#0"},"east":{"uv":[5.9375,1.5625,3.1875,2.125],"texture":"#0"},"south":{"uv":[9.5625,1.8125,10.5625,2.375],"texture":"#0"},"west":{"uv":[3.1875,1.5625,5.9375,2.125],"texture":"#0"},"up":{"uv":[10.625,0.0,11.625,2.75],"texture":"#0"}}},{"from":[5.75,19.125,4.375],"to":[10.25,21.375,8.875],"rotation":{"angle":0.0,"axis":"y","origin":[-0.625,0.0,-1.625]},"faces":{"north":{"uv":[3.1875,2.125,3.9375,2.5],"texture":"#0"},"east":{"uv":[3.1875,2.125,3.9375,2.5],"texture":"#0"},"south":{"uv":[3.1875,2.125,3.9375,2.5],"texture":"#0"},"west":{"uv":[3.1875,2.125,3.9375,2.5],"texture":"#0"},"up":{"uv":[4.6875,2.75,5.4375,3.5],"texture":"#0"},"down":{"uv":[4.6875,2.75,5.4375,3.5],"texture":"#0"}}},{"from":[7.25,21.375,5.875],"to":[8.75,24.375,7.375],"rotation":{"angle":0.0,"axis":"y","origin":[-0.625,0.0,-1.625]},"faces":{"north":{"uv":[3.9375,2.125,4.1875,2.625],"texture":"#0"},"east":{"uv":[3.9375,2.125,4.1875,2.625],"texture":"#0"},"south":{"uv":[3.9375,2.125,4.1875,2.625],"texture":"#0"},"west":{"uv":[3.9375,2.125,4.1875,2.625],"texture":"#0"},"up":{"uv":[4.1875,2.125,4.4375,2.375],"texture":"#0"},"down":{"uv":[4.1875,2.125,4.4375,2.375],"texture":"#0"}}},{"from":[2.75,11.625,26.5],"to":[5.75,13.125,28.0],"rotation":{"angle":0.0,"axis":"z","origin":[8.0,22.875,6.625]},"faces":{"north":{"uv":[3.9375,2.125,4.1875,2.625],"texture":"#0","rotation":90},"east":{"uv":[4.4375,2.125,4.1875,2.375],"texture":"#0"},"south":{"uv":[3.9375,2.125,4.1875,2.625],"texture":"#0","rotation":270},"west":{"uv":[4.1875,2.125,4.4375,2.375],"texture":"#0","rotation":270},"up":{"uv":[3.9375,2.125,4.1875,2.625],"texture":"#0","rotation":270},"down":{"uv":[3.9375,2.125,4.1875,2.625],"texture":"#0","rotation":270}}},{"from":[4.25,7.875,26.5],"to":[5.0,11.625,28.0],"rotation":{"angle":45.0,"axis":"x","origin":[4.625,12.375,27.25]},"faces":{"north":{"uv":[0.5,5.5,1.0,0.5],"texture":"#3"},"east":{"uv":[2.5,5.5,0.5,0.5],"texture":"#3"},"south":{"uv":[0.5,5.5,1.0,0.5],"texture":"#3"},"west":{"uv":[0.5,5.5,2.5,0.5],"texture":"#3"},"up":{"uv":[3.5,4.0,4.0,4.5],"texture":"#3"},"down":{"uv":[0.5,0.5,2.5,1.0],"texture":"#3","rotation":90}}},{"from":[4.25,13.125,26.5],"to":[5.0,16.875,28.0],"rotation":{"angle":45.0,"axis":"x","origin":[4.625,12.375,27.25]},"faces":{"north":{"uv":[0.5,5.5,1.0,0.5],"texture":"#3","rotation":180},"east":{"uv":[2.5,5.5,0.5,0.5],"texture":"#3","rotation":180},"south":{"uv":[0.5,5.5,1.0,0.5],"texture":"#3","rotation":180},"west":{"uv":[0.5,5.5,2.5,0.5],"texture":"#3","rotation":180},"up":{"uv":[0.5,0.5,2.5,1.0],"texture":"#3","rotation":90},"down":{"uv":[3.5,4.0,4.0,4.5],"texture":"#3"}}},{"from":[4.25,11.625,22.75],"to":[5.0,13.125,26.5],"rotation":{"angle":0.0,"axis":"x","origin":[4.625,12.375,27.25]},"faces":{"north":{"uv":[0.5,6.0,2.5,6.5],"texture":"#3","rotation":270},"east":{"uv":[2.5,11.0,0.5,6.0],"texture":"#3","rotation":270},"south":{"uv":[3.5,9.5,4.0,10.0],"texture":"#3"},"west":{"uv":[0.5,11.0,2.5,6.0],"texture":"#3","rotation":90},"up":{"uv":[0.5,11.0,1.0,6.0],"texture":"#3","rotation":180},"down":{"uv":[0.5,11.0,1.0,6.0],"texture":"#3"}}},{"from":[4.25,11.625,28.0],"to":[5.0,13.125,31.75],"rotation":{"angle":0.0,"axis":"x","origin":[4.625,12.375,27.25]},"faces":{"north":{"uv":[3.5,9.5,4.0,10.0],"texture":"#3","rotation":180},"east":{"uv":[2.5,11.0,0.5,6.0],"texture":"#3","rotation":90},"south":{"uv":[0.5,6.0,2.5,6.5],"texture":"#3","rotation":90},"west":{"uv":[0.5,11.0,2.5,6.0],"texture":"#3","rotation":270},"up":{"uv":[0.5,11.0,1.0,6.0],"texture":"#3"},"down":{"uv":[0.5,11.0,1.0,6.0],"texture":"#3","rotation":180}}},{"from":[4.25,13.125,26.5],"to":[5.0,16.875,28.0],"rotation":{"angle":-45.0,"axis":"x","origin":[4.625,12.375,27.25]},"faces":{"north":{"uv":[5.0,5.5,5.5,0.5],"texture":"#3","rotation":180},"east":{"uv":[7.0,5.5,5.0,0.5],"texture":"#3","rotation":180},"south":{"uv":[5.0,5.5,5.5,0.5],"texture":"#3","rotation":180},"west":{"uv":[5.0,5.5,7.0,0.5],"texture":"#3","rotation":180},"up":{"uv":[5.0,0.5,7.0,1.0],"texture":"#3","rotation":90},"down":{"uv":[8.0,4.0,8.5,4.5],"texture":"#3"}}},{"from":[4.25,7.875,26.5],"to":[5.0,11.625,28.0],"rotation":{"angle":-45.0,"axis":"x","origin":[4.625,12.375,27.25]},"faces":{"north":{"uv":[5.0,5.5,5.5,0.5],"texture":"#3"},"east":{"uv":[7.0,5.5,5.0,0.5],"texture":"#3"},"south":{"uv":[5.0,5.5,5.5,0.5],"texture":"#3"},"west":{"uv":[5.0,5.5,7.0,0.5],"texture":"#3"},"up":{"uv":[8.0,4.0,8.5,4.5],"texture":"#3"},"down":{"uv":[5.0,0.5,7.0,1.0],"texture":"#3","rotation":90}}},{"from":[4.25,13.125,26.5],"to":[5.0,16.875,28.0],"rotation":{"angle":0.0,"axis":"x","origin":[4.625,12.375,27.25]},"faces":{"north":{"uv":[5.0,11.0,5.5,6.0],"texture":"#3","rotation":180},"east":{"uv":[7.0,11.0,5.0,6.0],"texture":"#3","rotation":180},"south":{"uv":[5.0,11.0,5.5,6.0],"texture":"#3","rotation":180},"west":{"uv":[5.0,11.0,7.0,6.0],"texture":"#3","rotation":180},"up":{"uv":[5.0,6.0,7.0,6.5],"texture":"#3","rotation":90},"down":{"uv":[8.0,9.5,8.5,10.0],"texture":"#3"}}},{"from":[4.25,7.875,26.5],"to":[5.0,11.625,28.0],"rotation":{"angle":0.0,"axis":"x","origin":[4.625,12.375,27.25]},"faces":{"north":{"uv":[5.0,11.0,5.5,6.0],"texture":"#3"},"east":{"uv":[7.0,11.0,5.0,6.0],"texture":"#3"},"south":{"uv":[5.0,11.0,5.5,6.0],"texture":"#3"},"west":{"uv":[5.0,11.0,7.0,6.0],"texture":"#3"},"up":{"uv":[8.0,9.5,8.5,10.0],"texture":"#3"},"down":{"uv":[5.0,6.0,7.0,6.5],"texture":"#3","rotation":90}}},{"from":[6.125,22.125,7.375],"to":[9.875,22.875,28.375],"rotation":{"angle":0.0,"axis":"y","origin":[8.0,22.5,6.625]},"faces":{"north":{"uv":[4.0,5.25,3.5,2.75],"texture":"#1","rotation":90},"east":{"uv":[3.5,14.25,3.0,0.25],"texture":"#1","rotation":90},"south":{"uv":[4.0,2.75,3.5,0.25],"texture":"#1","rotation":90},"west":{"uv":[3.5,0.25,3.0,14.25],"texture":"#1","rotation":90},"up":{"uv":[0.25,0.25,2.75,14.25],"texture":"#1","rotation":180},"down":{"uv":[0.25,14.25,2.75,0.25],"texture":"#1","rotation":180}}},{"from":[6.125,22.125,-14.375],"to":[9.875,22.875,6.625],"rotation":{"angle":0.0,"axis":"y","origin":[8.0,22.5,7.375]},"faces":{"north":{"uv":[4.0,0.25,3.5,2.75],"texture":"#1","rotation":90},"east":{"uv":[3.5,0.25,3.0,14.25],"texture":"#1","rotation":90},"south":{"uv":[4.0,2.75,3.5,5.25],"texture":"#1","rotation":90},"west":{"uv":[3.5,14.25,3.0,0.25],"texture":"#1","rotation":90},"up":{"uv":[0.25,14.25,2.75,0.25],"texture":"#1","rotation":180},"down":{"uv":[0.25,0.25,2.75,14.25],"texture":"#1","rotation":180}}},{"from":[-13.375,22.5,-14.375],"to":[29.375,22.5,28.375],"rotation":{"angle":0.0,"axis":"y","origin":[-11.5,22.5,7.375]},"faces":{"north":{"uv":[4.0,0.25,3.5,2.75],"texture":"#1","rotation":90},"east":{"uv":[3.5,0.25,3.0,14.25],"texture":"#1","rotation":90},"south":{"uv":[4.0,2.75,3.5,5.25],"texture":"#1","rotation":90},"west":{"uv":[3.5,14.25,3.0,0.25],"texture":"#1","rotation":90},"up":{"uv":[8.875,16.0,16.0,8.875],"texture":"#0","rotation":180},"down":{"uv":[8.875,16.0,16.0,8.875],"texture":"#0","rotation":180}}},{"from":[6.125,22.125,-14.375],"to":[9.875,22.875,6.625],"rotation":{"angle":-45.0,"axis":"y","origin":[8.0,22.5,7.0]},"faces":{"north":{"uv":[8.0,0.25,7.5,2.75],"texture":"#1","rotation":90},"east":{"uv":[7.5,0.25,7.0,14.25],"texture":"#1","rotation":90},"south":{"uv":[8.0,2.75,7.5,5.25],"texture":"#1","rotation":90},"west":{"uv":[7.5,14.25,7.0,0.25],"texture":"#1","rotation":90},"up":{"uv":[4.25,14.25,6.75,0.25],"texture":"#1","rotation":180},"down":{"uv":[4.25,0.25,6.75,14.25],"texture":"#1","rotation":180}}},{"from":[6.125,22.125,7.375],"to":[9.875,22.875,28.375],"rotation":{"angle":-45.0,"axis":"y","origin":[8.0,22.5,7.0]},"faces":{"north":{"uv":[8.0,5.25,7.5,2.75],"texture":"#1","rotation":90},"east":{"uv":[7.5,14.25,7.0,0.25],"texture":"#1","rotation":90},"south":{"uv":[8.0,2.75,7.5,0.25],"texture":"#1","rotation":90},"west":{"uv":[7.5,0.25,7.0,14.25],"texture":"#1","rotation":90},"up":{"uv":[4.25,0.25,6.75,14.25],"texture":"#1","rotation":180},"down":{"uv":[4.25,14.25,6.75,0.25],"texture":"#1","rotation":180}}},{"from":[8.375,22.125,5.125],"to":[29.375,22.875,8.875],"rotation":{"angle":0.0,"axis":"y","origin":[8.0,22.5,7.0]},"faces":{"north":{"uv":[11.5,14.25,11.0,0.25],"texture":"#1","rotation":90},"east":{"uv":[12.0,0.25,11.5,2.75],"texture":"#1","rotation":90},"south":{"uv":[11.5,0.25,11.0,14.25],"texture":"#1","rotation":90},"west":{"uv":[12.0,2.75,11.5,5.25],"texture":"#1","rotation":90},"up":{"uv":[8.25,14.25,10.75,0.25],"texture":"#1","rotation":270},"down":{"uv":[8.25,0.25,10.75,14.25],"texture":"#1","rotation":90}}},{"from":[-13.375,22.125,5.125],"to":[7.625,22.875,8.875],"rotation":{"angle":0.0,"axis":"y","origin":[8.0,22.5,7.0]},"faces":{"north":{"uv":[11.5,0.25,11.0,14.25],"texture":"#1","rotation":90},"east":{"uv":[12.0,5.25,11.5,2.75],"texture":"#1","rotation":90},"south":{"uv":[11.5,14.25,11.0,0.25],"texture":"#1","rotation":90},"west":{"uv":[12.0,2.75,11.5,0.25],"texture":"#1","rotation":90},"up":{"uv":[8.25,0.25,10.75,14.25],"texture":"#1","rotation":270},"down":{"uv":[8.25,14.25,10.75,0.25],"texture":"#1","rotation":90}}},{"from":[8.375,22.125,5.125],"to":[29.375,22.875,8.875],"rotation":{"angle":-45.0,"axis":"y","origin":[8.0,22.5,7.0]},"faces":{"north":{"uv":[15.5,14.25,15.0,0.25],"texture":"#1","rotation":90},"east":{"uv":[16.0,0.25,15.5,2.75],"texture":"#1","rotation":90},"south":{"uv":[15.5,0.25,15.0,14.25],"texture":"#1","rotation":90},"west":{"uv":[16.0,2.75,15.5,5.25],"texture":"#1","rotation":90},"up":{"uv":[12.25,14.25,14.75,0.25],"texture":"#1","rotation":270},"down":{"uv":[12.25,0.25,14.75,14.25],"texture":"#1","rotation":90}}},{"from":[-13.375,22.125,5.125],"to":[7.625,22.875,8.875],"rotation":{"angle":-45.0,"axis":"y","origin":[8.0,22.5,7.0]},"faces":{"north":{"uv":[15.5,0.25,15.0,14.25],"texture":"#1","rotation":90},"east":{"uv":[16.0,5.25,15.5,2.75],"texture":"#1","rotation":90},"south":{"uv":[15.5,14.25,15.0,0.25],"texture":"#1","rotation":90},"west":{"uv":[16.0,2.75,15.5,0.25],"texture":"#1","rotation":90},"up":{"uv":[12.25,0.25,14.75,14.25],"texture":"#1","rotation":270},"down":{"uv":[12.25,14.25,14.75,0.25],"texture":"#1","rotation":90}}},{"from":[3.5,6.375,14.125],"to":[12.5,15.75,19.375],"rotation":{"angle":0.0,"axis":"x","origin":[8.0,12.0,22.75]},"faces":{"east":{"uv":[4.8125,0.0,3.9375,1.5625],"texture":"#0"},"south":{"uv":[7.0625,2.375,5.5625,3.9375],"texture":"#0"},"west":{"uv":[3.9375,0.0,4.8125,1.5625],"texture":"#0"},"up":{"uv":[2.8125,7.5,4.3125,8.375],"texture":"#0"},"down":{"uv":[7.125,1.3125,8.625,2.1875],"texture":"#0"}}},{"from":[5.375,9.375,18.90625],"to":[10.625,15.75,29.40625],"rotation":{"angle":0.0,"axis":"x","origin":[8.375,12.0,22.75]},"faces":{"east":{"uv":[13.4375,0.0,11.6875,1.0625],"texture":"#0"},"south":{"uv":[6.0,1.3125,6.875,2.375],"texture":"#0"},"west":{"uv":[4.8125,0.0,6.5625,1.0625],"texture":"#0"},"up":{"uv":[2.8125,8.375,3.6875,10.125],"texture":"#0"},"down":{"uv":[9.6875,0.0,10.5625,1.75],"texture":"#0"}}},{"from":[7.25,13.875,23.875],"to":[8.75,21.375,29.5],"rotation":{"angle":22.5,"axis":"x","origin":[7.25,12.0,23.5]},"faces":{"north":{"uv":[8.4375,0.0,8.6875,1.25],"texture":"#0"},"east":{"uv":[6.5625,0.0,7.5,1.25],"texture":"#0"},"south":{"uv":[8.4375,0.0,8.6875,1.25],"texture":"#0"},"west":{"uv":[6.5625,0.0,7.5,1.25],"texture":"#0"},"up":{"uv":[8.1875,0.0,8.4375,0.9375],"texture":"#0"}}},{"from":[7.4375,21.27375,26.68528],"to":[8.5625,22.39875,27.81028],"rotation":{"angle":-45.0,"axis":"x","origin":[8.1875,19.96125,30.24778]},"faces":{"north":{"uv":[0.0,0.0,3.0,3.0],"texture":"#2"},"east":{"uv":[0.0,0.0,3.0,3.0],"texture":"#2"},"south":{"uv":[0.0,0.0,3.0,3.0],"texture":"#2"},"west":{"uv":[0.0,0.0,3.0,3.0],"texture":"#2"},"up":{"uv":[4.0,0.0,7.0,3.0],"texture":"#2"},"down":{"uv":[1.0,2.0,2.0,3.0],"texture":"#2"}}},{"from":[8.9375,22.77375,28.18528],"to":[7.0625,20.89875,26.31028],"rotation":{"angle":-45.0,"axis":"x","origin":[7.8125,19.96125,30.24778]},"faces":{"north":{"uv":[8.0,0.0,9.0,1.0],"texture":"#2"},"east":{"uv":[8.0,0.0,9.0,1.0],"texture":"#2"},"south":{"uv":[8.0,0.0,9.0,1.0],"texture":"#2"},"west":{"uv":[8.0,0.0,9.0,1.0],"texture":"#2"},"up":{"uv":[10.0,0.0,11.0,1.0],"texture":"#2"},"down":{"uv":[8.0,0.0,9.0,1.0],"texture":"#2"}}},{"from":[9.5,23.33625,28.74778],"to":[6.5,20.33625,25.74778],"rotation":{"angle":-45.0,"axis":"x","origin":[8.0,19.96125,30.24778]},"faces":{"north":{"uv":[9.0,0.0,10.0,1.0],"texture":"#2"},"east":{"uv":[9.0,0.0,10.0,1.0],"texture":"#2"},"south":{"uv":[9.0,0.0,10.0,1.0],"texture":"#2"},"west":{"uv":[9.0,0.0,10.0,1.0],"texture":"#2"},"up":{"uv":[10.0,0.0,11.0,1.0],"texture":"#2"},"down":{"uv":[9.0,0.0,10.0,1.0],"texture":"#2"}}},{"from":[-2.8125,-4.93838,-8.28877],"to":[-1.6875,-3.81338,-7.16377],"rotation":{"angle":-22.5,"axis":"x","origin":[-3.0,-4.87588,-5.72627]},"faces":{"north":{"uv":[4.0,0.0,7.0,3.0],"texture":"#2","rotation":180},"east":{"uv":[0.0,0.0,3.0,3.0],"texture":"#2","rotation":90},"south":{"uv":[1.0,2.0,2.0,3.0],"texture":"#2"},"west":{"uv":[0.0,0.0,3.0,3.0],"texture":"#2","rotation":270},"up":{"uv":[0.0,0.0,3.0,3.0],"texture":"#2"},"down":{"uv":[0.0,0.0,3.0,3.0],"texture":"#2","rotation":180}}},{"from":[-1.3125,-3.43838,-6.78877],"to":[-3.1875,-5.31338,-8.66377],"rotation":{"angle":-22.5,"axis":"x","origin":[-3.0,-4.87588,-5.72627]},"faces":{"north":{"uv":[10.0,0.0,11.0,1.0],"texture":"#2","rotation":180},"east":{"uv":[8.0,0.0,9.0,1.0],"texture":"#2","rotation":90},"south":{"uv":[8.0,0.0,9.0,1.0],"texture":"#2"},"west":{"uv":[8.0,0.0,9.0,1.0],"texture":"#2","rotation":270},"up":{"uv":[8.0,0.0,9.0,1.0],"texture":"#2"},"down":{"uv":[8.0,0.0,9.0,1.0],"texture":"#2","rotation":180}}},{"from":[-0.75,-2.87588,-6.22627],"to":[-3.75,-5.87588,-9.22627],"rotation":{"angle":-22.5,"axis":"x","origin":[-3.0,-4.87588,-5.72627]},"faces":{"north":{"uv":[10.0,0.0,11.0,1.0],"texture":"#2","rotation":180},"east":{"uv":[9.0,0.0,10.0,1.0],"texture":"#2","rotation":90},"south":{"uv":[9.0,0.0,10.0,1.0],"texture":"#2"},"west":{"uv":[9.0,0.0,10.0,1.0],"texture":"#2","rotation":270},"up":{"uv":[9.0,0.0,10.0,1.0],"texture":"#2"},"down":{"uv":[9.0,0.0,10.0,1.0],"texture":"#2","rotation":180}}},{"from":[17.6875,-4.93838,-8.28877],"to":[18.8125,-3.81338,-7.16377],"rotation":{"angle":-22.5,"axis":"x","origin":[19.0,-4.87588,-5.72627]},"faces":{"north":{"uv":[7.0,0.0,4.0,3.0],"texture":"#2","rotation":180},"east":{"uv":[0.0,3.0,3.0,0.0],"texture":"#2","rotation":270},"south":{"uv":[2.0,2.0,1.0,3.0],"texture":"#2"},"west":{"uv":[0.0,3.0,3.0,0.0],"texture":"#2","rotation":90},"up":{"uv":[3.0,0.0,0.0,3.0],"texture":"#2"},"down":{"uv":[3.0,0.0,0.0,3.0],"texture":"#2","rotation":180}}},{"from":[19.1875,-3.43838,-6.78877],"to":[17.3125,-5.31338,-8.66377],"rotation":{"angle":-22.5,"axis":"x","origin":[19.0,-4.87588,-5.72627]},"faces":{"north":{"uv":[11.0,0.0,10.0,1.0],"texture":"#2","rotation":180},"east":{"uv":[8.0,1.0,9.0,0.0],"texture":"#2","rotation":270},"south":{"uv":[9.0,0.0,8.0,1.0],"texture":"#2"},"west":{"uv":[8.0,1.0,9.0,0.0],"texture":"#2","rotation":90},"up":{"uv":[9.0,0.0,8.0,1.0],"texture":"#2"},"down":{"uv":[9.0,0.0,8.0,1.0],"texture":"#2","rotation":180}}},{"from":[19.75,-2.87588,-6.22627],"to":[16.75,-5.87588,-9.22627],"rotation":{"angle":-22.5,"axis":"x","origin":[19.0,-4.87588,-5.72627]},"faces":{"north":{"uv":[11.0,0.0,10.0,1.0],"texture":"#2","rotation":180},"east":{"uv":[9.0,1.0,10.0,0.0],"texture":"#2","rotation":270},"south":{"uv":[10.0,0.0,9.0,1.0],"texture":"#2"},"west":{"uv":[9.0,1.0,10.0,0.0],"texture":"#2","rotation":90},"up":{"uv":[10.0,0.0,9.0,1.0],"texture":"#2"},"down":{"uv":[10.0,0.0,9.0,1.0],"texture":"#2","rotation":180}}},{"from":[-2.8125,-7.43838,16.66377],"to":[-1.6875,-6.31338,17.78877],"rotation":{"angle":22.5,"axis":"x","origin":[-3.0,-4.87588,21.72627]},"faces":{"north":{"uv":[2.0,2.0,1.0,3.0],"texture":"#2"},"east":{"uv":[0.0,3.0,3.0,0.0],"texture":"#2","rotation":90},"south":{"uv":[7.0,0.0,4.0,3.0],"texture":"#2","rotation":180},"west":{"uv":[0.0,3.0,3.0,0.0],"texture":"#2","rotation":270},"up":{"uv":[0.0,3.0,3.0,0.0],"texture":"#2"},"down":{"uv":[0.0,3.0,3.0,0.0],"texture":"#2","rotation":180}}},{"from":[-1.3125,-5.93838,18.16377],"to":[-3.1875,-7.81338,16.28877],"rotation":{"angle":22.5,"axis":"x","origin":[-3.0,-4.87588,21.72627]},"faces":{"north":{"uv":[9.0,0.0,8.0,1.0],"texture":"#2"},"east":{"uv":[8.0,1.0,9.0,0.0],"texture":"#2","rotation":90},"south":{"uv":[11.0,0.0,10.0,1.0],"texture":"#2","rotation":180},"west":{"uv":[8.0,1.0,9.0,0.0],"texture":"#2","rotation":270},"up":{"uv":[8.0,1.0,9.0,0.0],"texture":"#2"},"down":{"uv":[8.0,1.0,9.0,0.0],"texture":"#2","rotation":180}}},{"from":[-0.75,-5.37588,18.72627],"to":[-3.75,-8.37588,15.72627],"rotation":{"angle":22.5,"axis":"x","origin":[-3.0,-4.87588,21.72627]},"faces":{"north":{"uv":[10.0,0.0,9.0,1.0],"texture":"#2"},"east":{"uv":[9.0,1.0,10.0,0.0],"texture":"#2","rotation":90},"south":{"uv":[11.0,0.0,10.0,1.0],"texture":"#2","rotation":180},"west":{"uv":[9.0,1.0,10.0,0.0],"texture":"#2","rotation":270},"up":{"uv":[9.0,1.0,10.0,0.0],"texture":"#2"},"down":{"uv":[9.0,1.0,10.0,0.0],"texture":"#2","rotation":180}}},{"from":[17.6875,-7.43838,16.66377],"to":[18.8125,-6.31338,17.78877],"rotation":{"angle":22.5,"axis":"x","origin":[19.0,-4.87588,21.72627]},"faces":{"north":{"uv":[1.0,2.0,2.0,3.0],"texture":"#2"},"east":{"uv":[0.0,0.0,3.0,3.0],"texture":"#2","rotation":270},"south":{"uv":[4.0,0.0,7.0,3.0],"texture":"#2","rotation":180},"west":{"uv":[0.0,0.0,3.0,3.0],"texture":"#2","rotation":90},"up":{"uv":[3.0,3.0,0.0,0.0],"texture":"#2"},"down":{"uv":[3.0,3.0,0.0,0.0],"texture":"#2","rotation":180}}},{"from":[19.1875,-5.93838,18.16377],"to":[17.3125,-7.81338,16.28877],"rotation":{"angle":22.5,"axis":"x","origin":[19.0,-4.87588,21.72627]},"faces":{"north":{"uv":[8.0,0.0,9.0,1.0],"texture":"#2"},"east":{"uv":[8.0,0.0,9.0,1.0],"texture":"#2","rotation":270},"south":{"uv":[10.0,0.0,11.0,1.0],"texture":"#2","rotation":180},"west":{"uv":[8.0,0.0,9.0,1.0],"texture":"#2","rotation":90},"up":{"uv":[9.0,1.0,8.0,0.0],"texture":"#2"},"down":{"uv":[9.0,1.0,8.0,0.0],"texture":"#2","rotation":180}}},{"from":[19.75,-5.37588,18.72627],"to":[16.75,-8.37588,15.72627],"rotation":{"angle":22.5,"axis":"x","origin":[19.0,-4.87588,21.72627]},"faces":{"north":{"uv":[9.0,0.0,10.0,1.0],"texture":"#2"},"east":{"uv":[9.0,0.0,10.0,1.0],"texture":"#2","rotation":270},"south":{"uv":[10.0,0.0,11.0,1.0],"texture":"#2","rotation":180},"west":{"uv":[9.0,0.0,10.0,1.0],"texture":"#2","rotation":90},"up":{"uv":[10.0,1.0,9.0,0.0],"texture":"#2"},"down":{"uv":[10.0,1.0,9.0,0.0],"texture":"#2","rotation":180}}},{"from":[7.25,3.375,24.625],"to":[8.75,9.375,28.75],"rotation":{"angle":-22.5,"axis":"x","origin":[7.25,12.0,23.5]},"faces":{"north":{"uv":[8.75,0.0,9.0,1.0],"texture":"#0"},"east":{"uv":[8.1875,0.0,7.5,1.0],"texture":"#0"},"south":{"uv":[8.75,0.0,9.0,1.0],"texture":"#0"},"west":{"uv":[7.5,0.0,8.1875,1.0],"texture":"#0"},"up":{"uv":[9.0625,0.0,9.3125,0.6875],"texture":"#0"},"down":{"uv":[9.375,0.0,9.625,0.6875],"texture":"#0"}}},{"from":[9.5,0.375,-11.375],"to":[6.5,-2.625,-15.875],"rotation":{"angle":-22.5,"axis":"x","origin":[7.625,4.125,-7.25]},"faces":{"east":{"uv":[9.5,8.75,8.75,8.6875],"texture":"#0"},"west":{"uv":[8.75,8.6875,9.5,8.75],"texture":"#0"},"up":{"uv":[8.75,8.75,9.5,8.6875],"texture":"#0","rotation":90},"down":{"uv":[9.5,8.6875,8.75,8.75],"texture":"#0","rotation":90}}}],"display":{"thirdperson_righthand":{"translation":[0.0,1.0,-1.0],"rotation":[63.0,34.0,0.0],"scale":[0.37891,0.37891,0.37891]},"thirdperson_lefthand":{"translation":[0.0,1.0,-1.0],"rotation":[63.0,34.0,0.0],"scale":[0.37891,0.37891,0.37891]},"firstperson_righthand":{"translation":[9.5,0.0,-5.75],"rotation":[3.0,112.0,-13.0],"scale":[0.35547,0.35547,0.35547]},"firstperson_lefthand":{"translation":[9.5,0.0,-5.75],"rotation":[3.0,112.0,-13.0],"scale":[0.35547,0.35547,0.35547]},"ground":{"translation":[0.0,4.25,0.0],"scale":[0.28906,0.28906,0.28906]},"gui":{"translation":[-0.25,-0.25,0.0],"rotation":[30.0,-158.0,0.0],"scale":[0.56992,0.56992,0.56992]},"head":{"translation":[0.0,14.0,5.75],"rotation":[-10.5,0.0,0.0],"scale":[4.0,4.0,4.0]},"fixed":{"translation":[0.0,-3.25,-7.5]}},"credit":"Made with Blockbench"}