{"textures":{"1":"mcc:island_furniture/props/props_kitchen"},"elements":[{"from":[0.0,14.0,-2.0],"to":[16.0,16.0,14.0],"rotation":{"angle":0.0,"axis":"y","origin":[0.0,0.0,-2.0]},"faces":{"north":{"uv":[12.375,12.875,10.375,13.125],"texture":"#1"},"east":{"uv":[12.375,12.875,10.375,13.125],"texture":"#1"},"south":{"uv":[12.375,12.875,10.375,13.125],"texture":"#1"},"west":{"uv":[12.375,12.875,10.375,13.125],"texture":"#1"},"up":{"uv":[15.875,6.875,13.875,8.875],"texture":"#1"},"down":{"uv":[12.25,13.0,12.375,13.125],"texture":"#1"}}},{"from":[8.5,7.0,-2.0],"to":[14.5,9.0,0.0],"rotation":{"angle":0.0,"axis":"y","origin":[0.0,0.0,-2.0]},"faces":{"north":{"uv":[10.0,15.125,9.25,15.375],"texture":"#1"},"east":{"uv":[10.375,15.125,10.125,15.375],"texture":"#1"},"south":{"uv":[10.75,13.125,10.875,13.25],"texture":"#1"},"west":{"uv":[10.125,15.125,10.375,15.375],"texture":"#1"},"up":{"uv":[10.75,13.125,10.875,13.25],"texture":"#1"},"down":{"uv":[10.75,13.125,10.875,13.25],"texture":"#1"}}},{"from":[1.5,7.0,-2.0],"to":[7.5,9.0,0.0],"rotation":{"angle":0.0,"axis":"y","origin":[0.0,0.0,-2.0]},"faces":{"north":{"uv":[10.0,15.125,9.25,15.375],"texture":"#1"},"east":{"uv":[10.375,15.125,10.125,15.375],"texture":"#1"},"south":{"uv":[10.75,13.125,10.875,13.25],"texture":"#1"},"west":{"uv":[10.125,15.125,10.375,15.375],"texture":"#1"},"up":{"uv":[10.75,13.125,10.875,13.25],"texture":"#1"},"down":{"uv":[10.75,13.125,10.875,13.25],"texture":"#1"}}},{"from":[0.0,0.0,0.0],"to":[16.0,14.0,16.0],"rotation":{"angle":0.0,"axis":"y","origin":[0.0,0.0,-2.0]},"faces":{"north":{"uv":[13.75,7.125,11.75,8.875],"texture":"#1"},"east":{"uv":[15.125,9.0,13.125,10.75],"texture":"#1"},"south":{"uv":[14.5,10.875,12.5,12.625],"texture":"#1"},"west":{"uv":[15.125,9.0,13.125,10.75],"texture":"#1"},"up":{"uv":[12.0,15.0,12.125,15.125],"texture":"#1"},"down":{"uv":[13.0,8.875,11.0,10.875],"texture":"#1"}}},{"from":[0.0,14.0,14.0],"to":[16.0,21.0,16.0],"rotation":{"angle":0.0,"axis":"y","origin":[0.0,0.0,-2.0]},"faces":{"north":{"uv":[9.125,15.125,7.125,16.0],"texture":"#1"},"east":{"uv":[4.875,15.125,5.125,16.0],"texture":"#1"},"south":{"uv":[7.125,15.125,5.125,16.0],"texture":"#1"},"west":{"uv":[5.125,15.125,4.875,16.0],"texture":"#1"},"up":{"uv":[9.125,14.875,7.125,15.125],"texture":"#1"},"down":{"uv":[13.0,8.875,11.0,10.875],"texture":"#1"}}},{"from":[-0.01,6.74,-3.01],"to":[16.01,10.76,0.01],"rotation":{"angle":22.5,"axis":"x","origin":[8.0,7.0,7.0]},"faces":{"north":{"uv":[11.75,15.5,9.75,16.0],"texture":"#1"},"east":{"uv":[11.375,11.25,11.0,11.75],"texture":"#1"},"south":{"uv":[12.125,13.25,10.375,15.0],"texture":"#1"},"west":{"uv":[11.0,11.25,11.375,11.75],"texture":"#1"},"up":{"uv":[11.375,12.375,11.5,12.5],"texture":"#1"},"down":{"uv":[12.375,11.875,10.375,12.25],"texture":"#1"}}},{"from":[0.0,6.75,-3.5],"to":[16.0,10.75,-3.5],"rotation":{"angle":22.5,"axis":"x","origin":[8.0,7.0,7.0]},"faces":{"north":{"uv":[14.25,15.5,12.25,16.0],"texture":"#1"},"east":{"uv":[12.125,13.25,10.375,15.0],"texture":"#1"},"south":{"uv":[14.25,15.5,12.25,16.0],"texture":"#1"},"west":{"uv":[12.125,13.25,10.375,15.0],"texture":"#1"},"down":{"uv":[12.375,11.875,10.375,12.25],"texture":"#1"}}},{"from":[14.5,9.0,0.0],"to":[8.5,7.0,-2.0],"rotation":{"angle":0.0,"axis":"y","origin":[0.0,0.0,-2.0]},"faces":{"north":{"uv":[10.75,13.25,10.875,13.125],"texture":"#1"},"east":{"uv":[10.125,15.375,10.375,15.125],"texture":"#1"},"south":{"uv":[10.0,15.375,9.25,15.125],"texture":"#1"},"west":{"uv":[10.375,15.375,10.125,15.125],"texture":"#1"},"up":{"uv":[10.875,13.125,10.75,13.25],"texture":"#1"},"down":{"uv":[10.875,13.125,10.75,13.25],"texture":"#1"}}},{"from":[7.5,9.0,0.0],"to":[1.5,7.0,-2.0],"rotation":{"angle":0.0,"axis":"y","origin":[0.0,0.0,-2.0]},"faces":{"north":{"uv":[10.75,13.25,10.875,13.125],"texture":"#1"},"east":{"uv":[10.125,15.375,10.375,15.125],"texture":"#1"},"south":{"uv":[10.0,15.375,9.25,15.125],"texture":"#1"},"west":{"uv":[10.375,15.375,10.125,15.125],"texture":"#1"},"up":{"uv":[10.875,13.125,10.75,13.25],"texture":"#1"},"down":{"uv":[10.875,13.125,10.75,13.25],"texture":"#1"}}},{"from":[15.0,16.0,13.0],"to":[9.0,14.0,0.0],"rotation":{"angle":0.0,"axis":"y","origin":[0.0,0.0,-2.0]},"faces":{"north":{"uv":[15.125,13.875,14.375,13.625],"texture":"#1"},"east":{"uv":[16.0,13.5,14.375,13.25],"texture":"#1"},"south":{"uv":[15.125,13.875,14.375,13.625],"texture":"#1"},"west":{"uv":[16.0,13.5,14.375,13.25],"texture":"#1"},"up":{"uv":[15.25,13.625,16.0,15.25],"texture":"#1"},"down":{"uv":[14.375,7.875,14.25,8.0],"texture":"#1"}}},{"from":[7.0,16.0,13.0],"to":[1.0,14.0,0.0],"rotation":{"angle":0.0,"axis":"y","origin":[0.0,0.0,-2.0]},"faces":{"north":{"uv":[15.125,13.875,14.375,13.625],"texture":"#1"},"east":{"uv":[16.0,13.5,14.375,13.25],"texture":"#1"},"south":{"uv":[15.125,13.875,14.375,13.625],"texture":"#1"},"west":{"uv":[16.0,13.5,14.375,13.25],"texture":"#1"},"up":{"uv":[15.25,13.625,16.0,15.25],"texture":"#1"},"down":{"uv":[14.375,7.875,14.25,8.0],"texture":"#1"}}},{"from":[9.0,15.0,0.0],"to":[15.0,15.0,13.0],"rotation":{"angle":0.0,"axis":"y","origin":[0.0,0.0,-2.0]},"faces":{"up":{"uv":[15.125,5.125,15.875,6.75],"texture":"#1"},"down":{"uv":[15.125,6.75,15.875,5.125],"texture":"#1"}}},{"from":[1.0,15.0,0.0],"to":[7.0,15.0,13.0],"rotation":{"angle":0.0,"axis":"y","origin":[0.0,0.0,-2.0]},"faces":{"up":{"uv":[15.125,5.125,15.875,6.75],"texture":"#1"},"down":{"uv":[15.125,6.75,15.875,5.125],"texture":"#1"}}},{"from":[3.0,16.75,-4.0],"to":[5.0,17.75,1.0],"rotation":{"angle":0.0,"axis":"y","origin":[0.0,0.0,-2.0]},"faces":{"north":{"uv":[14.125,6.125,13.875,6.25],"texture":"#1"},"east":{"uv":[14.0,6.125,14.125,6.75],"texture":"#1","rotation":90},"south":{"uv":[13.625,6.375,13.75,6.5],"texture":"#1","rotation":90},"west":{"uv":[13.875,6.75,14.0,6.125],"texture":"#1","rotation":90},"up":{"uv":[13.875,6.125,14.125,6.75],"texture":"#1"},"down":{"uv":[13.875,6.75,14.125,6.125],"texture":"#1"}}},{"from":[1.5,13.75,1.0],"to":[6.5,17.75,12.0],"rotation":{"angle":0.0,"axis":"y","origin":[0.0,0.0,-2.0]},"faces":{"north":{"uv":[12.75,6.5,13.375,7.0],"texture":"#1"},"east":{"uv":[12.375,6.5,13.75,7.0],"texture":"#1"},"south":{"uv":[12.75,6.5,13.375,7.0],"texture":"#1"},"west":{"uv":[12.375,6.5,13.75,7.0],"texture":"#1"},"up":{"uv":[12.75,6.375,12.875,6.5],"texture":"#1"},"down":{"uv":[12.375,5.75,13.75,6.375],"texture":"#1","rotation":90}}},{"from":[6.5,17.75,12.0],"to":[1.5,13.75,1.0],"rotation":{"angle":0.0,"axis":"y","origin":[0.0,0.0,-2.0]},"faces":{"north":{"uv":[12.75,7.0,13.375,6.5],"texture":"#1"},"east":{"uv":[12.375,7.0,13.75,6.5],"texture":"#1"},"south":{"uv":[12.75,7.0,13.375,6.5],"texture":"#1"},"west":{"uv":[12.375,7.0,13.75,6.5],"texture":"#1"},"up":{"uv":[12.375,6.375,13.75,5.75],"texture":"#1","rotation":90},"down":{"uv":[12.875,6.375,12.75,6.5],"texture":"#1"}}},{"from":[9.5,13.75,1.0],"to":[14.5,17.75,12.0],"rotation":{"angle":0.0,"axis":"y","origin":[0.0,0.0,-2.0]},"faces":{"north":{"uv":[12.75,6.5,13.375,7.0],"texture":"#1"},"east":{"uv":[12.375,6.5,13.75,7.0],"texture":"#1"},"south":{"uv":[12.75,6.5,13.375,7.0],"texture":"#1"},"west":{"uv":[12.375,6.5,13.75,7.0],"texture":"#1"},"up":{"uv":[12.75,6.375,12.875,6.5],"texture":"#1"},"down":{"uv":[12.375,5.75,13.75,6.375],"texture":"#1","rotation":90}}},{"from":[14.5,17.75,12.0],"to":[9.5,13.75,1.0],"rotation":{"angle":0.0,"axis":"y","origin":[0.0,0.0,-2.0]},"faces":{"north":{"uv":[12.75,7.0,13.375,6.5],"texture":"#1"},"east":{"uv":[12.375,7.0,13.75,6.5],"texture":"#1"},"south":{"uv":[12.75,7.0,13.375,6.5],"texture":"#1"},"west":{"uv":[12.375,7.0,13.75,6.5],"texture":"#1"},"up":{"uv":[12.375,6.375,13.75,5.75],"texture":"#1","rotation":90},"down":{"uv":[12.875,6.375,12.75,6.5],"texture":"#1"}}},{"from":[11.0,16.75,-4.0],"to":[13.0,17.75,1.0],"rotation":{"angle":0.0,"axis":"y","origin":[0.0,0.0,-2.0]},"faces":{"north":{"uv":[14.125,6.125,13.875,6.25],"texture":"#1"},"east":{"uv":[14.0,6.125,14.125,6.75],"texture":"#1","rotation":90},"south":{"uv":[13.625,6.375,13.75,6.5],"texture":"#1","rotation":90},"west":{"uv":[13.875,6.75,14.0,6.125],"texture":"#1","rotation":90},"up":{"uv":[13.875,6.125,14.125,6.75],"texture":"#1"},"down":{"uv":[13.875,6.75,14.125,6.125],"texture":"#1"}}},{"from":[0.0,14.0,-2.0],"to":[16.0,16.0,14.0],"rotation":{"angle":0.0,"axis":"y","origin":[0.0,0.0,-2.0]},"faces":{"north":{"uv":[12.375,12.875,10.375,13.125],"texture":"#1"},"east":{"uv":[12.375,12.875,10.375,13.125],"texture":"#1"},"south":{"uv":[12.375,12.875,10.375,13.125],"texture":"#1"},"west":{"uv":[12.375,12.875,10.375,13.125],"texture":"#1"},"up":{"uv":[15.875,6.875,13.875,8.875],"texture":"#1"},"down":{"uv":[12.25,13.0,12.375,13.125],"texture":"#1"}}},{"from":[8.5,7.0,-2.0],"to":[14.5,9.0,0.0],"rotation":{"angle":0.0,"axis":"y","origin":[0.0,0.0,-2.0]},"faces":{"north":{"uv":[10.0,15.125,9.25,15.375],"texture":"#1"},"east":{"uv":[10.375,15.125,10.125,15.375],"texture":"#1"},"south":{"uv":[10.75,13.125,10.875,13.25],"texture":"#1"},"west":{"uv":[10.125,15.125,10.375,15.375],"texture":"#1"},"up":{"uv":[10.75,13.125,10.875,13.25],"texture":"#1"},"down":{"uv":[10.75,13.125,10.875,13.25],"texture":"#1"}}},{"from":[1.5,7.0,-2.0],"to":[7.5,9.0,0.0],"rotation":{"angle":0.0,"axis":"y","origin":[0.0,0.0,-2.0]},"faces":{"north":{"uv":[10.0,15.125,9.25,15.375],"texture":"#1"},"east":{"uv":[10.375,15.125,10.125,15.375],"texture":"#1"},"south":{"uv":[10.75,13.125,10.875,13.25],"texture":"#1"},"west":{"uv":[10.125,15.125,10.375,15.375],"texture":"#1"},"up":{"uv":[10.75,13.125,10.875,13.25],"texture":"#1"},"down":{"uv":[10.75,13.125,10.875,13.25],"texture":"#1"}}},{"from":[0.0,0.0,0.0],"to":[16.0,14.0,16.0],"rotation":{"angle":0.0,"axis":"y","origin":[0.0,0.0,-2.0]},"faces":{"north":{"uv":[13.75,7.125,11.75,8.875],"texture":"#1"},"east":{"uv":[15.125,9.0,13.125,10.75],"texture":"#1"},"south":{"uv":[14.5,10.875,12.5,12.625],"texture":"#1"},"west":{"uv":[15.125,9.0,13.125,10.75],"texture":"#1"},"up":{"uv":[12.0,15.0,12.125,15.125],"texture":"#1"},"down":{"uv":[13.0,8.875,11.0,10.875],"texture":"#1"}}},{"from":[0.0,14.0,14.0],"to":[16.0,21.0,16.0],"rotation":{"angle":0.0,"axis":"y","origin":[0.0,0.0,-2.0]},"faces":{"north":{"uv":[9.125,15.125,7.125,16.0],"texture":"#1"},"east":{"uv":[4.875,15.125,5.125,16.0],"texture":"#1"},"south":{"uv":[7.125,15.125,5.125,16.0],"texture":"#1"},"west":{"uv":[5.125,15.125,4.875,16.0],"texture":"#1"},"up":{"uv":[9.125,14.875,7.125,15.125],"texture":"#1"},"down":{"uv":[13.0,8.875,11.0,10.875],"texture":"#1"}}},{"from":[-0.01,6.74,-3.01],"to":[16.01,10.76,0.01],"rotation":{"angle":22.5,"axis":"x","origin":[8.0,7.0,7.0]},"faces":{"north":{"uv":[11.75,15.5,9.75,16.0],"texture":"#1"},"east":{"uv":[11.375,11.25,11.0,11.75],"texture":"#1"},"south":{"uv":[12.125,13.25,10.375,15.0],"texture":"#1"},"west":{"uv":[11.0,11.25,11.375,11.75],"texture":"#1"},"up":{"uv":[11.375,12.375,11.5,12.5],"texture":"#1"},"down":{"uv":[12.375,11.875,10.375,12.25],"texture":"#1"}}},{"from":[0.0,6.75,-3.5],"to":[16.0,10.75,-3.5],"rotation":{"angle":22.5,"axis":"x","origin":[8.0,7.0,7.0]},"faces":{"north":{"uv":[14.25,15.5,12.25,16.0],"texture":"#1"},"east":{"uv":[12.125,13.25,10.375,15.0],"texture":"#1"},"south":{"uv":[14.25,15.5,12.25,16.0],"texture":"#1"},"west":{"uv":[12.125,13.25,10.375,15.0],"texture":"#1"},"down":{"uv":[12.375,11.875,10.375,12.25],"texture":"#1"}}},{"from":[14.5,9.0,0.0],"to":[8.5,7.0,-2.0],"rotation":{"angle":0.0,"axis":"y","origin":[0.0,0.0,-2.0]},"faces":{"north":{"uv":[10.75,13.25,10.875,13.125],"texture":"#1"},"east":{"uv":[10.125,15.375,10.375,15.125],"texture":"#1"},"south":{"uv":[10.0,15.375,9.25,15.125],"texture":"#1"},"west":{"uv":[10.375,15.375,10.125,15.125],"texture":"#1"},"up":{"uv":[10.875,13.125,10.75,13.25],"texture":"#1"},"down":{"uv":[10.875,13.125,10.75,13.25],"texture":"#1"}}},{"from":[7.5,9.0,0.0],"to":[1.5,7.0,-2.0],"rotation":{"angle":0.0,"axis":"y","origin":[0.0,0.0,-2.0]},"faces":{"north":{"uv":[10.75,13.25,10.875,13.125],"texture":"#1"},"east":{"uv":[10.125,15.375,10.375,15.125],"texture":"#1"},"south":{"uv":[10.0,15.375,9.25,15.125],"texture":"#1"},"west":{"uv":[10.375,15.375,10.125,15.125],"texture":"#1"},"up":{"uv":[10.875,13.125,10.75,13.25],"texture":"#1"},"down":{"uv":[10.875,13.125,10.75,13.25],"texture":"#1"}}},{"from":[15.0,16.0,13.0],"to":[9.0,14.0,0.0],"rotation":{"angle":0.0,"axis":"y","origin":[0.0,0.0,-2.0]},"faces":{"north":{"uv":[15.125,13.875,14.375,13.625],"texture":"#1"},"east":{"uv":[16.0,13.5,14.375,13.25],"texture":"#1"},"south":{"uv":[15.125,13.875,14.375,13.625],"texture":"#1"},"west":{"uv":[16.0,13.5,14.375,13.25],"texture":"#1"},"up":{"uv":[15.25,13.625,16.0,15.25],"texture":"#1"},"down":{"uv":[14.375,7.875,14.25,8.0],"texture":"#1"}}},{"from":[7.0,16.0,13.0],"to":[1.0,14.0,0.0],"rotation":{"angle":0.0,"axis":"y","origin":[0.0,0.0,-2.0]},"faces":{"north":{"uv":[15.125,13.875,14.375,13.625],"texture":"#1"},"east":{"uv":[16.0,13.5,14.375,13.25],"texture":"#1"},"south":{"uv":[15.125,13.875,14.375,13.625],"texture":"#1"},"west":{"uv":[16.0,13.5,14.375,13.25],"texture":"#1"},"up":{"uv":[15.25,13.625,16.0,15.25],"texture":"#1"},"down":{"uv":[14.375,7.875,14.25,8.0],"texture":"#1"}}},{"from":[9.0,15.0,0.0],"to":[15.0,15.0,13.0],"rotation":{"angle":0.0,"axis":"y","origin":[0.0,0.0,-2.0]},"faces":{"up":{"uv":[15.125,5.125,15.875,6.75],"texture":"#1"},"down":{"uv":[15.125,6.75,15.875,5.125],"texture":"#1"}}},{"from":[1.0,15.0,0.0],"to":[7.0,15.0,13.0],"rotation":{"angle":0.0,"axis":"y","origin":[0.0,0.0,-2.0]},"faces":{"up":{"uv":[15.125,5.125,15.875,6.75],"texture":"#1"},"down":{"uv":[15.125,6.75,15.875,5.125],"texture":"#1"}}},{"from":[3.0,16.75,-4.0],"to":[5.0,17.75,1.0],"rotation":{"angle":0.0,"axis":"y","origin":[0.0,0.0,-2.0]},"faces":{"north":{"uv":[14.125,6.125,13.875,6.25],"texture":"#1"},"east":{"uv":[14.0,6.125,14.125,6.75],"texture":"#1","rotation":90},"south":{"uv":[13.625,6.375,13.75,6.5],"texture":"#1","rotation":90},"west":{"uv":[13.875,6.75,14.0,6.125],"texture":"#1","rotation":90},"up":{"uv":[13.875,6.125,14.125,6.75],"texture":"#1"},"down":{"uv":[13.875,6.75,14.125,6.125],"texture":"#1"}}},{"from":[1.5,13.75,1.0],"to":[6.5,17.75,12.0],"rotation":{"angle":0.0,"axis":"y","origin":[0.0,0.0,-2.0]},"faces":{"north":{"uv":[12.75,6.5,13.375,7.0],"texture":"#1"},"east":{"uv":[12.375,6.5,13.75,7.0],"texture":"#1"},"south":{"uv":[12.75,6.5,13.375,7.0],"texture":"#1"},"west":{"uv":[12.375,6.5,13.75,7.0],"texture":"#1"},"up":{"uv":[12.75,6.375,12.875,6.5],"texture":"#1"},"down":{"uv":[12.375,5.75,13.75,6.375],"texture":"#1","rotation":90}}},{"from":[6.5,17.75,12.0],"to":[1.5,13.75,1.0],"rotation":{"angle":0.0,"axis":"y","origin":[0.0,0.0,-2.0]},"faces":{"north":{"uv":[12.75,7.0,13.375,6.5],"texture":"#1"},"east":{"uv":[12.375,7.0,13.75,6.5],"texture":"#1"},"south":{"uv":[12.75,7.0,13.375,6.5],"texture":"#1"},"west":{"uv":[12.375,7.0,13.75,6.5],"texture":"#1"},"up":{"uv":[12.375,6.375,13.75,5.75],"texture":"#1","rotation":90},"down":{"uv":[12.875,6.375,12.75,6.5],"texture":"#1"}}},{"from":[9.5,13.75,1.0],"to":[14.5,17.75,12.0],"rotation":{"angle":0.0,"axis":"y","origin":[0.0,0.0,-2.0]},"faces":{"north":{"uv":[12.75,6.5,13.375,7.0],"texture":"#1"},"east":{"uv":[12.375,6.5,13.75,7.0],"texture":"#1"},"south":{"uv":[12.75,6.5,13.375,7.0],"texture":"#1"},"west":{"uv":[12.375,6.5,13.75,7.0],"texture":"#1"},"up":{"uv":[12.75,6.375,12.875,6.5],"texture":"#1"},"down":{"uv":[12.375,5.75,13.75,6.375],"texture":"#1","rotation":90}}},{"from":[14.5,17.75,12.0],"to":[9.5,13.75,1.0],"rotation":{"angle":0.0,"axis":"y","origin":[0.0,0.0,-2.0]},"faces":{"north":{"uv":[12.75,7.0,13.375,6.5],"texture":"#1"},"east":{"uv":[12.375,7.0,13.75,6.5],"texture":"#1"},"south":{"uv":[12.75,7.0,13.375,6.5],"texture":"#1"},"west":{"uv":[12.375,7.0,13.75,6.5],"texture":"#1"},"up":{"uv":[12.375,6.375,13.75,5.75],"texture":"#1","rotation":90},"down":{"uv":[12.875,6.375,12.75,6.5],"texture":"#1"}}},{"from":[11.0,16.75,-4.0],"to":[13.0,17.75,1.0],"rotation":{"angle":0.0,"axis":"y","origin":[0.0,0.0,-2.0]},"faces":{"north":{"uv":[14.125,6.125,13.875,6.25],"texture":"#1"},"east":{"uv":[14.0,6.125,14.125,6.75],"texture":"#1","rotation":90},"south":{"uv":[13.625,6.375,13.75,6.5],"texture":"#1","rotation":90},"west":{"uv":[13.875,6.75,14.0,6.125],"texture":"#1","rotation":90},"up":{"uv":[13.875,6.125,14.125,6.75],"texture":"#1"},"down":{"uv":[13.875,6.75,14.125,6.125],"texture":"#1"}}}],"display":{"thirdperson_righthand":{"translation":[0.0,1.0,-1.0],"rotation":[63.0,34.0,0.0],"scale":[0.37891,0.37891,0.37891]},"thirdperson_lefthand":{"translation":[0.0,1.0,-1.0],"rotation":[63.0,34.0,0.0],"scale":[0.37891,0.37891,0.37891]},"firstperson_righthand":{"translation":[9.5,0.0,-5.75],"rotation":[3.0,112.0,-13.0],"scale":[0.35547,0.35547,0.35547]},"firstperson_lefthand":{"translation":[9.5,0.0,-5.75],"rotation":[3.0,112.0,-13.0],"scale":[0.35547,0.35547,0.35547]},"ground":{"translation":[0.0,4.25,0.0],"scale":[0.28906,0.28906,0.28906]},"gui":{"translation":[0.25,0.0,0.0],"rotation":[30.0,-158.0,0.0],"scale":[0.56992,0.56992,0.56992]},"head":{"translation":[0.0,-30.5,0.0],"scale":[1.6,1.6,1.6]},"fixed":{"translation":[0.0,-3.25,-7.5]}},"credit":"Made with Blockbench","gui_light":"front"}