{"textures":{"3":"mcc:island_furniture/props/props_kitchen"},"elements":[{"from":[0.5,2.0,1.0],"to":[15.5,32.0,16.0],"rotation":{"angle":0.0,"axis":"y","origin":[31.25,0.0,0.0]},"faces":{"north":{"uv":[7.625,14.75,5.75,14.875],"texture":"#3","tintindex":0},"east":{"uv":[5.75,10.875,7.625,14.625],"texture":"#3","tintindex":0},"south":{"uv":[9.625,4.375,7.75,8.125],"texture":"#3","tintindex":0},"west":{"uv":[7.625,10.875,5.75,14.625],"texture":"#3","tintindex":0},"up":{"uv":[0.0,10.375,1.875,12.25],"texture":"#3","tintindex":0},"down":{"uv":[4.375,8.25,4.5,8.375],"texture":"#3","tintindex":0}}},{"from":[0.5,0.0,16.0],"to":[15.5,32.0,16.0],"rotation":{"angle":0.0,"axis":"y","origin":[31.25,0.0,0.0]},"faces":{"north":{"uv":[9.625,4.375,11.5,8.375],"texture":"#3"},"east":{"uv":[5.75,10.875,7.625,14.875],"texture":"#3","tintindex":0},"south":{"uv":[11.5,4.375,9.625,8.375],"texture":"#3"},"west":{"uv":[7.625,10.875,5.75,14.875],"texture":"#3","tintindex":0},"up":{"uv":[0.0,10.375,1.875,12.25],"texture":"#3","tintindex":0},"down":{"uv":[4.375,8.25,4.5,8.375],"texture":"#3","tintindex":0}}},{"from":[0.5,20.0,-1.0],"to":[15.5,32.0,1.0],"rotation":{"angle":0.0,"axis":"y","origin":[31.25,0.0,0.0]},"faces":{"north":{"uv":[0.0,12.375,1.875,13.875],"texture":"#3","tintindex":0},"east":{"uv":[2.125,12.375,1.875,13.875],"texture":"#3","tintindex":0},"south":{"uv":[0.5,7.625,0.625,7.75],"texture":"#3","tintindex":0},"west":{"uv":[1.875,12.375,2.125,13.875],"texture":"#3","tintindex":0},"up":{"uv":[0.0,4.375,1.875,4.625],"texture":"#3","tintindex":0},"down":{"uv":[0.5,7.625,0.625,7.75],"texture":"#3","tintindex":0}}},{"from":[12.5,21.0,-1.25],"to":[14.5,28.0,-1.25],"rotation":{"angle":0.0,"axis":"y","origin":[31.25,0.0,0.0]},"faces":{"north":{"uv":[2.375,10.5,2.625,11.375],"texture":"#3"},"east":{"uv":[1.875,4.375,2.125,7.875],"texture":"#3"},"south":{"uv":[2.0,10.5,2.25,11.625],"texture":"#3"},"west":{"uv":[2.125,4.375,1.875,7.875],"texture":"#3"},"up":{"uv":[0.0,4.375,1.875,4.625],"texture":"#3"},"down":{"uv":[0.5,7.625,0.625,7.75],"texture":"#3"}}},{"from":[12.5,11.0,-1.25],"to":[14.5,18.0,-1.25],"rotation":{"angle":0.0,"axis":"y","origin":[31.25,0.0,0.0]},"faces":{"north":{"uv":[2.375,10.5,2.625,11.375],"texture":"#3"},"east":{"uv":[1.875,4.375,2.125,7.875],"texture":"#3"},"south":{"uv":[2.0,10.5,2.25,11.625],"texture":"#3"},"west":{"uv":[2.125,4.375,1.875,7.875],"texture":"#3"},"up":{"uv":[0.0,4.375,1.875,4.625],"texture":"#3"},"down":{"uv":[0.5,7.625,0.625,7.75],"texture":"#3"}}},{"from":[0.5,2.0,-1.0],"to":[15.5,19.0,1.0],"rotation":{"angle":0.0,"axis":"y","origin":[31.25,0.0,0.0]},"faces":{"north":{"uv":[0.0,8.0,1.875,10.125],"texture":"#3","tintindex":0},"east":{"uv":[2.125,8.0,1.875,10.125],"texture":"#3","tintindex":0},"south":{"uv":[0.5,7.625,0.625,7.75],"texture":"#3","tintindex":0},"west":{"uv":[1.875,8.0,2.125,10.125],"texture":"#3","tintindex":0},"up":{"uv":[0.0,4.375,1.875,4.625],"texture":"#3","tintindex":0},"down":{"uv":[0.5,7.625,0.625,7.75],"texture":"#3","tintindex":0}}},{"from":[0.5,2.0,-1.25],"to":[15.5,32.0,-1.25],"rotation":{"angle":0.0,"axis":"y","origin":[31.25,0.0,0.0]},"faces":{"north":{"uv":[5.5,0.25,7.375,4.0],"texture":"#3"},"east":{"uv":[2.125,8.0,1.875,10.125],"texture":"#3","tintindex":0},"south":{"uv":[7.375,0.25,5.5,4.0],"texture":"#3"},"west":{"uv":[1.875,8.0,2.125,10.125],"texture":"#3","tintindex":0},"up":{"uv":[0.0,4.375,1.875,4.625],"texture":"#3","tintindex":0},"down":{"uv":[0.5,7.625,0.625,7.75],"texture":"#3","tintindex":0}}},{"from":[0.5,0.0,1.0],"to":[15.5,2.0,16.0],"rotation":{"angle":0.0,"axis":"y","origin":[31.25,0.0,0.0]},"faces":{"north":{"uv":[5.875,10.5,7.75,10.75],"texture":"#3"},"east":{"uv":[5.875,10.5,7.75,10.75],"texture":"#3"},"south":{"uv":[4.375,8.25,4.5,8.375],"texture":"#3"},"west":{"uv":[5.875,10.5,7.75,10.75],"texture":"#3"},"up":{"uv":[3.75,12.375,5.625,10.5],"texture":"#3"},"down":{"uv":[3.75,12.375,5.625,10.5],"texture":"#3"}}}],"display":{"thirdperson_righthand":{"translation":[0.0,1.0,-1.0],"rotation":[63.0,34.0,0.0],"scale":[0.25586,0.25586,0.25586]},"thirdperson_lefthand":{"translation":[0.0,1.0,-1.0],"rotation":[63.0,34.0,0.0],"scale":[0.25586,0.25586,0.25586]},"firstperson_righthand":{"translation":[9.5,0.0,-5.75],"rotation":[3.0,112.0,-13.0],"scale":[0.35547,0.35547,0.35547]},"firstperson_lefthand":{"translation":[9.5,0.0,-5.75],"rotation":[3.0,112.0,-13.0],"scale":[0.35547,0.35547,0.35547]},"ground":{"translation":[0.0,4.25,0.0],"scale":[0.28906,0.28906,0.28906]},"gui":{"translation":[-0.25,-2.75,0.0],"rotation":[30.0,-158.0,0.0],"scale":[0.40195,0.40195,0.40195]},"head":{"translation":[0.0,-30.5,0.0],"scale":[1.6,1.6,1.6]},"fixed":{"translation":[0.0,-3.25,-7.5]}},"credit":"Made with Blockbench","gui_light":"front"}