{"textures":{"3":"mcc:island_furniture/props/props_kitchen"},"elements":[{"from":[0.5,-16.0,1.0],"to":[15.5,32.0,16.0],"rotation":{"angle":0.0,"axis":"y","origin":[31.25,0.0,0.0]},"faces":{"north":{"uv":[0.0,4.375,1.875,10.375],"texture":"#3","tintindex":0},"east":{"uv":[4.0,4.375,2.125,10.375],"texture":"#3","tintindex":0},"south":{"uv":[5.875,4.375,4.0,10.375],"texture":"#3","tintindex":0},"west":{"uv":[2.125,4.375,4.0,10.375],"texture":"#3","tintindex":0},"up":{"uv":[0.0,10.375,1.875,12.25],"texture":"#3","tintindex":0},"down":{"uv":[4.375,8.25,4.5,8.375],"texture":"#3","tintindex":0}}},{"from":[0.5,-16.0,1.0],"to":[15.5,-14.0,16.0],"rotation":{"angle":0.0,"axis":"y","origin":[31.25,0.0,0.0]},"faces":{"north":{"uv":[5.875,10.5,7.75,10.75],"texture":"#3"},"east":{"uv":[5.875,10.5,7.75,10.75],"texture":"#3"},"south":{"uv":[4.375,8.25,4.5,8.375],"texture":"#3"},"west":{"uv":[5.875,10.5,7.75,10.75],"texture":"#3"},"up":{"uv":[3.75,12.375,5.625,10.5],"texture":"#3"},"down":{"uv":[3.75,12.375,5.625,10.5],"texture":"#3"}}},{"from":[0.5,-16.0,16.0],"to":[15.5,32.0,16.0],"rotation":{"angle":0.0,"axis":"y","origin":[31.25,0.0,0.0]},"faces":{"north":{"uv":[5.875,4.375,7.75,10.375],"texture":"#3"},"east":{"uv":[4.0,4.375,2.125,10.375],"texture":"#3","tintindex":0},"south":{"uv":[7.75,4.375,5.875,10.375],"texture":"#3"},"west":{"uv":[2.125,4.375,4.0,10.375],"texture":"#3","tintindex":0},"up":{"uv":[1.875,10.25,0.0,12.125],"texture":"#3","tintindex":0},"down":{"uv":[3.625,8.875,7.25,7.125],"texture":"#3","tintindex":0}}},{"from":[0.5,4.0,-1.0],"to":[15.5,32.0,1.0],"rotation":{"angle":0.0,"axis":"y","origin":[31.25,0.0,0.0]},"faces":{"north":{"uv":[0.0,4.375,1.875,7.875],"texture":"#3","tintindex":0},"east":{"uv":[1.875,4.375,2.125,7.875],"texture":"#3","tintindex":0},"south":{"uv":[0.5,7.625,0.625,7.75],"texture":"#3","tintindex":0},"west":{"uv":[2.125,4.375,1.875,7.875],"texture":"#3","tintindex":0},"up":{"uv":[0.0,4.375,1.875,4.625],"texture":"#3","tintindex":0},"down":{"uv":[0.5,7.625,0.625,7.75],"texture":"#3","tintindex":0}}},{"from":[12.5,5.0,-1.25],"to":[14.5,14.0,-1.25],"rotation":{"angle":0.0,"axis":"y","origin":[31.25,0.0,0.0]},"faces":{"north":{"uv":[2.0,10.5,2.25,11.625],"texture":"#3"},"east":{"uv":[1.875,4.375,2.125,7.875],"texture":"#3"},"south":{"uv":[2.0,10.5,2.25,11.625],"texture":"#3"},"west":{"uv":[2.125,4.375,1.875,7.875],"texture":"#3"},"up":{"uv":[0.0,4.375,1.875,4.625],"texture":"#3"},"down":{"uv":[0.5,7.625,0.625,7.75],"texture":"#3"}}},{"from":[12.5,-7.0,-1.25],"to":[14.5,2.0,-1.25],"rotation":{"angle":0.0,"axis":"y","origin":[31.25,0.0,0.0]},"faces":{"north":{"uv":[2.0,10.5,2.25,11.625],"texture":"#3"},"east":{"uv":[1.875,4.375,2.125,7.875],"texture":"#3"},"south":{"uv":[2.0,10.5,2.25,11.625],"texture":"#3"},"west":{"uv":[2.125,4.375,1.875,7.875],"texture":"#3"},"up":{"uv":[0.0,4.375,1.875,4.625],"texture":"#3"},"down":{"uv":[0.5,7.625,0.625,7.75],"texture":"#3"}}},{"from":[0.5,-14.0,-1.0],"to":[15.5,3.0,1.0],"rotation":{"angle":0.0,"axis":"y","origin":[31.25,0.0,0.0]},"faces":{"north":{"uv":[0.0,8.0,1.875,10.125],"texture":"#3","tintindex":0},"east":{"uv":[2.125,8.0,1.875,10.125],"texture":"#3","tintindex":0},"south":{"uv":[0.5,7.625,0.625,7.75],"texture":"#3","tintindex":0},"west":{"uv":[1.875,8.0,2.125,10.125],"texture":"#3","tintindex":0},"up":{"uv":[0.0,4.375,1.875,4.625],"texture":"#3","tintindex":0},"down":{"uv":[0.5,7.625,0.625,7.75],"texture":"#3","tintindex":0}}}],"display":{"thirdperson_righthand":{"translation":[0.5,1.0,-1.0],"rotation":[63.0,34.0,0.0],"scale":[0.17579,0.17579,0.17579]},"thirdperson_lefthand":{"translation":[-1.5,-0.5,-1.0],"rotation":[63.0,34.0,0.0],"scale":[0.17579,0.17579,0.17579]},"firstperson_righthand":{"translation":[8.0,1.0,-5.5],"rotation":[3.0,112.0,-13.0],"scale":[0.15625,0.15625,0.15625]},"firstperson_lefthand":{"translation":[8.0,1.0,-5.5],"rotation":[3.0,112.0,-13.0],"scale":[0.15625,0.15625,0.15625]},"ground":{"translation":[1.5,4.25,0.0],"scale":[0.18164,0.18164,0.18164]},"gui":{"translation":[-2.25,-0.5,0.0],"rotation":[30.0,-158.0,0.0],"scale":[0.28281,0.28281,0.28281]},"head":{"translation":[0.0,-5.0,0.0],"scale":[1.6,1.6,1.6]},"fixed":{"translation":[0.0,-3.25,-7.5]}},"credit":"Made with Blockbench","gui_light":"front"}