{"textures":{"0":"mcc:island_cosmetics/npc/npc_head","3":"mcc:island_cosmetics/npc/tiff_head","4":"mcc:island_cosmetics/general/hat/cat_ears/cat_ears","particle":"mcc:island_cosmetics/npc/npc_head"},"elements":[{"from":[2.0,-13.25,3.0],"to":[14.0,-3.25,13.0],"rotation":{"angle":0.0,"axis":"y","origin":[3.0,4.0,-1.0]},"faces":{"north":{"uv":[5.75,8.0,7.25,9.25],"texture":"#0"},"east":{"uv":[4.375,8.0,5.625,9.25],"texture":"#0"},"south":{"uv":[5.75,8.0,7.25,9.25],"texture":"#0"},"west":{"uv":[4.375,8.0,5.625,9.25],"texture":"#0"},"up":{"uv":[4.625,9.375,6.125,10.625],"texture":"#0"},"down":{"uv":[5.625,8.5,5.75,8.625],"texture":"#0"}}},{"from":[4.0,-9.98358,1.66061],"to":[12.0,-2.98358,1.66061],"rotation":{"angle":22.5,"axis":"x","origin":[10.0,-6.48358,1.66061]},"faces":{"north":{"uv":[6.25,3.5,7.25,4.375],"texture":"#0"},"east":{"uv":[4.625,2.0,5.625,3.25],"texture":"#0"},"south":{"uv":[6.25,3.5,7.25,4.375],"texture":"#0"},"west":{"uv":[4.625,2.0,5.625,3.25],"texture":"#0"},"up":{"uv":[4.625,3.375,6.125,4.375],"texture":"#0"},"down":{"uv":[6.25,3.375,7.75,4.375],"texture":"#0"}}},{"from":[1.9,-14.35,2.9],"to":[14.1,-11.15,13.1],"rotation":{"angle":0.0,"axis":"y","origin":[3.0,4.0,-1.0]},"faces":{"north":{"uv":[5.75,3.0,7.25,3.375],"texture":"#0"},"east":{"uv":[4.375,3.0,5.625,3.375],"texture":"#0"},"south":{"uv":[5.75,3.0,7.25,3.375],"texture":"#0"},"west":{"uv":[4.375,3.0,5.625,3.375],"texture":"#0"},"up":{"uv":[5.625,2.625,5.75,2.75],"texture":"#0"},"down":{"uv":[5.625,3.125,5.75,3.25],"texture":"#0"}}},{"from":[4.0,4.0,4.0],"to":[12.0,12.0,12.0],"rotation":{"angle":0.0,"axis":"y","origin":[3.0,4.0,0.0]},"faces":{"north":{"uv":[0.0,0.0,8.0,8.0],"texture":"#3"},"east":{"uv":[7.375,1.0,8.375,2.0],"texture":"#0"},"south":{"uv":[8.375,1.0,9.375,2.0],"texture":"#0"},"west":{"uv":[8.375,1.0,7.375,2.0],"texture":"#0"},"up":{"uv":[8.375,0.0,9.375,1.0],"texture":"#0"},"down":{"uv":[9.375,0.0,10.375,1.0],"texture":"#0"}}},{"from":[3.9,3.9,6.9],"to":[12.1,12.1,12.1],"rotation":{"angle":0.0,"axis":"y","origin":[3.0,4.0,0.0]},"faces":{"north":{"uv":[10.75,7.0,10.875,7.125],"texture":"#0"},"east":{"uv":[10.5,6.5,11.125,7.5],"texture":"#0"},"south":{"uv":[11.25,7.25,12.25,8.25],"texture":"#0"},"west":{"uv":[11.125,6.5,10.5,7.5],"texture":"#0"},"up":{"uv":[11.25,6.5,12.25,7.125],"texture":"#0"},"down":{"uv":[9.375,8.125,9.5,8.25],"texture":"#0"}}},{"from":[3.9,-4.3,8.9],"to":[12.1,3.9,12.1],"rotation":{"angle":0.0,"axis":"y","origin":[3.0,4.05,0.0]},"faces":{"north":{"uv":[10.75,7.0,10.875,7.125],"texture":"#0"},"east":{"uv":[12.375,7.25,12.75,8.25],"texture":"#0"},"south":{"uv":[12.875,7.25,13.875,8.25],"texture":"#0"},"west":{"uv":[12.75,7.25,12.375,8.25],"texture":"#0"},"up":{"uv":[10.75,7.0,10.875,7.125],"texture":"#0"},"down":{"uv":[9.375,8.125,9.5,8.25],"texture":"#0"}}},{"from":[0.0,-2.95,11.75],"to":[16.0,13.05,11.75],"rotation":{"angle":0.0,"axis":"x","origin":[3.0,4.05,0.0]},"faces":{"north":{"uv":[14.0,6.5,16.0,8.5],"texture":"#0"},"east":{"uv":[12.375,7.25,12.75,8.25],"texture":"#0"},"south":{"uv":[14.0,6.5,16.0,8.5],"texture":"#0"},"west":{"uv":[12.75,7.25,12.375,8.25],"texture":"#0"},"up":{"uv":[10.75,7.0,10.875,7.125],"texture":"#0"},"down":{"uv":[9.375,8.125,9.5,8.25],"texture":"#0"}}},{"from":[1.0,5.0,9.0],"to":[15.0,15.0,9.0],"rotation":{"angle":0.0,"axis":"y","origin":[3.0,4.0,0.0]},"faces":{"north":{"uv":[7.375,2.125,9.125,3.375],"texture":"#0"},"east":{"uv":[10.5,0.0,11.125,1.0],"texture":"#0"},"south":{"uv":[7.375,2.125,9.125,3.375],"texture":"#0"},"west":{"uv":[11.125,0.0,10.5,1.0],"texture":"#0"},"up":{"uv":[11.25,0.0,12.25,0.625],"texture":"#0"},"down":{"uv":[9.375,1.625,9.5,1.75],"texture":"#0"}}},{"from":[3.5,9.0,3.0],"to":[12.5,13.0,7.0],"rotation":{"angle":0.0,"axis":"y","origin":[3.0,4.0,0.0]},"faces":{"north":{"uv":[9.5,7.625,10.625,8.125],"texture":"#0"},"east":{"uv":[9.5,8.125,10.0,8.625],"texture":"#0"},"south":{"uv":[12.375,6.5,13.5,7.0],"texture":"#0"},"west":{"uv":[10.0,8.125,9.5,8.625],"texture":"#0"},"up":{"uv":[10.0,8.125,11.125,8.625],"texture":"#0"},"down":{"uv":[9.375,8.125,9.5,8.25],"texture":"#0"}}},{"from":[12.1,3.9,12.1],"to":[3.9,-4.3,8.9],"rotation":{"angle":0.0,"axis":"y","origin":[3.0,4.05,0.0]},"faces":{"north":{"uv":[12.875,8.25,13.875,7.25],"texture":"#0"},"east":{"uv":[12.75,8.25,12.375,7.25],"texture":"#0"},"south":{"uv":[10.75,7.125,10.875,7.0],"texture":"#0"},"west":{"uv":[12.375,8.25,12.75,7.25],"texture":"#0"},"up":{"uv":[9.5,8.125,9.375,8.25],"texture":"#0"},"down":{"uv":[10.875,7.0,10.75,7.125],"texture":"#0"}}},{"from":[12.1,12.1,12.1],"to":[3.9,3.9,6.9],"rotation":{"angle":0.0,"axis":"y","origin":[3.0,4.0,0.0]},"faces":{"north":{"uv":[11.25,8.25,12.25,7.25],"texture":"#0"},"east":{"uv":[11.125,7.5,10.5,6.5],"texture":"#0"},"south":{"uv":[10.75,7.125,10.875,7.0],"texture":"#0"},"west":{"uv":[10.5,7.5,11.125,6.5],"texture":"#0"},"up":{"uv":[9.5,8.125,9.375,8.25],"texture":"#0"},"down":{"uv":[12.25,6.5,11.25,7.125],"texture":"#0"}}},{"from":[12.5,13.0,7.0],"to":[3.5,9.0,3.0],"rotation":{"angle":0.0,"axis":"y","origin":[3.0,4.0,0.0]},"faces":{"north":{"uv":[12.375,7.0,13.5,6.5],"texture":"#0"},"east":{"uv":[10.0,8.625,9.5,8.125],"texture":"#0"},"south":{"uv":[9.5,8.125,10.625,7.625],"texture":"#0"},"west":{"uv":[9.5,8.625,10.0,8.125],"texture":"#0"},"up":{"uv":[9.5,8.125,9.375,8.25],"texture":"#0"},"down":{"uv":[11.125,8.125,10.0,8.625],"texture":"#0"}}},{"from":[14.1,-11.15,13.1],"to":[1.9,-14.35,2.9],"rotation":{"angle":0.0,"axis":"y","origin":[3.0,4.0,-1.0]},"faces":{"north":{"uv":[5.75,3.375,7.25,3.0],"texture":"#0"},"east":{"uv":[4.375,3.375,5.625,3.0],"texture":"#0"},"south":{"uv":[5.75,3.375,7.25,3.0],"texture":"#0"},"west":{"uv":[4.375,3.375,5.625,3.0],"texture":"#0"},"up":{"uv":[5.75,3.125,5.625,3.25],"texture":"#0"},"down":{"uv":[5.75,2.625,5.625,2.75],"texture":"#0"}}},{"from":[14.0,-3.25,13.0],"to":[2.0,-13.25,3.0],"rotation":{"angle":0.0,"axis":"y","origin":[3.0,4.0,-1.0]},"faces":{"north":{"uv":[5.75,9.25,7.25,8.0],"texture":"#0"},"east":{"uv":[4.375,9.25,5.625,8.0],"texture":"#0"},"south":{"uv":[5.75,9.25,7.25,8.0],"texture":"#0"},"west":{"uv":[4.375,9.25,5.625,8.0],"texture":"#0"},"up":{"uv":[5.75,8.5,5.625,8.625],"texture":"#0"},"down":{"uv":[6.125,9.375,4.625,10.625],"texture":"#0"}}},{"from":[3.9,-9.63139,15.60295],"to":[11.9,-4.63139,15.60295],"rotation":{"angle":-22.5,"axis":"x","origin":[7.9,-11.63139,4.85295]},"faces":{"north":{"uv":[12.875,8.375,13.875,9.0],"texture":"#0"},"east":{"uv":[12.375,4.125,12.75,5.125],"texture":"#0"},"south":{"uv":[12.875,8.375,13.875,9.0],"texture":"#0"},"west":{"uv":[12.75,4.125,12.375,5.125],"texture":"#0"},"up":{"uv":[10.75,3.875,10.875,4.0],"texture":"#0"},"down":{"uv":[9.375,5.0,9.5,5.125],"texture":"#0"}}},{"from":[3.0,12.0,5.0],"to":[6.0,15.0,6.0],"rotation":{"angle":22.5,"axis":"z","origin":[5.125,13.25,5.375]},"faces":{"north":{"uv":[1.0,7.0,4.0,10.0],"texture":"#4","tintindex":0},"east":{"uv":[7.0,7.0,6.0,10.0],"texture":"#4","tintindex":0},"south":{"uv":[4.0,7.0,7.0,10.0],"texture":"#4","tintindex":0},"west":{"uv":[4.0,7.0,5.0,10.0],"texture":"#4","tintindex":0},"up":{"uv":[4.0,7.0,7.0,8.0],"texture":"#4","tintindex":0},"down":{"uv":[4.0,7.0,5.0,10.0],"texture":"#4","tintindex":0}}},{"from":[1.0,12.0,5.0],"to":[8.0,17.0,5.0],"rotation":{"angle":22.5,"axis":"z","origin":[5.125,13.25,5.375]},"faces":{"north":{"uv":[0.0,2.0,7.0,7.0],"texture":"#4","tintindex":0},"east":{"uv":[0.0,0.0,0.0,0.0],"texture":"#4"},"south":{"uv":[7.0,2.0,0.0,7.0],"texture":"#4","tintindex":0},"west":{"uv":[0.0,0.0,0.0,0.0],"texture":"#4"},"up":{"uv":[0.0,0.0,0.0,0.0],"texture":"#4"},"down":{"uv":[0.0,0.0,0.0,0.0],"texture":"#4"}}},{"from":[8.0,12.0,5.0],"to":[15.0,17.0,5.0],"rotation":{"angle":-22.5,"axis":"z","origin":[10.875,13.25,5.375]},"faces":{"north":{"uv":[7.0,2.0,0.0,7.0],"texture":"#4","tintindex":0},"east":{"uv":[0.0,0.0,0.0,0.0],"texture":"#4"},"south":{"uv":[0.0,2.0,7.0,7.0],"texture":"#4","tintindex":0},"west":{"uv":[0.0,0.0,0.0,0.0],"texture":"#4"},"up":{"uv":[0.0,0.0,0.0,0.0],"texture":"#4"},"down":{"uv":[0.0,0.0,0.0,0.0],"texture":"#4"}}},{"from":[10.0,12.0,5.0],"to":[13.0,15.0,6.0],"rotation":{"angle":-22.5,"axis":"z","origin":[10.875,13.25,5.375]},"faces":{"north":{"uv":[4.0,7.0,1.0,10.0],"texture":"#4","tintindex":0},"east":{"uv":[4.0,7.0,5.0,10.0],"texture":"#4","tintindex":0},"south":{"uv":[7.0,7.0,4.0,10.0],"texture":"#4","tintindex":0},"west":{"uv":[7.0,7.0,6.0,10.0],"texture":"#4","tintindex":0},"up":{"uv":[7.0,8.0,4.0,7.0],"texture":"#4","tintindex":0},"down":{"uv":[4.0,7.0,5.0,10.0],"texture":"#4","tintindex":0}}},{"from":[10.0,12.0,5.0],"to":[13.0,15.0,6.0],"rotation":{"angle":-22.5,"axis":"z","origin":[10.875,13.25,5.375]},"faces":{"north":{"uv":[9.0,11.0,6.0,14.0],"texture":"#4"}}},{"from":[3.0,12.0,5.0],"to":[6.0,15.0,6.0],"rotation":{"angle":22.5,"axis":"z","origin":[5.125,13.25,5.375]},"faces":{"north":{"uv":[6.0,11.0,9.0,14.0],"texture":"#4"}}}],"display":{"head":{"scale":[1.61953,1.61953,1.61953]}},"credit":"Made with Blockbench"}