{"textures":{"0":"mcc:island_cosmetics/auras/flames/fire_0","1":"mcc:island_cosmetics/auras/flames/base","particle":"mcc:island_cosmetics/auras/flames/fire_0"},"elements":[{"from":[1.0,0.0,-8.0],"to":[15.0,26.0,-8.0],"rotation":{"angle":0.0,"axis":"y","origin":[8.0,1.0,8.0]},"faces":{"north":{"uv":[0.0,0.0,16.0,16.0],"texture":"#0","tintindex":0,"cullface":"south"},"south":{"uv":[16.0,0.0,0.0,16.0],"texture":"#0","tintindex":0,"cullface":"north"}}},{"from":[-8.0,0.0,1.0],"to":[-8.0,26.0,15.0],"rotation":{"angle":-45.0,"axis":"y","origin":[8.0,1.0,8.0]},"faces":{"east":{"uv":[16.0,0.0,0.0,16.0],"texture":"#0","tintindex":0,"cullface":"west"},"west":{"uv":[0.0,0.0,16.0,16.0],"texture":"#0","tintindex":0,"cullface":"east"}}},{"from":[-8.0,0.0,1.0],"to":[-8.0,26.0,15.0],"rotation":{"angle":0.0,"axis":"y","origin":[8.0,1.0,8.0]},"faces":{"east":{"uv":[16.0,0.0,0.0,16.0],"texture":"#0","tintindex":0,"cullface":"west"},"west":{"uv":[0.0,0.0,16.0,16.0],"texture":"#0","tintindex":0,"cullface":"east"}}},{"from":[1.0,0.0,24.0],"to":[15.0,26.0,24.0],"rotation":{"angle":-45.0,"axis":"y","origin":[8.0,1.0,8.0]},"faces":{"north":{"uv":[16.0,0.0,0.0,16.0],"texture":"#0","tintindex":0,"cullface":"south"},"south":{"uv":[0.0,0.0,16.0,16.0],"texture":"#0","tintindex":0,"cullface":"north"}}},{"from":[1.0,0.0,24.0],"to":[15.0,26.0,24.0],"rotation":{"angle":0.0,"axis":"y","origin":[8.0,1.0,8.0]},"faces":{"north":{"uv":[16.0,0.0,0.0,16.0],"texture":"#0","tintindex":0,"cullface":"south"},"south":{"uv":[0.0,0.0,16.0,16.0],"texture":"#0","tintindex":0,"cullface":"north"}}},{"from":[24.0,0.0,1.0],"to":[24.0,26.0,15.0],"rotation":{"angle":-45.0,"axis":"y","origin":[8.0,1.0,8.0]},"faces":{"east":{"uv":[0.0,0.0,16.0,16.0],"texture":"#0","tintindex":0,"cullface":"west"},"west":{"uv":[16.0,0.0,0.0,16.0],"texture":"#0","tintindex":0,"cullface":"east"}}},{"from":[24.0,0.0,1.0],"to":[24.0,26.0,15.0],"rotation":{"angle":0.0,"axis":"y","origin":[8.0,1.0,8.0]},"faces":{"east":{"uv":[0.0,0.0,16.0,16.0],"texture":"#0","tintindex":0,"cullface":"west"},"west":{"uv":[16.0,0.0,0.0,16.0],"texture":"#0","tintindex":0,"cullface":"east"}}},{"from":[24.0,0.0,1.0],"to":[24.0,26.0,15.0],"rotation":{"angle":45.0,"axis":"y","origin":[8.0,1.0,8.0]},"faces":{"east":{"uv":[0.0,0.0,16.0,16.0],"texture":"#0","tintindex":0,"cullface":"west"},"west":{"uv":[16.0,0.0,0.0,16.0],"texture":"#0","tintindex":0,"cullface":"east"}}},{"from":[-8.0,0.0,1.0],"to":[24.0,0.0,15.0],"rotation":{"angle":0.0,"axis":"y","origin":[8.0,0.0,8.0]},"faces":{"up":{"uv":[0.0,0.0,16.0,16.0],"texture":"#1","tintindex":0,"cullface":"down"},"down":{"uv":[0.0,0.0,16.0,16.0],"texture":"#1","tintindex":0,"cullface":"up"}}},{"from":[-8.0,0.0,1.0],"to":[24.0,0.0,15.0],"rotation":{"angle":45.0,"axis":"y","origin":[8.0,0.0,8.0]},"faces":{"up":{"uv":[0.0,0.0,16.0,16.0],"texture":"#1","tintindex":0,"cullface":"down"},"down":{"uv":[0.0,0.0,16.0,16.0],"texture":"#1","tintindex":0,"cullface":"up"}}},{"from":[1.0,0.0,-8.0],"to":[15.0,0.0,24.0],"rotation":{"angle":0.0,"axis":"y","origin":[8.0,0.0,8.0]},"faces":{"up":{"uv":[0.0,0.0,16.0,16.0],"texture":"#1","tintindex":0,"cullface":"down"},"down":{"uv":[0.0,0.0,16.0,16.0],"texture":"#1","tintindex":0,"rotation":90,"cullface":"up"}}},{"from":[1.0,0.0,-8.0],"to":[15.0,0.0,24.0],"rotation":{"angle":45.0,"axis":"y","origin":[8.0,0.0,8.0]},"faces":{"up":{"uv":[0.0,0.0,16.0,16.0],"texture":"#1","tintindex":0,"cullface":"down"},"down":{"uv":[0.0,0.0,16.0,16.0],"texture":"#1","tintindex":0,"rotation":90,"cullface":"up"}}}],"display":{"head":{"translation":[0.0,-37.0,0.0],"scale":[0.7,0.7,0.7]}},"credit":"Made with Blockbench","ambientocclusion":false}