{"providers":[{"type":"space","advances":{" ":4}},{"type":"bitmap","file":"mcc:_fonts/allies_vs_enemies.png","chars":[""],"ascent":-22,"height":13},{"type":"bitmap","file":"mcc:_fonts/allies_vs_enemies_db.png","chars":[""],"ascent":-22,"height":13},{"type":"bitmap","file":"mcc:_fonts/allies_vs_enemies_db_v2.png","chars":[""],"ascent":-22,"height":13},{"type":"bitmap","file":"mcc:_fonts/allies_vs_teams.png","chars":[""],"ascent":-22,"height":13},{"type":"bitmap","file":"mcc:_fonts/allies_vs_teams_10.png","chars":[""],"ascent":-22,"height":13},{"type":"bitmap","file":"mcc:_fonts/bb.png","chars":[""],"ascent":-22,"height":13},{"type":"bitmap","file":"mcc:_fonts/clock.png","chars":[""],"ascent":-22,"height":13},{"type":"bitmap","file":"mcc:_fonts/clock_80.png","chars":[""],"ascent":-22,"height":13},{"type":"bitmap","file":"mcc:_fonts/clock_wide.png","chars":[""],"ascent":-22,"height":13},{"type":"bitmap","file":"mcc:_fonts/db.png","chars":[""],"ascent":-22,"height":13},{"type":"bitmap","file":"mcc:_fonts/karma.png","chars":[""],"ascent":-22,"height":13},{"type":"bitmap","file":"mcc:_fonts/parkour_warrior_bar.png","chars":[""],"ascent":-22,"height":15},{"type":"bitmap","file":"mcc:_fonts/party.png","chars":[""],"ascent":-22,"height":13},{"type":"bitmap","file":"mcc:_fonts/pkw_survival.png","chars":[""],"ascent":-22,"height":29},{"type":"bitmap","file":"mcc:_fonts/queue.png","chars":[""],"ascent":-22,"height":31},{"type":"bitmap","file":"mcc:_fonts/queue_penalty.png","chars":[""],"ascent":-22,"height":13},{"type":"bitmap","file":"mcc:_fonts/sb.png","chars":[""],"ascent":-22,"height":13},{"type":"bitmap","file":"mcc:_fonts/time/0.png","chars":[""],"ascent":-33,"height":1},{"type":"bitmap","file":"mcc:_fonts/time/1.png","chars":[""],"ascent":-33,"height":1},{"type":"bitmap","file":"mcc:_fonts/time/10.png","chars":[""],"ascent":-33,"height":1},{"type":"bitmap","file":"mcc:_fonts/time/2.png","chars":[""],"ascent":-33,"height":1},{"type":"bitmap","file":"mcc:_fonts/time/3.png","chars":[""],"ascent":-33,"height":1},{"type":"bitmap","file":"mcc:_fonts/time/4.png","chars":[""],"ascent":-33,"height":1},{"type":"bitmap","file":"mcc:_fonts/time/5.png","chars":[""],"ascent":-33,"height":1},{"type":"bitmap","file":"mcc:_fonts/time/6.png","chars":[""],"ascent":-33,"height":1},{"type":"bitmap","file":"mcc:_fonts/time/7.png","chars":[""],"ascent":-33,"height":1},{"type":"bitmap","file":"mcc:_fonts/time/8.png","chars":[""],"ascent":-33,"height":1},{"type":"bitmap","file":"mcc:_fonts/time/9.png","chars":[""],"ascent":-33,"height":1}]}