{"providers":[{"type":"space","advances":{" ":4}},{"type":"bitmap","file":"mcc:_fonts/champion_score_receive/1_start.png","chars":[""],"ascent":93,"height":128},{"type":"bitmap","file":"mcc:_fonts/champion_score_receive/2_start.png","chars":[""],"ascent":93,"height":128},{"type":"bitmap","file":"mcc:_fonts/champion_score_receive/3_start.png","chars":[""],"ascent":93,"height":128},{"type":"bitmap","file":"mcc:_fonts/champion_score_receive/4_end.png","chars":[""],"ascent":93,"height":128},{"type":"bitmap","file":"mcc:_fonts/champion_score_receive/4_start.png","chars":[""],"ascent":93,"height":128},{"type":"bitmap","file":"mcc:_fonts/champion_score_receive/5_end.png","chars":[""],"ascent":93,"height":128},{"type":"bitmap","file":"mcc:_fonts/champion_score_receive/5_loop.png","chars":[""],"ascent":93,"height":128},{"type":"bitmap","file":"mcc:_fonts/champion_score_receive/6_end.png","chars":[""],"ascent":93,"height":128},{"type":"bitmap","file":"mcc:_fonts/champion_score_receive/6_loop.png","chars":[""],"ascent":93,"height":128},{"type":"bitmap","file":"mcc:_fonts/champion_score_receive/7_end.png","chars":[""],"ascent":93,"height":128},{"type":"bitmap","file":"mcc:_fonts/champion_score_receive/7_loop.png","chars":[""],"ascent":93,"height":128},{"type":"bitmap","file":"mcc:_fonts/coin_receive/1_start.png","chars":[""],"ascent":93,"height":128},{"type":"bitmap","file":"mcc:_fonts/coin_receive/2_start.png","chars":[""],"ascent":93,"height":128},{"type":"bitmap","file":"mcc:_fonts/coin_receive/3_start.png","chars":[""],"ascent":93,"height":128},{"type":"bitmap","file":"mcc:_fonts/coin_receive/4_end.png","chars":[""],"ascent":93,"height":128},{"type":"bitmap","file":"mcc:_fonts/coin_receive/4_start.png","chars":[""],"ascent":93,"height":128},{"type":"bitmap","file":"mcc:_fonts/coin_receive/5_end.png","chars":[""],"ascent":93,"height":128},{"type":"bitmap","file":"mcc:_fonts/coin_receive/5_loop.png","chars":[""],"ascent":93,"height":128},{"type":"bitmap","file":"mcc:_fonts/coin_receive/6_end.png","chars":[""],"ascent":93,"height":128},{"type":"bitmap","file":"mcc:_fonts/coin_receive/6_loop.png","chars":[""],"ascent":93,"height":128},{"type":"bitmap","file":"mcc:_fonts/coin_receive/7_end.png","chars":[""],"ascent":93,"height":128},{"type":"bitmap","file":"mcc:_fonts/coin_receive/7_loop.png","chars":[""],"ascent":93,"height":128},{"type":"bitmap","file":"mcc:_fonts/dynaball_ammo/1.png","chars":[""],"ascent":-21,"height":23},{"type":"bitmap","file":"mcc:_fonts/dynaball_ammo/2.png","chars":[""],"ascent":-21,"height":23},{"type":"bitmap","file":"mcc:_fonts/dynaball_ammo/3.png","chars":[""],"ascent":-21,"height":23},{"type":"bitmap","file":"mcc:_fonts/dynaball_ammo/4.png","chars":[""],"ascent":-21,"height":23},{"type":"bitmap","file":"mcc:_fonts/experience_receive/a1.png","chars":[""],"ascent":93,"height":128},{"type":"bitmap","file":"mcc:_fonts/experience_receive/a2.png","chars":[""],"ascent":93,"height":128},{"type":"bitmap","file":"mcc:_fonts/experience_receive/a3.png","chars":[""],"ascent":93,"height":128},{"type":"bitmap","file":"mcc:_fonts/experience_receive/a4.png","chars":[""],"ascent":93,"height":128},{"type":"bitmap","file":"mcc:_fonts/experience_receive/b1.png","chars":[""],"ascent":93,"height":128},{"type":"bitmap","file":"mcc:_fonts/experience_receive/b2.png","chars":[""],"ascent":93,"height":128},{"type":"bitmap","file":"mcc:_fonts/experience_receive/b3.png","chars":[""],"ascent":93,"height":128},{"type":"bitmap","file":"mcc:_fonts/experience_receive/b4.png","chars":[""],"ascent":93,"height":128},{"type":"bitmap","file":"mcc:_fonts/experience_receive/c1.png","chars":[""],"ascent":93,"height":128},{"type":"bitmap","file":"mcc:_fonts/experience_receive/c2.png","chars":[""],"ascent":93,"height":128},{"type":"bitmap","file":"mcc:_fonts/experience_receive/c3.png","chars":[""],"ascent":93,"height":128},{"type":"bitmap","file":"mcc:_fonts/experience_receive/c4.png","chars":[""],"ascent":93,"height":128},{"type":"bitmap","file":"mcc:_fonts/experience_receive/d1.png","chars":[""],"ascent":93,"height":128},{"type":"bitmap","file":"mcc:_fonts/experience_receive/d2.png","chars":[""],"ascent":93,"height":128},{"type":"bitmap","file":"mcc:_fonts/experience_receive/d3.png","chars":[""],"ascent":93,"height":128},{"type":"bitmap","file":"mcc:_fonts/experience_receive/d4.png","chars":[""],"ascent":93,"height":128},{"type":"bitmap","file":"mcc:_fonts/gem_receive/1_start.png","chars":[""],"ascent":93,"height":128},{"type":"bitmap","file":"mcc:_fonts/gem_receive/2_start.png","chars":[""],"ascent":93,"height":128},{"type":"bitmap","file":"mcc:_fonts/gem_receive/3_start.png","chars":[""],"ascent":93,"height":128},{"type":"bitmap","file":"mcc:_fonts/gem_receive/4_end.png","chars":[""],"ascent":93,"height":128},{"type":"bitmap","file":"mcc:_fonts/gem_receive/4_start.png","chars":[""],"ascent":93,"height":128},{"type":"bitmap","file":"mcc:_fonts/gem_receive/5_end.png","chars":[""],"ascent":93,"height":128},{"type":"bitmap","file":"mcc:_fonts/gem_receive/5_loop.png","chars":[""],"ascent":93,"height":128},{"type":"bitmap","file":"mcc:_fonts/gem_receive/6_end.png","chars":[""],"ascent":93,"height":128},{"type":"bitmap","file":"mcc:_fonts/gem_receive/6_loop.png","chars":[""],"ascent":93,"height":128},{"type":"bitmap","file":"mcc:_fonts/gem_receive/7_end.png","chars":[""],"ascent":93,"height":128},{"type":"bitmap","file":"mcc:_fonts/gem_receive/7_loop.png","chars":[""],"ascent":93,"height":128},{"type":"bitmap","file":"mcc:_fonts/level_up/1.png","chars":[""],"ascent":93,"height":128},{"type":"bitmap","file":"mcc:_fonts/level_up/10.png","chars":[""],"ascent":93,"height":128},{"type":"bitmap","file":"mcc:_fonts/level_up/11.png","chars":[""],"ascent":93,"height":128},{"type":"bitmap","file":"mcc:_fonts/level_up/12.png","chars":[""],"ascent":93,"height":128},{"type":"bitmap","file":"mcc:_fonts/level_up/13.png","chars":[""],"ascent":93,"height":128},{"type":"bitmap","file":"mcc:_fonts/level_up/14.png","chars":[""],"ascent":93,"height":128},{"type":"bitmap","file":"mcc:_fonts/level_up/15.png","chars":[""],"ascent":93,"height":128},{"type":"bitmap","file":"mcc:_fonts/level_up/16.png","chars":[""],"ascent":93,"height":128},{"type":"bitmap","file":"mcc:_fonts/level_up/17.png","chars":[""],"ascent":93,"height":128},{"type":"bitmap","file":"mcc:_fonts/level_up/18.png","chars":[""],"ascent":93,"height":128},{"type":"bitmap","file":"mcc:_fonts/level_up/19.png","chars":[""],"ascent":93,"height":128},{"type":"bitmap","file":"mcc:_fonts/level_up/2.png","chars":[""],"ascent":93,"height":128},{"type":"bitmap","file":"mcc:_fonts/level_up/20.png","chars":[""],"ascent":93,"height":128},{"type":"bitmap","file":"mcc:_fonts/level_up/21.png","chars":[""],"ascent":93,"height":128},{"type":"bitmap","file":"mcc:_fonts/level_up/22.png","chars":[""],"ascent":93,"height":128},{"type":"bitmap","file":"mcc:_fonts/level_up/23.png","chars":[""],"ascent":93,"height":128},{"type":"bitmap","file":"mcc:_fonts/level_up/24.png","chars":[""],"ascent":93,"height":128},{"type":"bitmap","file":"mcc:_fonts/level_up/25.png","chars":[""],"ascent":93,"height":128},{"type":"bitmap","file":"mcc:_fonts/level_up/26.png","chars":[""],"ascent":93,"height":128},{"type":"bitmap","file":"mcc:_fonts/level_up/27.png","chars":[""],"ascent":93,"height":128},{"type":"bitmap","file":"mcc:_fonts/level_up/28.png","chars":[""],"ascent":93,"height":128},{"type":"bitmap","file":"mcc:_fonts/level_up/29.png","chars":[""],"ascent":93,"height":128},{"type":"bitmap","file":"mcc:_fonts/level_up/3.png","chars":[""],"ascent":93,"height":128},{"type":"bitmap","file":"mcc:_fonts/level_up/30.png","chars":[""],"ascent":93,"height":128},{"type":"bitmap","file":"mcc:_fonts/level_up/31.png","chars":[""],"ascent":93,"height":128},{"type":"bitmap","file":"mcc:_fonts/level_up/32.png","chars":[""],"ascent":93,"height":128},{"type":"bitmap","file":"mcc:_fonts/level_up/4.png","chars":[""],"ascent":93,"height":128},{"type":"bitmap","file":"mcc:_fonts/level_up/5.png","chars":[""],"ascent":93,"height":128},{"type":"bitmap","file":"mcc:_fonts/level_up/6.png","chars":[""],"ascent":93,"height":128},{"type":"bitmap","file":"mcc:_fonts/level_up/7.png","chars":[""],"ascent":93,"height":128},{"type":"bitmap","file":"mcc:_fonts/level_up/8.png","chars":[""],"ascent":93,"height":128},{"type":"bitmap","file":"mcc:_fonts/level_up/9.png","chars":[""],"ascent":93,"height":128},{"type":"bitmap","file":"mcc:_fonts/level_up/aqua.png","chars":[""],"ascent":93,"height":128},{"type":"bitmap","file":"mcc:_fonts/level_up/blue.png","chars":[""],"ascent":93,"height":128},{"type":"bitmap","file":"mcc:_fonts/level_up/cyan.png","chars":[""],"ascent":93,"height":128},{"type":"bitmap","file":"mcc:_fonts/level_up/green.png","chars":[""],"ascent":93,"height":128},{"type":"bitmap","file":"mcc:_fonts/level_up/lime.png","chars":[""],"ascent":93,"height":128},{"type":"bitmap","file":"mcc:_fonts/level_up/orange.png","chars":[""],"ascent":93,"height":128},{"type":"bitmap","file":"mcc:_fonts/level_up/pink.png","chars":[""],"ascent":93,"height":128},{"type":"bitmap","file":"mcc:_fonts/level_up/purple.png","chars":[""],"ascent":93,"height":128},{"type":"bitmap","file":"mcc:_fonts/level_up/red.png","chars":[""],"ascent":93,"height":128},{"type":"bitmap","file":"mcc:_fonts/level_up/yellow.png","chars":[""],"ascent":93,"height":128},{"type":"bitmap","file":"mcc:_fonts/spectating.png","chars":[""],"ascent":-7,"height":21},{"type":"bitmap","file":"mcc:_fonts/spectating_higher.png","chars":[""],"ascent":1,"height":29},{"type":"bitmap","file":"mcc:_fonts/spinning_glow/1.png","chars":[""],"ascent":128,"height":256},{"type":"bitmap","file":"mcc:_fonts/spinning_glow/2.png","chars":[""],"ascent":128,"height":256},{"type":"bitmap","file":"mcc:_fonts/spinning_glow/3.png","chars":[""],"ascent":128,"height":256}]}