{"providers":[{"type":"space","advances":{" ":4}},{"type":"bitmap","file":"mcc:_fonts/chest_large.png","chars":[""],"ascent":31,"height":256},{"type":"bitmap","file":"mcc:_fonts/chest_small.png","chars":[""],"ascent":31,"height":256},{"type":"bitmap","file":"mcc:_fonts/footer/center_scroll/1x3.png","chars":[""],"ascent":7,"height":256},{"type":"bitmap","file":"mcc:_fonts/footer/center_scroll/1x5.png","chars":[""],"ascent":7,"height":256},{"type":"bitmap","file":"mcc:_fonts/footer/center_scroll/1x7.png","chars":[""],"ascent":7,"height":256},{"type":"bitmap","file":"mcc:_fonts/footer/regular/0.png","chars":[""],"ascent":-121,"height":256},{"type":"bitmap","file":"mcc:_fonts/footer/regular/0_purple_royal.png","chars":[""],"ascent":7,"height":256},{"type":"bitmap","file":"mcc:_fonts/footer/regular/0_scroll_down.png","chars":[""],"ascent":-121,"height":256},{"type":"bitmap","file":"mcc:_fonts/footer/regular/1x3.png","chars":[""],"ascent":-121,"height":256},{"type":"bitmap","file":"mcc:_fonts/footer/regular/1x5.png","chars":[""],"ascent":-121,"height":256},{"type":"bitmap","file":"mcc:_fonts/footer/regular/1x7.png","chars":[""],"ascent":-121,"height":256},{"type":"bitmap","file":"mcc:_fonts/footer/regular/2x3.png","chars":[""],"ascent":-12,"height":256},{"type":"bitmap","file":"mcc:_fonts/footer/regular/2x5.png","chars":[""],"ascent":-121,"height":256},{"type":"bitmap","file":"mcc:_fonts/footer/regular/2x7.png","chars":[""],"ascent":-121,"height":256},{"type":"bitmap","file":"mcc:_fonts/footer/regular/2x7_plus.png","chars":[""],"ascent":-121,"height":256},{"type":"bitmap","file":"mcc:_fonts/footer/regular/button.png","chars":[""],"ascent":-121,"height":256},{"type":"bitmap","file":"mcc:_fonts/footer/regular/buttons_two.png","chars":[""],"ascent":-121,"height":256},{"type":"bitmap","file":"mcc:_fonts/footer/regular/mastery_gate.png","chars":[""],"ascent":-121,"height":256},{"type":"bitmap","file":"mcc:_fonts/footer/regular/wallet.png","chars":[""],"ascent":-121,"height":256},{"type":"bitmap","file":"mcc:_fonts/footer/regular/wallet_cyan.png","chars":[""],"ascent":-121,"height":256},{"type":"bitmap","file":"mcc:_fonts/footer/regular/wallet_halloween.png","chars":[""],"ascent":-121,"height":256},{"type":"bitmap","file":"mcc:_fonts/footer/regular/wallet_knick_knax.png","chars":[""],"ascent":-121,"height":256},{"type":"bitmap","file":"mcc:_fonts/footer/regular/wallet_purple.png","chars":[""],"ascent":-121,"height":256},{"type":"bitmap","file":"mcc:_fonts/footer/regular/wallet_purple_royal.png","chars":[""],"ascent":-121,"height":256},{"type":"bitmap","file":"mcc:_fonts/footer/regular/wallet_purple_summer.png","chars":[""],"ascent":-121,"height":256},{"type":"bitmap","file":"mcc:_fonts/footer/regular/wallet_s2.png","chars":[""],"ascent":-121,"height":256},{"type":"bitmap","file":"mcc:_fonts/footer/wider/0.png","chars":[""],"ascent":-121,"height":256},{"type":"bitmap","file":"mcc:_fonts/footer/wider/1x3.png","chars":[""],"ascent":-121,"height":256},{"type":"bitmap","file":"mcc:_fonts/footer/wider/1x5.png","chars":[""],"ascent":-121,"height":256},{"type":"bitmap","file":"mcc:_fonts/footer/wider/1x7.png","chars":[""],"ascent":-121,"height":256},{"type":"bitmap","file":"mcc:_fonts/footer/wider/2x3.png","chars":[""],"ascent":-121,"height":256},{"type":"bitmap","file":"mcc:_fonts/footer/wider/2x5.png","chars":[""],"ascent":7,"height":256},{"type":"bitmap","file":"mcc:_fonts/footer/wider/2x7.png","chars":[""],"ascent":-121,"height":256},{"type":"bitmap","file":"mcc:_fonts/footer/wider/2x7_plus.png","chars":[""],"ascent":-121,"height":256},{"type":"bitmap","file":"mcc:_fonts/footer/widerer/0.png","chars":[""],"ascent":-121,"height":256},{"type":"bitmap","file":"mcc:_fonts/framework_assembler.png","chars":[""],"ascent":10,"height":256},{"type":"bitmap","file":"mcc:_fonts/full/crate_machine.png","chars":[""],"ascent":29,"height":235},{"type":"bitmap","file":"mcc:_fonts/full/crate_tuner.png","chars":[""],"ascent":29,"height":256},{"type":"bitmap","file":"mcc:_fonts/full/inspect.png","chars":[""],"ascent":25,"height":256},{"type":"bitmap","file":"mcc:_fonts/full/legacy_machine.png","chars":[""],"ascent":29,"height":256},{"type":"bitmap","file":"mcc:_fonts/full/navigator.png","chars":[""],"ascent":29,"height":256},{"type":"bitmap","file":"mcc:_fonts/full/news.png","chars":[""],"ascent":8,"height":256},{"type":"bitmap","file":"mcc:_fonts/full/pass.png","chars":[""],"ascent":79,"height":256},{"type":"bitmap","file":"mcc:_fonts/full/pass_locked.png","chars":[""],"ascent":79,"height":256},{"type":"bitmap","file":"mcc:_fonts/full/personal_showcase.png","chars":[""],"ascent":25,"height":256},{"type":"bitmap","file":"mcc:_fonts/full/personal_wallet.png","chars":[""],"ascent":25,"height":201},{"type":"bitmap","file":"mcc:_fonts/full/seasonal_machine.png","chars":[""],"ascent":37,"height":256},{"type":"bitmap","file":"mcc:_fonts/header/assembler.png","chars":[""],"ascent":10,"height":256},{"type":"bitmap","file":"mcc:_fonts/header/barber_color.png","chars":[""],"ascent":-8,"height":256},{"type":"bitmap","file":"mcc:_fonts/header/barber_variant.png","chars":[""],"ascent":-8,"height":256},{"type":"bitmap","file":"mcc:_fonts/header/calendar.png","chars":[""],"ascent":41,"height":163},{"type":"bitmap","file":"mcc:_fonts/header/crate_machine_pools.png","chars":[""],"ascent":28,"height":256},{"type":"bitmap","file":"mcc:_fonts/header/crate_machine_pulls.png","chars":[""],"ascent":30,"height":256},{"type":"bitmap","file":"mcc:_fonts/header/friends.png","chars":[""],"ascent":-8,"height":256},{"type":"bitmap","file":"mcc:_fonts/header/fusion_crafting.png","chars":[""],"ascent":-8,"height":256},{"type":"bitmap","file":"mcc:_fonts/header/fusion_crafting_tab_1.png","chars":[""],"ascent":10,"height":256},{"type":"bitmap","file":"mcc:_fonts/header/fusion_crafting_tab_2.png","chars":[""],"ascent":10,"height":256},{"type":"bitmap","file":"mcc:_fonts/header/game_kiosk.png","chars":[""],"ascent":28,"height":256},{"type":"bitmap","file":"mcc:_fonts/header/game_kiosk_large.png","chars":[""],"ascent":28,"height":256},{"type":"bitmap","file":"mcc:_fonts/header/game_mastery.png","chars":[""],"ascent":32,"height":256},{"type":"bitmap","file":"mcc:_fonts/header/game_mastery_locked.png","chars":[""],"ascent":32,"height":256},{"type":"bitmap","file":"mcc:_fonts/header/game_mastery_select_game.png","chars":[""],"ascent":-8,"height":256},{"type":"bitmap","file":"mcc:_fonts/header/grid_3x5_padded.png","chars":[""],"ascent":-9,"height":256},{"type":"bitmap","file":"mcc:_fonts/header/grid_7x3_default.png","chars":[""],"ascent":-9,"height":256},{"type":"bitmap","file":"mcc:_fonts/header/grid_7x3_default_cyan.png","chars":[""],"ascent":-9,"height":256},{"type":"bitmap","file":"mcc:_fonts/header/grid_7x3_default_halloween.png","chars":[""],"ascent":-9,"height":256},{"type":"bitmap","file":"mcc:_fonts/header/grid_7x3_default_knick_knax.png","chars":[""],"ascent":-9,"height":256},{"type":"bitmap","file":"mcc:_fonts/header/grid_7x3_default_purple.png","chars":[""],"ascent":-9,"height":256},{"type":"bitmap","file":"mcc:_fonts/header/grid_7x3_default_s2.png","chars":[""],"ascent":-1,"height":256},{"type":"bitmap","file":"mcc:_fonts/header/grid_7x5_default.png","chars":[""],"ascent":27,"height":256},{"type":"bitmap","file":"mcc:_fonts/header/grid_7x5_default_cyan.png","chars":[""],"ascent":27,"height":256},{"type":"bitmap","file":"mcc:_fonts/header/grid_7x5_default_halloween.png","chars":[""],"ascent":27,"height":256},{"type":"bitmap","file":"mcc:_fonts/header/grid_7x5_default_purple.png","chars":[""],"ascent":27,"height":256},{"type":"bitmap","file":"mcc:_fonts/header/grid_7x5_default_purple_royal.png","chars":[""],"ascent":27,"height":256},{"type":"bitmap","file":"mcc:_fonts/header/grid_7x5_default_purple_royal_2.png","chars":[""],"ascent":27,"height":256},{"type":"bitmap","file":"mcc:_fonts/header/grid_7x5_default_purple_summer.png","chars":[""],"ascent":27,"height":256},{"type":"bitmap","file":"mcc:_fonts/header/grid_7x5_padded.png","chars":[""],"ascent":27,"height":256},{"type":"bitmap","file":"mcc:_fonts/header/grid_7x5_padded_green.png","chars":[""],"ascent":27,"height":256},{"type":"bitmap","file":"mcc:_fonts/header/ignore.png","chars":[""],"ascent":-8,"height":256},{"type":"bitmap","file":"mcc:_fonts/header/infinibag_tab1.png","chars":[""],"ascent":28,"height":256},{"type":"bitmap","file":"mcc:_fonts/header/infinibag_tab1_select.png","chars":[""],"ascent":28,"height":256},{"type":"bitmap","file":"mcc:_fonts/header/infinibag_tab2.png","chars":[""],"ascent":28,"height":256},{"type":"bitmap","file":"mcc:_fonts/header/infinibag_tab2_select.png","chars":[""],"ascent":28,"height":256},{"type":"bitmap","file":"mcc:_fonts/header/infinibag_tab_all_select.png","chars":[""],"ascent":27,"height":256},{"type":"bitmap","file":"mcc:_fonts/header/instances.png","chars":[""],"ascent":-8,"height":256},{"type":"bitmap","file":"mcc:_fonts/header/kiosk_battle_box.png","chars":[""],"ascent":29,"height":256},{"type":"bitmap","file":"mcc:_fonts/header/kiosk_dynaball.png","chars":[""],"ascent":29,"height":256},{"type":"bitmap","file":"mcc:_fonts/header/kiosk_hole_in_the_wall.png","chars":[""],"ascent":29,"height":256},{"type":"bitmap","file":"mcc:_fonts/header/kiosk_parkour_warrior.png","chars":[""],"ascent":29,"height":256},{"type":"bitmap","file":"mcc:_fonts/header/kiosk_parkour_warrior_solo.png","chars":[""],"ascent":29,"height":256},{"type":"bitmap","file":"mcc:_fonts/header/kiosk_sky_battle.png","chars":[""],"ascent":29,"height":256},{"type":"bitmap","file":"mcc:_fonts/header/kiosk_tgttos.png","chars":[""],"ascent":29,"height":256},{"type":"bitmap","file":"mcc:_fonts/header/kit_select.png","chars":[""],"ascent":28,"height":256},{"type":"bitmap","file":"mcc:_fonts/header/loyalty_road.png","chars":[""],"ascent":-1,"height":256},{"type":"bitmap","file":"mcc:_fonts/header/mastery_gate.png","chars":[""],"ascent":-8,"height":256},{"type":"bitmap","file":"mcc:_fonts/header/milestones.png","chars":[""],"ascent":28,"height":256},{"type":"bitmap","file":"mcc:_fonts/header/party.png","chars":[""],"ascent":-8,"height":256},{"type":"bitmap","file":"mcc:_fonts/header/party_invite.png","chars":[""],"ascent":-8,"height":256},{"type":"bitmap","file":"mcc:_fonts/header/party_invite_empty.png","chars":[""],"ascent":-8,"height":256},{"type":"bitmap","file":"mcc:_fonts/header/plobby_create.png","chars":[""],"ascent":28,"height":256},{"type":"bitmap","file":"mcc:_fonts/header/plobby_tab1.png","chars":[""],"ascent":28,"height":256},{"type":"bitmap","file":"mcc:_fonts/header/plobby_tab2.png","chars":[""],"ascent":28,"height":256},{"type":"bitmap","file":"mcc:_fonts/header/plobby_unavailable.png","chars":[""],"ascent":28,"height":256},{"type":"bitmap","file":"mcc:_fonts/header/profiles.png","chars":[""],"ascent":-42,"height":256},{"type":"bitmap","file":"mcc:_fonts/header/quest_log.png","chars":[""],"ascent":29,"height":256},{"type":"bitmap","file":"mcc:_fonts/header/rank_menu.png","chars":[""],"ascent":9,"height":256},{"type":"bitmap","file":"mcc:_fonts/header/rank_menu_subscription.png","chars":[""],"ascent":9,"height":256},{"type":"bitmap","file":"mcc:_fonts/header/scavenging.png","chars":[""],"ascent":-9,"height":256},{"type":"bitmap","file":"mcc:_fonts/header/scavenging_king.png","chars":[""],"ascent":-9,"height":256},{"type":"bitmap","file":"mcc:_fonts/header/select_faction.png","chars":[""],"ascent":28,"height":256},{"type":"bitmap","file":"mcc:_fonts/header/select_game_pass.png","chars":[""],"ascent":32,"height":256},{"type":"bitmap","file":"mcc:_fonts/header/select_pass.png","chars":[""],"ascent":32,"height":256},{"type":"bitmap","file":"mcc:_fonts/header/settings.png","chars":[""],"ascent":25,"height":256},{"type":"bitmap","file":"mcc:_fonts/header/spectate_ffa.png","chars":[""],"ascent":28,"height":256},{"type":"bitmap","file":"mcc:_fonts/header/spectator/1.png","chars":[""],"ascent":-55,"height":256},{"type":"bitmap","file":"mcc:_fonts/header/spectator/2.png","chars":[""],"ascent":-37,"height":256},{"type":"bitmap","file":"mcc:_fonts/header/spectator/3.png","chars":[""],"ascent":-19,"height":256},{"type":"bitmap","file":"mcc:_fonts/header/spectator/4.png","chars":[""],"ascent":-1,"height":256},{"type":"bitmap","file":"mcc:_fonts/header/spectator/5.png","chars":[""],"ascent":17,"height":256},{"type":"bitmap","file":"mcc:_fonts/header/spectator/6.png","chars":[""],"ascent":33,"height":256},{"type":"bitmap","file":"mcc:_fonts/header/store.png","chars":[""],"ascent":28,"height":256},{"type":"bitmap","file":"mcc:_fonts/header/wardrobe.png","chars":[""],"ascent":28,"height":256},{"type":"bitmap","file":"mcc:_fonts/header/wardrobe_editor_tab1.png","chars":[""],"ascent":-9,"height":256},{"type":"bitmap","file":"mcc:_fonts/header/wardrobe_editor_tab1_faction.png","chars":[""],"ascent":-9,"height":256},{"type":"bitmap","file":"mcc:_fonts/header/wardrobe_editor_tab2.png","chars":[""],"ascent":-9,"height":256},{"type":"bitmap","file":"mcc:_fonts/header/wardrobe_green.png","chars":[""],"ascent":28,"height":256},{"type":"bitmap","file":"mcc:_fonts/infinibag_select_item_tab_1.png","chars":[""],"ascent":28,"height":256},{"type":"bitmap","file":"mcc:_fonts/infinibag_select_item_tab_2.png","chars":[""],"ascent":28,"height":256},{"type":"bitmap","file":"mcc:_fonts/infinibag_tab_1.png","chars":[""],"ascent":28,"height":256},{"type":"bitmap","file":"mcc:_fonts/infinibag_tab_2.png","chars":[""],"ascent":28,"height":256},{"type":"bitmap","file":"mcc:_fonts/kit_selector.png","chars":[""],"ascent":28,"height":256},{"type":"bitmap","file":"mcc:_fonts/life_sentence.png","chars":[""],"ascent":-60,"height":256},{"type":"bitmap","file":"mcc:_fonts/news/2.png","chars":[""],"ascent":8,"height":256},{"type":"bitmap","file":"mcc:_fonts/news/3.png","chars":[""],"ascent":8,"height":256},{"type":"bitmap","file":"mcc:_fonts/news/4.png","chars":[""],"ascent":8,"height":256},{"type":"bitmap","file":"mcc:_fonts/news/5.png","chars":[""],"ascent":8,"height":256},{"type":"bitmap","file":"mcc:_fonts/news/6.png","chars":[""],"ascent":8,"height":256},{"type":"bitmap","file":"mcc:_fonts/notification.png","chars":[""],"ascent":-60,"height":256},{"type":"bitmap","file":"mcc:_fonts/notification_gems.png","chars":[""],"ascent":-60,"height":256},{"type":"bitmap","file":"mcc:_fonts/notification_store_coins.png","chars":[""],"ascent":-33,"height":256},{"type":"bitmap","file":"mcc:_fonts/notification_store_gems.png","chars":[""],"ascent":-33,"height":256},{"type":"bitmap","file":"mcc:_fonts/notification_store_other.png","chars":[""],"ascent":-33,"height":256},{"type":"bitmap","file":"mcc:_fonts/openable_summary.png","chars":[""],"ascent":11,"height":256},{"type":"bitmap","file":"mcc:_fonts/select_faction.png","chars":[""],"ascent":28,"height":256},{"type":"bitmap","file":"mcc:_fonts/ticket.png","chars":[""],"ascent":5,"height":256}]}