{"textures":{"0":"mcc:island_cosmetics/faction/hat/beanie/head_faction_features","particle":"mcc:island_cosmetics/faction/hat/beanie/head_faction_features"},"elements":[{"from":[3.3,6.8,3.3],"to":[12.7,9.2,12.7],"rotation":{"angle":0.0,"axis":"x","origin":[8.18333,7.5,8.0]},"faces":{"north":{"uv":[3.25,8.0,4.375,8.25],"texture":"#0"},"east":{"uv":[3.25,7.625,4.375,7.875],"texture":"#0"},"south":{"uv":[3.25,7.625,4.375,7.875],"texture":"#0"},"west":{"uv":[3.25,7.625,4.375,7.875],"texture":"#0"},"up":{"uv":[2.625,8.375,2.75,8.5],"texture":"#0"},"down":{"uv":[2.625,8.375,2.75,8.5],"texture":"#0"}}},{"from":[3.5,8.0,3.5],"to":[12.5,13.0,12.5],"rotation":{"angle":0.0,"axis":"y","origin":[8.0,10.5,8.0]},"faces":{"north":{"uv":[3.375,6.0,4.5,6.625],"texture":"#0"},"east":{"uv":[3.375,6.625,4.5,7.25],"texture":"#0"},"south":{"uv":[3.375,6.625,4.5,7.25],"texture":"#0"},"west":{"uv":[3.375,6.625,4.5,7.25],"texture":"#0"},"up":{"uv":[2.125,7.25,3.25,8.375],"texture":"#0"},"down":{"uv":[4.375,7.25,5.5,8.375],"texture":"#0"}}},{"from":[2.0,12.75,8.0],"to":[6.0,15.75,9.0],"rotation":{"angle":22.5,"axis":"z","origin":[5.5,14.5,8.5]},"faces":{"north":{"uv":[2.75,6.0,3.25,6.375],"texture":"#0"},"east":{"uv":[2.25,6.0,2.375,6.375],"texture":"#0"},"south":{"uv":[2.25,6.0,2.75,6.375],"texture":"#0"},"west":{"uv":[2.25,6.0,2.375,6.375],"texture":"#0"},"up":{"uv":[2.75,6.0,3.25,6.125],"texture":"#0"},"down":{"uv":[2.75,6.0,3.25,6.125],"texture":"#0"}}},{"from":[10.0,12.75,8.0],"to":[14.0,15.75,9.0],"rotation":{"angle":-22.5,"axis":"z","origin":[10.5,14.5,8.5]},"faces":{"north":{"uv":[3.25,6.0,2.75,6.375],"texture":"#0"},"east":{"uv":[2.375,6.0,2.25,6.375],"texture":"#0"},"south":{"uv":[2.75,6.0,2.25,6.375],"texture":"#0"},"west":{"uv":[2.375,6.0,2.25,6.375],"texture":"#0"},"up":{"uv":[3.25,6.0,2.75,6.125],"texture":"#0"},"down":{"uv":[3.25,6.0,2.75,6.125],"texture":"#0"}}},{"from":[12.7,9.2,12.7],"to":[3.3,6.8,3.3],"rotation":{"angle":0.0,"axis":"x","origin":[8.18333,7.5,8.0]},"faces":{"north":{"uv":[3.25,7.875,4.375,7.625],"texture":"#0"},"east":{"uv":[3.25,7.875,4.375,7.625],"texture":"#0"},"south":{"uv":[3.25,8.25,4.375,8.0],"texture":"#0"},"west":{"uv":[3.25,7.875,4.375,7.625],"texture":"#0"},"up":{"uv":[2.75,8.375,2.625,8.5],"texture":"#0"},"down":{"uv":[2.75,8.375,2.625,8.5],"texture":"#0"}}}],"display":{"thirdperson_righthand":{"translation":[0.0,1.0,0.75],"rotation":[55.5,34.0,0.0],"scale":[0.52539,0.52539,0.52539]},"thirdperson_lefthand":{"translation":[0.0,1.0,0.75],"rotation":[55.5,34.0,0.0],"scale":[0.52539,0.52539,0.52539]},"firstperson_righthand":{"translation":[9.5,0.0,-5.75],"rotation":[21.0,114.5,-13.75],"scale":[0.41992,0.41992,0.41992]},"firstperson_lefthand":{"translation":[9.5,0.0,-5.75],"rotation":[21.0,114.5,-13.75],"scale":[0.41992,0.41992,0.41992]},"gui":{"translation":[0.0,-1.75,0.0],"rotation":[-168.09,-34.89,169.2],"scale":[0.97851,0.97851,0.97851]},"head":{"translation":[0.0,2.75,0.25],"rotation":[5.73,-0.31,-3.25],"scale":[1.76017,1.76017,1.76017]}},"credit":"Made with Blockbench","gui_light":"front"}