{"textures":{"0":"mcc:island_cosmetics/faction/hat/beanie/head_faction_features","particle":"mcc:island_cosmetics/faction/hat/beanie/head_faction_features"},"elements":[{"from":[3.3,6.8,3.3],"to":[12.7,9.2,12.7],"rotation":{"angle":0.0,"axis":"x","origin":[8.18333,7.5,8.0]},"faces":{"north":{"uv":[13.75,8.0,14.875,8.25],"texture":"#0"},"east":{"uv":[13.75,7.625,14.875,7.875],"texture":"#0"},"south":{"uv":[13.75,7.625,14.875,7.875],"texture":"#0"},"west":{"uv":[13.75,7.625,14.875,7.875],"texture":"#0"}}},{"from":[3.5,8.0,3.5],"to":[12.5,13.0,12.5],"rotation":{"angle":0.0,"axis":"x","origin":[8.0,10.5,8.0]},"faces":{"north":{"uv":[10.0,2.5,11.125,3.125],"texture":"#0"},"east":{"uv":[10.0,3.125,11.125,3.75],"texture":"#0"},"south":{"uv":[10.0,3.125,11.125,3.75],"texture":"#0"},"west":{"uv":[10.0,3.125,11.125,3.75],"texture":"#0"},"up":{"uv":[12.625,7.25,13.75,8.375],"texture":"#0"},"down":{"uv":[14.875,7.25,16.0,8.375],"texture":"#0"}}},{"from":[1.5,11.0,7.5],"to":[5.5,17.0,8.5],"rotation":{"angle":22.5,"axis":"z","origin":[5.5,16.0,8.0]},"faces":{"north":{"uv":[15.5,6.5,16.0,7.25],"texture":"#0"},"east":{"uv":[15.5,5.75,15.625,6.5],"texture":"#0"},"south":{"uv":[15.5,5.75,16.0,6.5],"texture":"#0"},"west":{"uv":[15.5,5.75,15.625,6.5],"texture":"#0"},"up":{"uv":[15.5,5.75,16.0,5.875],"texture":"#0"}}},{"from":[10.5,11.0,7.5],"to":[14.5,17.0,8.5],"rotation":{"angle":-22.5,"axis":"z","origin":[10.5,16.0,8.0]},"faces":{"north":{"uv":[16.0,6.5,15.5,7.25],"texture":"#0"},"east":{"uv":[15.625,5.75,15.5,6.5],"texture":"#0"},"south":{"uv":[16.0,5.75,15.5,6.5],"texture":"#0"},"west":{"uv":[15.625,5.75,15.5,6.5],"texture":"#0"},"up":{"uv":[16.0,5.75,15.5,5.875],"texture":"#0"}}},{"from":[12.7,9.2,12.7],"to":[3.3,6.8,3.3],"rotation":{"angle":0.0,"axis":"x","origin":[8.18333,7.5,8.0]},"faces":{"north":{"uv":[13.75,7.875,14.875,7.625],"texture":"#0"},"east":{"uv":[13.75,7.875,14.875,7.625],"texture":"#0"},"south":{"uv":[13.75,8.25,14.875,8.0],"texture":"#0"},"west":{"uv":[13.75,7.875,14.875,7.625],"texture":"#0"}}}],"display":{"thirdperson_righthand":{"translation":[0.0,1.0,0.75],"rotation":[55.5,34.0,0.0],"scale":[0.52539,0.52539,0.52539]},"thirdperson_lefthand":{"translation":[0.0,1.0,0.75],"rotation":[55.5,34.0,0.0],"scale":[0.52539,0.52539,0.52539]},"firstperson_righthand":{"translation":[9.5,0.0,-5.75],"rotation":[21.0,114.5,-13.75],"scale":[0.41992,0.41992,0.41992]},"firstperson_lefthand":{"translation":[9.5,0.0,-5.75],"rotation":[21.0,114.5,-13.75],"scale":[0.41992,0.41992,0.41992]},"gui":{"translation":[0.0,-3.25,0.0],"rotation":[-168.09,-34.89,169.2],"scale":[0.97851,0.97851,0.97851]},"head":{"translation":[0.0,2.75,0.25],"rotation":[5.73,-0.31,-3.25],"scale":[1.76017,1.76017,1.76017]}},"credit":"Made with Blockbench","gui_light":"front"}