{"textures":{"0":"mcc:island_cosmetics/faction/hat/beanie/head_faction_features","particle":"mcc:island_cosmetics/faction/hat/beanie/head_faction_features"},"elements":[{"from":[3.3,6.8,3.3],"to":[12.7,9.2,12.7],"rotation":{"angle":0.0,"axis":"x","origin":[8.18333,7.5,8.0]},"faces":{"north":{"uv":[10.25,10.75,11.375,11.0],"texture":"#0"},"east":{"uv":[10.25,10.375,11.375,10.625],"texture":"#0"},"south":{"uv":[10.25,10.375,11.375,10.625],"texture":"#0"},"west":{"uv":[10.25,10.375,11.375,10.625],"texture":"#0"},"up":{"uv":[9.625,11.125,9.75,11.25],"texture":"#0"},"down":{"uv":[9.625,11.125,9.75,11.25],"texture":"#0"}}},{"from":[3.5,8.0,3.5],"to":[12.5,13.0,12.5],"rotation":{"angle":0.0,"axis":"x","origin":[8.0,10.5,8.0]},"faces":{"north":{"uv":[10.5,8.75,11.625,9.375],"texture":"#0"},"east":{"uv":[10.5,9.375,11.625,10.0],"texture":"#0"},"south":{"uv":[10.5,9.375,11.625,10.0],"texture":"#0"},"west":{"uv":[10.5,9.375,11.625,10.0],"texture":"#0"},"up":{"uv":[9.125,10.0,10.25,11.125],"texture":"#0"},"down":{"uv":[11.375,10.0,12.5,11.125],"texture":"#0"}}},{"from":[8.5,9.0,5.5],"to":[15.5,17.0,5.5],"rotation":{"angle":-22.5,"axis":"y","origin":[7.0,14.5,8.5]},"faces":{"north":{"uv":[11.625,9.0,12.5,10.0],"texture":"#0","tintindex":0},"east":{"uv":[10.25,10.0,11.375,10.625],"texture":"#0","tintindex":0},"south":{"uv":[12.5,9.0,11.625,10.0],"texture":"#0","tintindex":0},"west":{"uv":[10.25,10.0,11.375,10.625],"texture":"#0","tintindex":0},"up":{"uv":[9.125,10.0,10.25,11.125],"texture":"#0","tintindex":0},"down":{"uv":[11.375,10.0,12.5,11.125],"texture":"#0","tintindex":0}}},{"from":[0.5,9.0,5.5],"to":[7.5,17.0,5.5],"rotation":{"angle":22.5,"axis":"y","origin":[9.0,14.5,8.5]},"faces":{"north":{"uv":[12.5,9.0,11.625,10.0],"texture":"#0","tintindex":0},"east":{"uv":[11.375,10.0,10.25,10.625],"texture":"#0","tintindex":0},"south":{"uv":[11.625,9.0,12.5,10.0],"texture":"#0","tintindex":0},"west":{"uv":[11.375,10.0,10.25,10.625],"texture":"#0","tintindex":0},"up":{"uv":[10.25,10.0,9.125,11.125],"texture":"#0","tintindex":0},"down":{"uv":[12.5,10.0,11.375,11.125],"texture":"#0","tintindex":0}}},{"from":[12.7,9.2,12.7],"to":[3.3,6.8,3.3],"rotation":{"angle":0.0,"axis":"x","origin":[8.18333,7.5,8.0]},"faces":{"north":{"uv":[10.25,10.625,11.375,10.375],"texture":"#0"},"east":{"uv":[10.25,10.625,11.375,10.375],"texture":"#0"},"south":{"uv":[10.25,11.0,11.375,10.75],"texture":"#0"},"west":{"uv":[10.25,10.625,11.375,10.375],"texture":"#0"},"up":{"uv":[9.75,11.125,9.625,11.25],"texture":"#0"},"down":{"uv":[9.75,11.125,9.625,11.25],"texture":"#0"}}}],"display":{"thirdperson_righthand":{"translation":[0.0,1.0,0.75],"rotation":[55.5,34.0,0.0],"scale":[0.52539,0.52539,0.52539]},"thirdperson_lefthand":{"translation":[0.0,1.0,0.75],"rotation":[55.5,34.0,0.0],"scale":[0.52539,0.52539,0.52539]},"firstperson_righthand":{"translation":[9.5,0.0,-5.75],"rotation":[21.0,114.5,-13.75],"scale":[0.41992,0.41992,0.41992]},"firstperson_lefthand":{"translation":[9.5,0.0,-5.75],"rotation":[21.0,114.5,-13.75],"scale":[0.41992,0.41992,0.41992]},"gui":{"translation":[0.75,-2.5,0.0],"rotation":[-168.09,-34.89,169.2],"scale":[0.97851,0.97851,0.97851]},"head":{"translation":[0.0,2.75,0.25],"rotation":[5.73,-0.31,-3.25],"scale":[1.76017,1.76017,1.76017]}},"credit":"Made with Blockbench","gui_light":"front"}