{"textures":{"0":"mcc:island_cosmetics/faction/hat/beanie/head_faction_features","particle":"mcc:island_cosmetics/faction/hat/beanie/head_faction_features"},"elements":[{"from":[3.3,6.8,3.3],"to":[12.7,9.2,12.7],"rotation":{"angle":0.0,"axis":"x","origin":[8.18333,7.5,8.0]},"faces":{"north":{"uv":[3.25,10.75,4.375,11.0],"texture":"#0"},"east":{"uv":[3.25,10.375,4.375,10.625],"texture":"#0"},"south":{"uv":[3.25,10.375,4.375,10.625],"texture":"#0"},"west":{"uv":[3.25,10.375,4.375,10.625],"texture":"#0"},"up":{"uv":[6.125,11.125,6.25,11.25],"texture":"#0"},"down":{"uv":[6.125,11.125,6.25,11.25],"texture":"#0"}}},{"from":[3.5,8.0,3.5],"to":[12.5,13.0,12.5],"rotation":{"angle":0.0,"axis":"y","origin":[8.0,10.5,8.0]},"faces":{"north":{"uv":[3.25,8.75,4.375,9.375],"texture":"#0"},"east":{"uv":[3.25,9.375,4.375,10.0],"texture":"#0"},"south":{"uv":[3.25,9.375,4.375,10.0],"texture":"#0"},"west":{"uv":[3.25,9.375,4.375,10.0],"texture":"#0"},"up":{"uv":[2.125,10.0,3.25,11.125],"texture":"#0"},"down":{"uv":[4.375,10.0,5.5,11.125],"texture":"#0"}}},{"from":[16.75,0.25,7.0],"to":[19.75,2.25,9.0],"rotation":{"angle":45.0,"axis":"z","origin":[1.0,1.0,1.0]},"faces":{"north":{"uv":[2.875,9.125,3.25,9.375],"texture":"#0"},"east":{"uv":[2.625,9.125,2.875,9.375],"texture":"#0"},"south":{"uv":[3.25,9.375,2.875,9.125],"texture":"#0"},"up":{"uv":[2.875,8.875,3.25,9.125],"texture":"#0"},"down":{"uv":[2.875,8.875,3.25,9.125],"texture":"#0"}}},{"from":[-3.75,0.25,7.0],"to":[-0.75,2.25,9.0],"rotation":{"angle":-45.0,"axis":"z","origin":[15.0,1.0,1.0]},"faces":{"north":{"uv":[3.25,9.125,2.875,9.375],"texture":"#0"},"south":{"uv":[2.875,9.375,3.25,9.125],"texture":"#0"},"west":{"uv":[2.875,9.125,2.625,9.375],"texture":"#0"},"up":{"uv":[3.25,8.875,2.875,9.125],"texture":"#0"},"down":{"uv":[3.25,8.875,2.875,9.125],"texture":"#0"}}},{"from":[12.7,9.2,12.7],"to":[3.3,6.8,3.3],"rotation":{"angle":0.0,"axis":"x","origin":[8.18333,7.5,8.0]},"faces":{"north":{"uv":[3.25,10.625,4.375,10.375],"texture":"#0"},"east":{"uv":[3.25,10.625,4.375,10.375],"texture":"#0"},"south":{"uv":[3.25,11.0,4.375,10.75],"texture":"#0"},"west":{"uv":[3.25,10.625,4.375,10.375],"texture":"#0"},"up":{"uv":[6.25,11.125,6.125,11.25],"texture":"#0"},"down":{"uv":[6.25,11.125,6.125,11.25],"texture":"#0"}}}],"display":{"thirdperson_righthand":{"translation":[0.0,1.0,0.75],"rotation":[55.5,34.0,0.0],"scale":[0.52539,0.52539,0.52539]},"thirdperson_lefthand":{"translation":[0.0,1.0,0.75],"rotation":[55.5,34.0,0.0],"scale":[0.52539,0.52539,0.52539]},"firstperson_righthand":{"translation":[9.5,0.0,-5.75],"rotation":[21.0,114.5,-13.75],"scale":[0.41992,0.41992,0.41992]},"firstperson_lefthand":{"translation":[9.5,0.0,-5.75],"rotation":[21.0,114.5,-13.75],"scale":[0.41992,0.41992,0.41992]},"gui":{"translation":[0.0,-1.75,0.0],"rotation":[-168.09,-34.89,169.2],"scale":[0.97851,0.97851,0.97851]},"head":{"translation":[0.0,2.75,0.25],"rotation":[5.73,-0.31,-3.25],"scale":[1.76017,1.76017,1.76017]}},"credit":"Made with Blockbench","gui_light":"front"}