{"textures":{"particle":"mcc:island_cosmetics/faction/accessory/faction_flag/flag_red","team":"mcc:island_cosmetics/faction/accessory/faction_flag/flag_red"},"elements":[{"from":[7.0,-8.0,7.0],"to":[9.0,24.0,9.0],"rotation":{"angle":0.0,"axis":"y","origin":[9.0,18.0,6.875]},"faces":{"north":{"uv":[0.5,0.75,0.0,8.75],"texture":"#team"},"east":{"uv":[0.0,0.75,0.5,8.75],"texture":"#team"},"south":{"uv":[0.5,0.75,0.0,8.75],"texture":"#team"},"west":{"uv":[0.0,0.75,0.5,8.75],"texture":"#team"},"up":{"uv":[1.0,0.75,0.5,1.25],"texture":"#team"},"down":{"uv":[1.0,0.75,0.5,1.25],"texture":"#team"}}},{"from":[6.8,-6.2,6.8],"to":[9.2,5.2,9.2],"rotation":{"angle":0.0,"axis":"y","origin":[9.0,18.0,6.875]},"faces":{"north":{"uv":[0.5,5.5,0.0,8.25],"texture":"#team"},"east":{"uv":[0.5,5.5,0.0,8.25],"texture":"#team"},"south":{"uv":[0.5,5.5,0.0,8.25],"texture":"#team"},"west":{"uv":[0.5,5.5,0.0,8.25],"texture":"#team"}}},{"from":[-9.0,10.0,8.0],"to":[8.0,22.0,8.0],"rotation":{"angle":0.0,"axis":"y","origin":[8.5,18.0,7.375]},"faces":{"north":{"uv":[10.75,3.25,15.0,6.25],"texture":"#team"},"south":{"uv":[15.0,3.25,10.75,6.25],"texture":"#team"}}}],"display":{"thirdperson_righthand":{"translation":[2.0,4.75,7.5],"rotation":[-115.29,-51.72,-158.3],"scale":[0.93594,0.93594,0.93594]},"thirdperson_lefthand":{"translation":[3.25,4.75,7.5],"rotation":[74.24,49.66,-26.75],"scale":[0.93594,0.93594,0.93594]},"firstperson_righthand":{"translation":[11.75,1.0,-6.0],"rotation":[0.53,-75.64,-12.13],"scale":[0.53906,0.53906,0.53906]},"firstperson_lefthand":{"translation":[11.75,1.0,-6.0],"rotation":[-123.88,81.22,141.95],"scale":[0.53906,0.53906,0.53906]},"ground":{"translation":[0.0,4.25,0.0],"scale":[0.43945,0.43945,0.43945]},"gui":{"translation":[-2.75,0.25,0.0],"rotation":[-177.39,0.63,-153.0],"scale":[0.49376,0.49376,0.49376]},"head":{"translation":[0.0,4.25,0.0],"rotation":[0.0,3.25,0.0],"scale":[1.6,1.6,1.6]}},"credit":"Made with Blockbench","gui_light":"front"}