{"textures":{"0":"mcc:island_gadgets/gadgets_1","particle":"mcc:island_gadgets/gadgets_1"},"elements":[{"from":[8.0,2.0,14.5],"to":[8.0,7.0,19.5],"rotation":{"angle":0.0,"axis":"x","origin":[7.66667,3.03452,6.79289]},"faces":{"east":{"uv":[3.5,1.375,4.125,2.0],"texture":"#0","tintindex":0},"west":{"uv":[4.125,1.375,3.5,2.0],"texture":"#0","tintindex":0}}},{"from":[12.0,8.0,6.0],"to":[14.0,11.0,9.0],"rotation":{"angle":0.0,"axis":"x","origin":[8.33333,3.03452,6.79289]},"faces":{"north":{"uv":[1.5,0.0,1.25,0.375],"texture":"#0","tintindex":0},"east":{"uv":[1.25,0.0,0.875,0.375],"texture":"#0","tintindex":0},"south":{"uv":[1.25,0.375,1.5,0.0],"texture":"#0","tintindex":0},"west":{"uv":[6.125,0.25,6.25,0.375],"texture":"#0","tintindex":0},"up":{"uv":[1.25,0.0,1.5,0.375],"texture":"#0","tintindex":0},"down":{"uv":[1.25,0.0,1.5,0.375],"texture":"#0","tintindex":0}}},{"from":[2.0,8.0,6.0],"to":[4.0,11.0,9.0],"rotation":{"angle":0.0,"axis":"x","origin":[7.66667,3.03452,6.79289]},"faces":{"north":{"uv":[1.25,0.0,1.5,0.375],"texture":"#0","tintindex":0},"east":{"uv":[6.125,0.25,6.25,0.375],"texture":"#0","tintindex":0},"south":{"uv":[1.5,0.375,1.25,0.0],"texture":"#0","tintindex":0},"west":{"uv":[0.875,0.0,1.25,0.375],"texture":"#0","tintindex":0},"up":{"uv":[1.5,0.0,1.25,0.375],"texture":"#0","tintindex":0},"down":{"uv":[1.5,0.0,1.25,0.375],"texture":"#0","tintindex":0}}},{"from":[5.0,6.0,0.0],"to":[11.0,8.0,4.0],"rotation":{"angle":0.0,"axis":"x","origin":[7.66667,3.03452,6.79289]},"faces":{"north":{"uv":[6.625,1.75,5.875,2.0],"texture":"#0","tintindex":0},"east":{"uv":[6.75,1.125,7.25,1.375],"texture":"#0","tintindex":0},"south":{"uv":[6.125,0.25,6.25,0.375],"texture":"#0","tintindex":0},"west":{"uv":[7.25,1.125,6.75,1.375],"texture":"#0","tintindex":0},"up":{"uv":[5.125,0.0,4.375,0.5],"texture":"#0","tintindex":0,"rotation":180},"down":{"uv":[8.5,1.5,7.75,2.0],"texture":"#0","tintindex":0}}},{"from":[5.0,8.0,-1.0],"to":[11.0,11.0,4.0],"rotation":{"angle":0.0,"axis":"x","origin":[7.66667,3.03452,6.79289]},"faces":{"north":{"uv":[7.5,1.375,6.75,1.75],"texture":"#0","tintindex":0},"east":{"uv":[6.75,0.75,7.375,1.125],"texture":"#0","tintindex":0},"south":{"uv":[6.125,0.25,6.25,0.375],"texture":"#0","tintindex":0},"west":{"uv":[7.375,0.75,6.75,1.125],"texture":"#0","tintindex":0},"up":{"uv":[9.0,0.75,8.25,1.375],"texture":"#0","tintindex":0},"down":{"uv":[8.5,2.125,7.75,2.75],"texture":"#0","tintindex":0}}},{"from":[9.0,13.0,6.0],"to":[12.0,16.0,7.0],"rotation":{"angle":0.0,"axis":"x","origin":[7.66667,3.03452,6.79289]},"faces":{"north":{"uv":[6.125,0.875,5.75,1.25],"texture":"#0","tintindex":0},"east":{"uv":[6.125,0.875,6.25,1.25],"texture":"#0","tintindex":0},"south":{"uv":[5.75,1.375,6.125,1.75],"texture":"#0","tintindex":0},"west":{"uv":[6.125,0.875,6.25,1.25],"texture":"#0","tintindex":0},"up":{"uv":[5.75,1.25,6.125,1.375],"texture":"#0","tintindex":0},"down":{"uv":[6.125,0.25,6.25,0.375],"texture":"#0","tintindex":0}}},{"from":[4.0,13.0,6.0],"to":[7.0,16.0,7.0],"rotation":{"angle":0.0,"axis":"x","origin":[7.66667,3.03452,6.79289]},"faces":{"north":{"uv":[5.75,0.875,6.125,1.25],"texture":"#0","tintindex":0},"east":{"uv":[6.125,0.875,6.25,1.25],"texture":"#0","tintindex":0},"south":{"uv":[5.75,1.375,6.125,1.75],"texture":"#0","tintindex":0},"west":{"uv":[6.125,0.875,6.25,1.25],"texture":"#0","tintindex":0},"up":{"uv":[5.75,1.25,6.125,1.375],"texture":"#0","tintindex":0},"down":{"uv":[6.125,0.25,6.25,0.375],"texture":"#0","tintindex":0}}},{"from":[4.0,6.0,4.0],"to":[12.0,13.0,11.0],"rotation":{"angle":0.0,"axis":"x","origin":[7.66667,3.03452,6.79289]},"faces":{"north":{"uv":[5.25,1.0,4.25,1.875],"texture":"#0","tintindex":0},"east":{"uv":[5.25,0.0,6.125,0.875],"texture":"#0","tintindex":0},"south":{"uv":[6.75,1.875,7.75,2.75],"texture":"#0","tintindex":0},"west":{"uv":[6.125,0.0,5.25,0.875],"texture":"#0","tintindex":0},"up":{"uv":[5.25,1.875,4.25,2.75],"texture":"#0","tintindex":0},"down":{"uv":[6.375,2.75,7.375,3.625],"texture":"#0","tintindex":0}}},{"from":[6.5,2.0,10.0],"to":[9.5,7.0,13.0],"rotation":{"angle":0.0,"axis":"x","origin":[8.0,3.0,13.5]},"faces":{"north":{"uv":[6.25,0.75,6.625,1.375],"texture":"#0","tintindex":0},"east":{"uv":[6.625,0.75,6.25,1.375],"texture":"#0","tintindex":0},"south":{"uv":[6.25,0.75,6.625,1.375],"texture":"#0","tintindex":0},"west":{"uv":[6.625,0.75,6.25,1.375],"texture":"#0","tintindex":0},"up":{"uv":[6.125,0.25,6.25,0.375],"texture":"#0","tintindex":0},"down":{"uv":[6.625,1.375,6.25,1.75],"texture":"#0","tintindex":0}}},{"from":[8.0,12.14203,20.55681],"to":[8.0,19.14203,26.55681],"rotation":{"angle":0.0,"axis":"x","origin":[8.0,13.51703,22.93181]},"faces":{"north":{"uv":[2.5,2.75,1.75,4.125],"texture":"#0","tintindex":0,"rotation":180},"east":{"uv":[7.75,0.0,8.625,0.75],"texture":"#0","tintindex":0,"rotation":90},"south":{"uv":[0.75,5.0,0.0,6.375],"texture":"#0","tintindex":0,"rotation":180},"west":{"uv":[8.625,0.0,7.75,0.75],"texture":"#0","tintindex":0,"rotation":270},"up":{"uv":[3.25,2.75,2.5,3.375],"texture":"#0","tintindex":0}}},{"from":[5.5,9.95637,17.48727],"to":[10.5,14.95637,24.48727],"rotation":{"angle":-45.0,"axis":"x","origin":[8.0,13.51703,22.93181]},"faces":{"north":{"uv":[6.125,0.25,6.25,0.375],"texture":"#0","tintindex":0},"east":{"uv":[7.375,0.75,8.25,1.375],"texture":"#0","tintindex":0},"south":{"uv":[4.875,2.75,5.5,3.375],"texture":"#0","tintindex":0},"west":{"uv":[8.25,0.75,7.375,1.375],"texture":"#0","tintindex":0},"up":{"uv":[5.875,1.875,5.25,2.75],"texture":"#0","tintindex":0},"down":{"uv":[4.25,2.75,4.875,3.625],"texture":"#0","tintindex":0}}},{"from":[5.0,7.0,11.0],"to":[11.0,12.0,22.0],"rotation":{"angle":0.0,"axis":"x","origin":[7.66667,3.03452,6.79289]},"faces":{"north":{"uv":[6.5,0.25,6.625,0.375],"texture":"#0","tintindex":0},"east":{"uv":[6.25,0.0,7.625,0.625],"texture":"#0","tintindex":0},"south":{"uv":[5.5,2.875,6.25,3.5],"texture":"#0","tintindex":0},"west":{"uv":[7.625,0.0,6.25,0.625],"texture":"#0","tintindex":0},"up":{"uv":[9.75,0.0,9.0,1.375],"texture":"#0","tintindex":0},"down":{"uv":[3.5,2.0,4.25,3.375],"texture":"#0","tintindex":0}}},{"from":[6.5,2.0,20.0],"to":[9.5,9.0,24.0],"rotation":{"angle":-22.5,"axis":"x","origin":[8.0,2.5,23.5]},"faces":{"north":{"uv":[6.25,2.0,5.875,2.875],"texture":"#0","tintindex":0},"east":{"uv":[5.25,1.0,5.75,1.875],"texture":"#0","tintindex":0},"south":{"uv":[6.25,2.0,5.875,2.875],"texture":"#0","tintindex":0},"west":{"uv":[5.75,1.0,5.25,1.875],"texture":"#0","tintindex":0},"up":{"uv":[6.125,0.25,6.25,0.375],"texture":"#0","tintindex":0},"down":{"uv":[6.625,2.0,6.25,2.5],"texture":"#0","tintindex":0}}}],"display":{"thirdperson_righthand":{"translation":[2.25,10.25,-1.5],"rotation":[68.0,0.0,0.0],"scale":[0.85,0.85,0.85]},"thirdperson_lefthand":{"translation":[2.25,10.25,-1.5],"rotation":[68.0,0.0,0.0],"scale":[0.85,0.85,0.85]},"firstperson_righthand":{"translation":[5.75,10.0,-9.0],"rotation":[-1.67,10.19,-0.22],"scale":[0.59375,0.59375,0.59375]},"firstperson_lefthand":{"translation":[5.75,10.0,-9.0],"rotation":[-1.67,10.19,-0.22],"scale":[0.59375,0.59375,0.59375]},"ground":{"translation":[0.0,4.25,0.0],"scale":[0.44531,0.44531,0.44531]},"gui":{"translation":[-2.25,1.0,0.0],"rotation":[150.62,34.0,-154.92],"scale":[0.65391,0.65391,0.65391]},"head":{"translation":[0.0,-30.5,0.0],"scale":[1.6,1.6,1.6]}},"credit":"Made with Blockbench","gui_light":"front"}