{"textures":{"0":"mcc:island_gadgets/gadgets_1","particle":"mcc:island_gadgets/gadgets_1"},"elements":[{"from":[-1.92113,12.02,-15.98],"to":[17.92113,15.98,-8.02],"rotation":{"angle":45.0,"axis":"y","origin":[8.0,0.5,8.0]},"faces":{"north":{"uv":[4.125,8.5,6.625,9.0],"texture":"#0","tintindex":0},"east":{"uv":[4.5,10.125,4.625,10.25],"texture":"#0","tintindex":0},"south":{"uv":[6.625,9.5,4.125,10.0],"texture":"#0","tintindex":0},"west":{"uv":[4.5,10.125,4.625,10.25],"texture":"#0","tintindex":0},"up":{"uv":[4.125,7.5,6.625,8.5],"texture":"#0","tintindex":0,"rotation":180},"down":{"uv":[4.125,9.75,6.625,10.75],"texture":"#0","tintindex":0,"rotation":180}}},{"from":[-1.94113,12.0,-16.0],"to":[17.94113,16.0,-8.0],"rotation":{"angle":0.0,"axis":"y","origin":[8.0,0.5,8.0]},"faces":{"north":{"uv":[4.125,8.5,6.625,9.0],"texture":"#0","tintindex":0},"east":{"uv":[4.125,10.75,5.125,11.25],"texture":"#0","tintindex":0},"south":{"uv":[4.125,9.0,6.625,9.5],"texture":"#0","tintindex":0},"west":{"uv":[5.125,10.75,4.125,11.25],"texture":"#0","tintindex":0},"up":{"uv":[4.125,7.5,6.625,6.5],"texture":"#0","tintindex":0},"down":{"uv":[4.125,10.75,6.625,9.75],"texture":"#0","tintindex":0}}},{"from":[18.55887,0.0,-10.5],"to":[21.55887,12.0,-7.5],"rotation":{"angle":0.0,"axis":"y","origin":[8.0,6.5,8.5]},"faces":{"north":{"uv":[6.75,9.75,7.125,11.25],"texture":"#0"},"east":{"uv":[7.125,9.75,6.75,11.25],"texture":"#0"},"south":{"uv":[6.75,9.75,7.125,11.25],"texture":"#0"},"west":{"uv":[7.125,9.75,6.75,11.25],"texture":"#0"},"up":{"uv":[7.125,9.375,6.75,9.75],"texture":"#0"},"down":{"uv":[7.125,9.375,6.75,9.75],"texture":"#0"}}},{"from":[-5.55887,0.0,-10.5],"to":[-2.55887,12.0,-7.5],"rotation":{"angle":0.0,"axis":"y","origin":[8.0,6.5,8.5]},"faces":{"north":{"uv":[7.125,9.75,6.75,11.25],"texture":"#0"},"east":{"uv":[6.75,9.75,7.125,11.25],"texture":"#0"},"south":{"uv":[7.125,9.75,6.75,11.25],"texture":"#0"},"west":{"uv":[6.75,9.75,7.125,11.25],"texture":"#0"},"up":{"uv":[6.75,9.375,7.125,9.75],"texture":"#0"},"down":{"uv":[6.75,9.375,7.125,9.75],"texture":"#0"}}},{"from":[18.55887,0.0,23.5],"to":[21.55887,12.0,26.5],"rotation":{"angle":0.0,"axis":"y","origin":[8.0,6.5,7.5]},"faces":{"north":{"uv":[7.125,9.75,6.75,11.25],"texture":"#0"},"east":{"uv":[6.75,9.75,7.125,11.25],"texture":"#0"},"south":{"uv":[7.125,9.75,6.75,11.25],"texture":"#0"},"west":{"uv":[6.75,9.75,7.125,11.25],"texture":"#0"},"up":{"uv":[7.125,9.75,6.75,9.375],"texture":"#0"},"down":{"uv":[7.125,9.75,6.75,9.375],"texture":"#0"}}},{"from":[26.55887,0.0,6.5],"to":[29.55887,12.0,9.5],"rotation":{"angle":0.0,"axis":"y","origin":[8.0,6.5,7.5]},"faces":{"north":{"uv":[7.125,9.75,6.75,11.25],"texture":"#0"},"east":{"uv":[6.75,9.75,7.125,11.25],"texture":"#0"},"south":{"uv":[7.125,9.75,6.75,11.25],"texture":"#0"},"west":{"uv":[6.75,9.75,7.125,11.25],"texture":"#0"},"up":{"uv":[7.125,9.75,6.75,9.375],"texture":"#0"},"down":{"uv":[7.125,9.75,6.75,9.375],"texture":"#0"}}},{"from":[-13.55887,0.0,6.5],"to":[-10.55887,12.0,9.5],"rotation":{"angle":0.0,"axis":"y","origin":[8.0,6.5,7.5]},"faces":{"north":{"uv":[6.75,9.75,7.125,11.25],"texture":"#0"},"east":{"uv":[7.125,9.75,6.75,11.25],"texture":"#0"},"south":{"uv":[6.75,9.75,7.125,11.25],"texture":"#0"},"west":{"uv":[7.125,9.75,6.75,11.25],"texture":"#0"},"up":{"uv":[6.75,9.75,7.125,9.375],"texture":"#0"},"down":{"uv":[6.75,9.75,7.125,9.375],"texture":"#0"}}},{"from":[-5.55887,0.0,23.5],"to":[-2.55887,12.0,26.5],"rotation":{"angle":0.0,"axis":"y","origin":[8.0,6.5,7.5]},"faces":{"north":{"uv":[6.75,9.75,7.125,11.25],"texture":"#0"},"east":{"uv":[7.125,9.75,6.75,11.25],"texture":"#0"},"south":{"uv":[6.75,9.75,7.125,11.25],"texture":"#0"},"west":{"uv":[7.125,9.75,6.75,11.25],"texture":"#0"},"up":{"uv":[6.75,9.75,7.125,9.375],"texture":"#0"},"down":{"uv":[6.75,9.75,7.125,9.375],"texture":"#0"}}},{"from":[-1.92113,12.02,24.02],"to":[17.92113,15.98,31.98],"rotation":{"angle":45.0,"axis":"y","origin":[8.0,0.5,8.0]},"faces":{"north":{"uv":[6.625,9.5,4.125,10.0],"texture":"#0","tintindex":0},"east":{"uv":[4.5,10.125,4.625,10.25],"texture":"#0","tintindex":0},"south":{"uv":[4.125,8.5,6.625,9.0],"texture":"#0","tintindex":0},"west":{"uv":[4.5,10.125,4.625,10.25],"texture":"#0","tintindex":0},"up":{"uv":[4.125,7.5,6.625,8.5],"texture":"#0","tintindex":0},"down":{"uv":[4.125,9.75,6.625,10.75],"texture":"#0","tintindex":0}}},{"from":[-1.94113,12.0,24.0],"to":[17.94113,16.0,32.0],"rotation":{"angle":0.0,"axis":"y","origin":[8.0,0.5,8.0]},"faces":{"north":{"uv":[4.125,9.0,6.625,9.5],"texture":"#0","tintindex":0},"east":{"uv":[5.125,10.75,4.125,11.25],"texture":"#0","tintindex":0},"south":{"uv":[4.125,8.5,6.625,9.0],"texture":"#0","tintindex":0},"west":{"uv":[4.125,10.75,5.125,11.25],"texture":"#0","tintindex":0},"up":{"uv":[4.125,6.5,6.625,7.5],"texture":"#0","tintindex":0},"down":{"uv":[4.125,9.75,6.625,10.75],"texture":"#0","tintindex":0}}},{"from":[-15.98,12.02,-1.92113],"to":[-8.02,15.98,17.92113],"rotation":{"angle":45.0,"axis":"y","origin":[8.0,0.5,8.0]},"faces":{"north":{"uv":[4.5,10.125,4.625,10.25],"texture":"#0","tintindex":0},"east":{"uv":[6.625,9.5,4.125,10.0],"texture":"#0","tintindex":0},"south":{"uv":[4.5,10.125,4.625,10.25],"texture":"#0","tintindex":0},"west":{"uv":[4.125,8.5,6.625,9.0],"texture":"#0","tintindex":0},"up":{"uv":[4.125,7.5,6.625,8.5],"texture":"#0","tintindex":0,"rotation":90},"down":{"uv":[4.125,9.75,6.625,10.75],"texture":"#0","tintindex":0,"rotation":270}}},{"from":[24.02,12.02,-1.92113],"to":[31.98,15.98,17.92113],"rotation":{"angle":45.0,"axis":"y","origin":[8.0,0.5,8.0]},"faces":{"north":{"uv":[4.5,10.125,4.625,10.25],"texture":"#0","tintindex":0},"east":{"uv":[4.125,8.5,6.625,9.0],"texture":"#0","tintindex":0},"south":{"uv":[4.5,10.125,4.625,10.25],"texture":"#0","tintindex":0},"west":{"uv":[6.625,9.5,4.125,10.0],"texture":"#0","tintindex":0},"up":{"uv":[4.125,7.5,6.625,8.5],"texture":"#0","tintindex":0,"rotation":270},"down":{"uv":[4.125,9.75,6.625,10.75],"texture":"#0","tintindex":0,"rotation":90}}},{"from":[-16.0,12.0,-1.94113],"to":[-8.0,16.0,17.94113],"rotation":{"angle":0.0,"axis":"y","origin":[8.0,0.5,8.0]},"faces":{"north":{"uv":[4.125,10.75,5.125,11.25],"texture":"#0","tintindex":0},"east":{"uv":[4.125,9.0,6.625,9.5],"texture":"#0","tintindex":0},"south":{"uv":[5.125,10.75,4.125,11.25],"texture":"#0","tintindex":0},"west":{"uv":[4.125,8.5,6.625,9.0],"texture":"#0","tintindex":0},"up":{"uv":[4.125,7.5,6.625,6.5],"texture":"#0","tintindex":0,"rotation":270},"down":{"uv":[4.125,9.75,6.625,10.75],"texture":"#0","tintindex":0,"rotation":270}}},{"from":[-8.0,15.0,-8.0],"to":[24.0,15.0,24.0],"rotation":{"angle":0.0,"axis":"y","origin":[8.0,0.5,7.94113]},"faces":{"up":{"uv":[0.0,10.5,4.0,6.5],"texture":"#0"},"down":{"uv":[0.0,10.5,4.0,6.5],"texture":"#0","rotation":180}}},{"from":[24.0,12.0,-1.94113],"to":[32.0,16.0,17.94113],"rotation":{"angle":0.0,"axis":"y","origin":[8.0,0.5,8.0]},"faces":{"north":{"uv":[5.125,10.75,4.125,11.25],"texture":"#0","tintindex":0},"east":{"uv":[4.125,8.5,6.625,9.0],"texture":"#0","tintindex":0},"south":{"uv":[4.125,10.75,5.125,11.25],"texture":"#0","tintindex":0},"west":{"uv":[4.125,9.0,6.625,9.5],"texture":"#0","tintindex":0},"up":{"uv":[4.125,6.5,6.625,7.5],"texture":"#0","tintindex":0,"rotation":270},"down":{"uv":[4.125,9.75,6.625,10.75],"texture":"#0","tintindex":0,"rotation":90}}}],"display":{"thirdperson_righthand":{"translation":[0.0,2.5,-0.75],"rotation":[53.5,0.0,0.0],"scale":[0.18867,0.19648,0.19648]},"thirdperson_lefthand":{"translation":[0.0,2.5,-0.75],"rotation":[53.5,0.0,0.0],"scale":[0.18867,0.19648,0.19648]},"firstperson_righthand":{"translation":[1.0,2.0,0.75],"rotation":[12.25,132.75,-21.25],"scale":[0.10351,0.10351,0.10351]},"firstperson_lefthand":{"translation":[1.0,2.0,0.75],"rotation":[12.25,132.75,-21.25],"scale":[0.10351,0.10351,0.10351]},"ground":{"translation":[0.0,4.25,0.0],"scale":[0.14258,0.14258,0.14258]},"gui":{"translation":[0.0,-0.25,0.0],"rotation":[-143.73,-28.67,-176.03],"scale":[0.28516,0.28516,0.28516]},"head":{"translation":[0.0,-29.6,0.0],"scale":[1.7,1.7,1.7]}},"credit":"Made with Blockbench","gui_light":"front"}