{"textures":{"0":"mcc:island_lobby/shop/clothing_2","particle":"mcc:island_lobby/shop/clothing_2"},"elements":[{"from":[6.0,0.0,6.0],"to":[10.0,12.0,10.0],"rotation":{"angle":0.0,"axis":"y","origin":[8.0,8.0,8.0]},"faces":{"north":{"uv":[5.5,8.5,5.0,10.0],"texture":"#0"},"east":{"uv":[6.0,8.5,5.5,10.0],"texture":"#0"},"south":{"uv":[6.5,8.5,6.0,10.0],"texture":"#0"},"west":{"uv":[7.0,8.5,6.5,10.0],"texture":"#0"},"up":{"uv":[5.5,8.5,6.0,8.0],"texture":"#0","rotation":90},"down":{"uv":[6.0,8.0,6.5,8.5],"texture":"#0","rotation":270}}}],"display":{"thirdperson_righthand":{"translation":[0.0,-2.0,7.5],"rotation":[90.0,-90.0,0.0],"scale":[1.0,0.92969,1.0]},"thirdperson_lefthand":{"translation":[0.0,-2.0,7.5],"rotation":[90.0,-90.0,0.0],"scale":[1.0,0.92969,1.0]}},"credit":"Made with Blockbench"}