{"textures":{"0":"mcc:island_lobby/shop/clothing_2","particle":"mcc:island_lobby/shop/clothing_2"},"elements":[{"from":[4.0,23.0,4.0],"to":[12.0,31.0,12.0],"rotation":{"angle":0.0,"axis":"y","origin":[0.0,5.0,2.0]},"faces":{"north":{"uv":[1.0,7.0,2.0,8.0],"texture":"#0"},"east":{"uv":[0.0,7.0,1.0,8.0],"texture":"#0"},"south":{"uv":[3.0,7.0,4.0,8.0],"texture":"#0"},"west":{"uv":[2.0,7.0,3.0,8.0],"texture":"#0"},"up":{"uv":[2.0,7.0,1.0,6.0],"texture":"#0"},"down":{"uv":[3.0,6.0,2.0,7.0],"texture":"#0"}}},{"from":[4.0,11.0,6.0],"to":[12.0,23.0,10.0],"rotation":{"angle":0.0,"axis":"y","origin":[0.0,5.0,2.0]},"faces":{"north":{"uv":[2.5,8.5,3.5,10.0],"texture":"#0"},"east":{"uv":[2.0,8.5,2.5,10.0],"texture":"#0"},"south":{"uv":[4.0,8.5,5.0,10.0],"texture":"#0"},"west":{"uv":[3.5,8.5,4.0,10.0],"texture":"#0"},"up":{"uv":[3.5,8.5,2.5,8.0],"texture":"#0"},"down":{"uv":[4.5,8.0,3.5,8.5],"texture":"#0"}}},{"from":[7.0,2.0,7.0],"to":[9.0,12.0,9.0],"rotation":{"angle":0.0,"axis":"y","origin":[0.0,6.0,2.0]},"faces":{"north":{"uv":[0.25,10.0,0.5,11.25],"texture":"#0"},"east":{"uv":[0.5,10.0,0.25,11.25],"texture":"#0"},"south":{"uv":[0.25,10.0,0.5,11.25],"texture":"#0"},"west":{"uv":[0.5,10.0,0.25,11.25],"texture":"#0"},"up":{"uv":[0.5,6.25,0.25,6.0],"texture":"#0"},"down":{"uv":[0.75,6.0,0.5,6.25],"texture":"#0"}}},{"from":[4.0,0.0,4.0],"to":[12.0,2.0,12.0],"rotation":{"angle":0.0,"axis":"y","origin":[0.0,6.0,2.0]},"faces":{"north":{"uv":[1.5,8.0,2.5,8.25],"texture":"#0"},"east":{"uv":[1.5,8.0,2.5,8.25],"texture":"#0"},"south":{"uv":[1.5,8.0,2.5,8.25],"texture":"#0"},"west":{"uv":[1.5,8.0,2.5,8.25],"texture":"#0"},"up":{"uv":[2.0,7.0,1.0,6.0],"texture":"#0"},"down":{"uv":[2.75,8.25,2.875,8.375],"texture":"#0"}}}],"display":{"thirdperson_righthand":{"translation":[0.0,1.0,-1.0],"rotation":[63.0,34.0,0.0],"scale":[0.37891,0.37891,0.37891]},"thirdperson_lefthand":{"translation":[0.0,1.0,-1.0],"rotation":[63.0,34.0,0.0],"scale":[0.37891,0.37891,0.37891]},"firstperson_righthand":{"translation":[9.5,0.0,-5.75],"rotation":[3.0,112.0,-13.0],"scale":[0.35547,0.35547,0.35547]},"firstperson_lefthand":{"translation":[9.5,0.0,-5.75],"rotation":[3.0,112.0,-13.0],"scale":[0.35547,0.35547,0.35547]},"ground":{"translation":[0.0,4.25,0.0],"scale":[0.28906,0.28906,0.28906]},"gui":{"translation":[-0.25,-0.25,0.0],"rotation":[30.0,-158.0,0.0],"scale":[0.56992,0.56992,0.56992]},"head":{"translation":[0.0,-30.25,0.0],"scale":[1.6,1.6,1.6]},"fixed":{"translation":[0.0,-3.25,-7.5]}},"credit":"Made with Blockbench"}