{"textures":{"0":"mcc:island_furniture/props/props_bathroom","particle":"mcc:island_furniture/props/props_bathroom"},"elements":[{"from":[1.0,9.0,11.0],"to":[15.0,23.0,16.0],"faces":{"north":{"uv":[0.0,0.0,1.75,1.75],"texture":"#0","tintindex":0},"east":{"uv":[1.75,0.0,2.375,1.75],"texture":"#0","tintindex":0},"south":{"uv":[0.0,0.0,1.75,1.75],"texture":"#0","tintindex":0},"west":{"uv":[1.75,0.0,2.375,1.75],"texture":"#0","tintindex":0},"up":{"uv":[0.0,1.75,1.75,2.375],"texture":"#0","tintindex":0},"down":{"uv":[3.875,0.0,5.625,0.625],"texture":"#0","tintindex":0}}},{"from":[0.0,17.0,10.0],"to":[5.0,19.0,11.0],"faces":{"north":{"uv":[3.875,0.625,4.5,0.875],"texture":"#0"},"east":{"uv":[3.875,0.625,4.0,0.875],"texture":"#0"},"south":{"uv":[3.875,0.625,4.5,0.875],"texture":"#0"},"west":{"uv":[3.875,0.625,4.0,0.875],"texture":"#0"},"up":{"uv":[3.875,0.625,4.5,0.75],"texture":"#0"},"down":{"uv":[3.875,0.75,4.5,0.875],"texture":"#0"}}},{"from":[0.8,20.8,10.8],"to":[15.2,23.2,16.2],"faces":{"north":{"uv":[0.0,0.0,1.75,0.25],"texture":"#0","tintindex":0},"east":{"uv":[1.75,0.0,2.375,0.25],"texture":"#0","tintindex":0},"south":{"uv":[0.0,0.0,1.75,0.25],"texture":"#0","tintindex":0},"west":{"uv":[1.75,0.0,2.375,0.25],"texture":"#0","tintindex":0},"up":{"uv":[0.0,1.75,1.75,2.375],"texture":"#0","tintindex":0},"down":{"uv":[3.25,1.75,3.375,1.875],"texture":"#0","tintindex":0}}},{"from":[2.0,6.0,-1.0],"to":[14.0,11.0,11.0],"faces":{"north":{"uv":[0.0,3.0,1.5,3.625],"texture":"#0","tintindex":0},"east":{"uv":[0.0,2.375,1.5,3.0],"texture":"#0","tintindex":0},"south":{"uv":[1.0,4.25,2.5,4.875],"texture":"#0","tintindex":0},"west":{"uv":[0.0,2.375,1.5,3.0],"texture":"#0","tintindex":0},"down":{"uv":[2.75,2.5,4.25,4.0],"texture":"#0","tintindex":0}}},{"from":[2.0,11.0,-1.0],"to":[14.0,13.0,11.0],"rotation":{"angle":0.0,"axis":"x","origin":[8.0,9.5,5.0]},"faces":{"north":{"uv":[1.75,1.75,3.25,2.0],"texture":"#0","tintindex":0},"east":{"uv":[3.875,1.5,2.375,1.75],"texture":"#0","tintindex":0},"west":{"uv":[2.375,1.5,3.875,1.75],"texture":"#0","tintindex":0},"up":{"uv":[2.375,0.0,3.875,1.5],"texture":"#0","tintindex":0}}},{"from":[6.0,3.0,11.0],"to":[10.0,7.0,16.0],"faces":{"north":{"uv":[0.0,5.125,0.5,5.625],"texture":"#0","tintindex":0},"east":{"uv":[0.0,4.625,0.625,5.125],"texture":"#0","tintindex":0},"south":{"uv":[0.0,5.125,0.5,5.625],"texture":"#0","tintindex":0},"west":{"uv":[0.0,4.625,0.625,5.125],"texture":"#0","tintindex":0},"up":{"uv":[0.0,4.625,0.625,5.125],"texture":"#0","tintindex":0,"rotation":90},"down":{"uv":[0.0,4.625,0.625,5.125],"texture":"#0","tintindex":0,"rotation":90}}},{"from":[4.0,2.0,1.0],"to":[12.0,6.0,11.0],"faces":{"north":{"uv":[0.0,4.125,1.0,4.625],"texture":"#0","tintindex":0},"east":{"uv":[0.0,3.625,1.25,4.125],"texture":"#0","tintindex":0},"south":{"uv":[0.0,4.125,1.0,4.625],"texture":"#0","tintindex":0},"west":{"uv":[0.0,3.625,1.25,4.125],"texture":"#0","tintindex":0}}},{"from":[3.0,0.0,-1.0],"to":[13.0,2.0,13.0],"faces":{"north":{"uv":[1.75,2.25,3.0,2.5],"texture":"#0","tintindex":0},"east":{"uv":[1.75,2.0,3.5,2.25],"texture":"#0","tintindex":0},"south":{"uv":[1.75,2.25,3.0,2.5],"texture":"#0","tintindex":0},"west":{"uv":[1.75,2.0,3.5,2.25],"texture":"#0","tintindex":0},"up":{"uv":[1.5,2.5,2.75,4.25],"texture":"#0","tintindex":0},"down":{"uv":[4.5,0.625,5.75,2.375],"texture":"#0","tintindex":0}}}],"display":{"thirdperson_righthand":{"translation":[0.0,1.0,-1.0],"rotation":[63.0,34.0,0.0],"scale":[0.37891,0.37891,0.37891]},"thirdperson_lefthand":{"translation":[0.0,1.0,-1.0],"rotation":[63.0,34.0,0.0],"scale":[0.37891,0.37891,0.37891]},"firstperson_righthand":{"translation":[9.5,0.0,-5.75],"rotation":[3.0,112.0,-13.0],"scale":[0.35547,0.35547,0.35547]},"firstperson_lefthand":{"translation":[9.5,0.0,-5.75],"rotation":[3.0,112.0,-13.0],"scale":[0.35547,0.35547,0.35547]},"ground":{"translation":[0.0,4.25,0.0],"scale":[0.28906,0.28906,0.28906]},"gui":{"translation":[-0.25,-1.5,0.0],"rotation":[30.0,-158.0,0.0],"scale":[0.49375,0.49375,0.49375]},"head":{"translation":[0.0,-30.5,0.0],"scale":[1.6,1.6,1.6]},"fixed":{"translation":[0.0,-3.25,-7.5]}},"credit":"Made with Blockbench"}