{"textures":{"layer0":"mcc:island_cosmetics/trails/rank_shapes/rank_shapes","particle":"mcc:island_cosmetics/trails/rank_shapes/particle_3"},"elements":[{"from":[3.0,-3.0,8.0],"to":[13.0,5.0,8.0],"rotation":{"angle":0.0,"axis":"y","origin":[8.0,1.0,8.0]},"faces":{"north":{"uv":[12.375,0.0,13.625,1.0],"texture":"#layer0"},"east":{"uv":[9.125,0.0,9.25,0.125],"texture":"#layer0","rotation":90},"south":{"uv":[12.375,0.0,13.625,1.0],"texture":"#layer0"},"west":{"uv":[9.125,0.0,9.25,0.125],"texture":"#layer0","rotation":270},"up":{"uv":[9.125,0.0,9.25,0.125],"texture":"#layer0"},"down":{"uv":[9.125,0.0,9.25,0.125],"texture":"#layer0","rotation":180}}}],"display":{"ground":{"translation":[0.0,8.5,0.0],"scale":[0.83984,0.83984,0.83984]}},"credit":"Made with Blockbench"}