{"textures":{"0":"mcc:island_furniture/props/props_plants","particle":"mcc:island_furniture/props/props_plants"},"elements":[{"from":[2.0,-16.0,2.0],"to":[14.0,-6.0,14.0],"faces":{"north":{"uv":[0.0,8.0,1.5,9.25],"texture":"#0","tintindex":0},"east":{"uv":[0.0,8.0,1.5,9.25],"texture":"#0","tintindex":0},"south":{"uv":[0.0,8.0,1.5,9.25],"texture":"#0","tintindex":0},"west":{"uv":[0.0,8.0,1.5,9.25],"texture":"#0","tintindex":0},"up":{"uv":[1.5,8.0,3.0,9.5],"texture":"#0","tintindex":0},"down":{"uv":[0.0,9.25,1.5,10.75],"texture":"#0","tintindex":0}}},{"from":[2.0,-6.25,2.0],"to":[14.0,-6.25,14.0],"faces":{"north":{"uv":[0.0,8.0,1.5,9.25],"texture":"#0"},"east":{"uv":[0.0,8.0,1.5,9.25],"texture":"#0"},"south":{"uv":[0.0,8.0,1.5,9.25],"texture":"#0"},"west":{"uv":[0.0,8.0,1.5,9.25],"texture":"#0"},"up":{"uv":[1.5,9.5,3.0,11.0],"texture":"#0"},"down":{"uv":[1.5,9.5,3.0,11.0],"texture":"#0"}}},{"from":[-6.0,-6.0,8.0],"to":[22.0,29.0,8.0],"rotation":{"angle":22.5,"axis":"y","origin":[8.0,11.5,8.0]},"faces":{"north":{"uv":[0.0,3.625,3.5,8.0],"texture":"#0"},"south":{"uv":[0.0,3.625,3.5,8.0],"texture":"#0"}}},{"from":[8.0,-6.0,-6.0],"to":[8.0,29.0,22.0],"rotation":{"angle":22.5,"axis":"y","origin":[8.0,11.5,8.0]},"faces":{"east":{"uv":[0.0,3.625,3.5,8.0],"texture":"#0"},"west":{"uv":[0.0,3.625,3.5,8.0],"texture":"#0"}}}],"display":{"thirdperson_righthand":{"translation":[0.0,1.0,-1.0],"rotation":[63.0,34.0,0.0],"scale":[0.37891,0.37891,0.37891]},"thirdperson_lefthand":{"translation":[0.0,1.0,-1.0],"rotation":[63.0,34.0,0.0],"scale":[0.37891,0.37891,0.37891]},"firstperson_righthand":{"translation":[9.5,0.0,-5.75],"rotation":[3.0,112.0,-13.0],"scale":[0.35547,0.35547,0.35547]},"firstperson_lefthand":{"translation":[9.5,0.0,-5.75],"rotation":[3.0,112.0,-13.0],"scale":[0.35547,0.35547,0.35547]},"ground":{"translation":[0.0,4.25,0.0],"scale":[0.28906,0.28906,0.28906]},"gui":{"rotation":[30.0,-158.0,0.0],"scale":[0.31797,0.31797,0.31797]},"head":{"translation":[0.0,-4.75,0.0],"scale":[1.6,1.6,1.6]},"fixed":{"translation":[0.0,-3.25,-7.5]}},"credit":"Made with Blockbench"}