{"textures":{"0":"mcc:island_furniture/props/props_plants","particle":"mcc:island_furniture/props/props_plants"},"elements":[{"from":[3.79657,14.25926,2.0],"to":[3.79657,18.25926,14.0],"rotation":{"angle":-22.5,"axis":"z","origin":[8.0,23.1217,8.0]},"faces":{"north":{"uv":[1.5,0.0,0.0,1.5],"texture":"#0"},"east":{"uv":[1.5,0.0,3.0,0.5],"texture":"#0"},"south":{"uv":[1.5,0.0,0.0,1.5],"texture":"#0"},"west":{"uv":[3.0,0.0,1.5,0.5],"texture":"#0"},"up":{"uv":[0.0,1.5,1.5,0.0],"texture":"#0","rotation":90},"down":{"uv":[0.0,1.5,1.5,0.0],"texture":"#0","rotation":270}}},{"from":[4.0,0.0,4.0],"to":[12.0,8.0,12.0],"rotation":{"angle":0.0,"axis":"y","origin":[7.0,0.0,-1.0]},"faces":{"north":{"uv":[0.25,1.5,1.25,2.5],"texture":"#0","tintindex":0},"east":{"uv":[0.25,1.5,1.25,2.5],"texture":"#0","tintindex":0},"south":{"uv":[0.25,1.5,1.25,2.5],"texture":"#0","tintindex":0},"west":{"uv":[0.25,1.5,1.25,2.5],"texture":"#0","tintindex":0},"up":{"uv":[1.25,2.5,2.25,3.5],"texture":"#0"},"down":{"uv":[0.25,2.5,1.25,3.5],"texture":"#0","tintindex":0}}},{"from":[3.8,5.8,3.8],"to":[12.2,8.2,12.2],"rotation":{"angle":0.0,"axis":"y","origin":[7.0,0.0,-1.0]},"faces":{"north":{"uv":[0.25,1.5,1.25,1.75],"texture":"#0","tintindex":0},"east":{"uv":[0.25,1.5,1.25,1.75],"texture":"#0","tintindex":0},"south":{"uv":[0.25,1.5,1.25,1.75],"texture":"#0","tintindex":0},"west":{"uv":[0.25,1.5,1.25,1.75],"texture":"#0","tintindex":0},"up":{"uv":[1.25,1.5,2.25,2.5],"texture":"#0","tintindex":0},"down":{"uv":[1.5,1.875,1.625,2.0],"texture":"#0","tintindex":0}}},{"from":[7.0,8.0,7.0],"to":[9.0,18.0,9.0],"rotation":{"angle":0.0,"axis":"y","origin":[7.0,0.0,-1.0]},"faces":{"north":{"uv":[0.0,1.5,0.25,2.75],"texture":"#0"},"east":{"uv":[0.25,1.5,0.0,2.75],"texture":"#0"},"south":{"uv":[0.0,1.5,0.25,2.75],"texture":"#0"},"west":{"uv":[0.25,1.5,0.0,2.75],"texture":"#0"}}},{"from":[2.0,17.0,2.0],"to":[14.0,29.0,14.0],"rotation":{"angle":0.0,"axis":"y","origin":[7.0,-1.0,-1.0]},"faces":{"north":{"uv":[0.0,0.0,1.5,1.5],"texture":"#0"},"east":{"uv":[0.0,0.0,1.5,1.5],"texture":"#0"},"south":{"uv":[0.0,0.0,1.5,1.5],"texture":"#0"},"west":{"uv":[0.0,0.0,1.5,1.5],"texture":"#0"},"up":{"uv":[0.0,0.0,1.5,1.5],"texture":"#0"},"down":{"uv":[0.0,0.0,1.5,1.5],"texture":"#0"}}},{"from":[-2.0,15.0,8.0],"to":[18.0,32.0,8.0],"rotation":{"angle":45.0,"axis":"y","origin":[8.0,23.5,8.0]},"faces":{"north":{"uv":[3.0,0.0,5.5,2.125],"texture":"#0"},"east":{"uv":[1.5,0.0,0.0,1.5],"texture":"#0"},"south":{"uv":[5.5,0.0,3.0,2.125],"texture":"#0"},"west":{"uv":[1.5,0.0,0.0,1.5],"texture":"#0"},"up":{"uv":[1.5,0.0,0.0,1.5],"texture":"#0"},"down":{"uv":[1.5,0.0,0.0,1.5],"texture":"#0"}}},{"from":[-2.0,15.0,8.0],"to":[18.0,32.0,8.0],"rotation":{"angle":-45.0,"axis":"y","origin":[8.0,23.5,8.0]},"faces":{"north":{"uv":[3.0,0.0,5.5,2.125],"texture":"#0"},"east":{"uv":[0.0,0.0,1.5,1.5],"texture":"#0"},"south":{"uv":[5.5,0.0,3.0,2.125],"texture":"#0"},"west":{"uv":[0.0,0.0,1.5,1.5],"texture":"#0"},"up":{"uv":[1.5,1.5,0.0,0.0],"texture":"#0"},"down":{"uv":[1.5,1.5,0.0,0.0],"texture":"#0"}}},{"from":[2.0,22.25926,0.79657],"to":[14.0,26.25926,0.79657],"rotation":{"angle":22.5,"axis":"x","origin":[8.0,24.1217,8.0]},"faces":{"north":{"uv":[1.5,0.0,3.0,0.5],"texture":"#0"},"east":{"uv":[0.0,0.0,1.5,1.5],"texture":"#0"},"south":{"uv":[3.0,0.0,1.5,0.5],"texture":"#0"},"west":{"uv":[0.0,0.0,1.5,1.5],"texture":"#0"},"up":{"uv":[0.0,0.0,1.5,1.5],"texture":"#0"},"down":{"uv":[0.0,0.0,1.5,1.5],"texture":"#0"}}},{"from":[2.0,17.75926,2.29657],"to":[14.0,21.75926,2.29657],"rotation":{"angle":22.5,"axis":"x","origin":[8.0,23.1217,8.0]},"faces":{"north":{"uv":[1.5,0.5,3.0,1.0],"texture":"#0"},"east":{"uv":[0.0,0.0,1.5,1.5],"texture":"#0"},"south":{"uv":[3.0,0.5,1.5,1.0],"texture":"#0"},"west":{"uv":[0.0,0.0,1.5,1.5],"texture":"#0"},"up":{"uv":[0.0,0.0,1.5,1.5],"texture":"#0"},"down":{"uv":[0.0,0.0,1.5,1.5],"texture":"#0"}}},{"from":[2.0,14.25926,3.79657],"to":[14.0,18.25926,3.79657],"rotation":{"angle":22.5,"axis":"x","origin":[8.0,23.1217,8.0]},"faces":{"north":{"uv":[1.5,0.0,3.0,0.5],"texture":"#0"},"east":{"uv":[0.0,0.0,1.5,1.5],"texture":"#0"},"south":{"uv":[3.0,0.0,1.5,0.5],"texture":"#0"},"west":{"uv":[0.0,0.0,1.5,1.5],"texture":"#0"},"up":{"uv":[0.0,0.0,1.5,1.5],"texture":"#0"},"down":{"uv":[0.0,0.0,1.5,1.5],"texture":"#0"}}},{"from":[2.0,17.75926,13.70343],"to":[14.0,21.75926,13.70343],"rotation":{"angle":-22.5,"axis":"x","origin":[8.0,23.1217,8.0]},"faces":{"north":{"uv":[1.5,0.5,3.0,1.0],"texture":"#0"},"east":{"uv":[1.5,0.0,0.0,1.5],"texture":"#0"},"south":{"uv":[3.0,0.5,1.5,1.0],"texture":"#0"},"west":{"uv":[1.5,0.0,0.0,1.5],"texture":"#0"},"up":{"uv":[0.0,1.5,1.5,0.0],"texture":"#0"},"down":{"uv":[0.0,1.5,1.5,0.0],"texture":"#0"}}},{"from":[2.0,14.25926,12.20343],"to":[14.0,18.25926,12.20343],"rotation":{"angle":-22.5,"axis":"x","origin":[8.0,23.1217,8.0]},"faces":{"north":{"uv":[1.5,0.0,3.0,0.5],"texture":"#0"},"east":{"uv":[1.5,0.0,0.0,1.5],"texture":"#0"},"south":{"uv":[3.0,0.0,1.5,0.5],"texture":"#0"},"west":{"uv":[1.5,0.0,0.0,1.5],"texture":"#0"},"up":{"uv":[0.0,1.5,1.5,0.0],"texture":"#0"},"down":{"uv":[0.0,1.5,1.5,0.0],"texture":"#0"}}},{"from":[2.0,22.25926,15.20343],"to":[14.0,26.25926,15.20343],"rotation":{"angle":-22.5,"axis":"x","origin":[8.0,24.1217,8.0]},"faces":{"north":{"uv":[1.5,0.0,3.0,0.5],"texture":"#0"},"east":{"uv":[1.5,0.0,0.0,1.5],"texture":"#0"},"south":{"uv":[3.0,0.0,1.5,0.5],"texture":"#0"},"west":{"uv":[1.5,0.0,0.0,1.5],"texture":"#0"},"up":{"uv":[0.0,1.5,1.5,0.0],"texture":"#0"},"down":{"uv":[0.0,1.5,1.5,0.0],"texture":"#0"}}},{"from":[2.29657,17.75926,2.0],"to":[2.29657,21.75926,14.0],"rotation":{"angle":-22.5,"axis":"z","origin":[8.0,23.1217,8.0]},"faces":{"north":{"uv":[1.5,0.0,0.0,1.5],"texture":"#0"},"east":{"uv":[1.5,0.5,3.0,1.0],"texture":"#0"},"south":{"uv":[1.5,0.0,0.0,1.5],"texture":"#0"},"west":{"uv":[3.0,0.5,1.5,1.0],"texture":"#0"},"up":{"uv":[0.0,1.5,1.5,0.0],"texture":"#0","rotation":90},"down":{"uv":[0.0,1.5,1.5,0.0],"texture":"#0","rotation":270}}},{"from":[0.79657,22.25926,2.0],"to":[0.79657,26.25926,14.0],"rotation":{"angle":-22.5,"axis":"z","origin":[8.0,24.1217,8.0]},"faces":{"north":{"uv":[1.5,0.0,0.0,1.5],"texture":"#0"},"east":{"uv":[1.5,0.0,3.0,0.5],"texture":"#0"},"south":{"uv":[1.5,0.0,0.0,1.5],"texture":"#0"},"west":{"uv":[3.0,0.0,1.5,0.5],"texture":"#0"},"up":{"uv":[0.0,1.5,1.5,0.0],"texture":"#0","rotation":90},"down":{"uv":[0.0,1.5,1.5,0.0],"texture":"#0","rotation":270}}},{"from":[15.20343,22.25926,2.0],"to":[15.20343,26.25926,14.0],"rotation":{"angle":22.5,"axis":"z","origin":[8.0,24.1217,8.0]},"faces":{"north":{"uv":[0.0,0.0,1.5,1.5],"texture":"#0"},"east":{"uv":[1.5,0.0,3.0,0.5],"texture":"#0"},"south":{"uv":[0.0,0.0,1.5,1.5],"texture":"#0"},"west":{"uv":[3.0,0.0,1.5,0.5],"texture":"#0"},"up":{"uv":[0.0,0.0,1.5,1.5],"texture":"#0","rotation":90},"down":{"uv":[0.0,0.0,1.5,1.5],"texture":"#0","rotation":270}}},{"from":[12.20343,14.25926,2.0],"to":[12.20343,18.25926,14.0],"rotation":{"angle":22.5,"axis":"z","origin":[8.0,23.1217,8.0]},"faces":{"north":{"uv":[0.0,0.0,1.5,1.5],"texture":"#0"},"east":{"uv":[1.5,0.0,3.0,0.5],"texture":"#0"},"south":{"uv":[0.0,0.0,1.5,1.5],"texture":"#0"},"west":{"uv":[3.0,0.0,1.5,0.5],"texture":"#0"},"up":{"uv":[0.0,0.0,1.5,1.5],"texture":"#0","rotation":90},"down":{"uv":[0.0,0.0,1.5,1.5],"texture":"#0","rotation":270}}},{"from":[13.70343,17.75926,2.0],"to":[13.70343,21.75926,14.0],"rotation":{"angle":22.5,"axis":"z","origin":[8.0,23.1217,8.0]},"faces":{"north":{"uv":[0.0,0.0,1.5,1.5],"texture":"#0"},"east":{"uv":[1.5,0.5,3.0,1.0],"texture":"#0"},"south":{"uv":[0.0,0.0,1.5,1.5],"texture":"#0"},"west":{"uv":[3.0,0.5,1.5,1.0],"texture":"#0"},"up":{"uv":[0.0,0.0,1.5,1.5],"texture":"#0","rotation":90},"down":{"uv":[0.0,0.0,1.5,1.5],"texture":"#0","rotation":270}}}],"display":{"thirdperson_righthand":{"translation":[0.0,1.0,-1.0],"rotation":[63.0,34.0,0.0],"scale":[0.37891,0.37891,0.37891]},"thirdperson_lefthand":{"translation":[0.0,1.0,-1.0],"rotation":[63.0,34.0,0.0],"scale":[0.37891,0.37891,0.37891]},"firstperson_righthand":{"translation":[9.5,0.0,-5.75],"rotation":[3.0,112.0,-13.0],"scale":[0.35547,0.35547,0.35547]},"firstperson_lefthand":{"translation":[9.5,0.0,-5.75],"rotation":[3.0,112.0,-13.0],"scale":[0.35547,0.35547,0.35547]},"ground":{"translation":[0.0,4.25,0.0],"scale":[0.28906,0.28906,0.28906]},"gui":{"translation":[-0.25,-2.75,0.0],"rotation":[30.0,-158.0,0.0],"scale":[0.44297,0.44297,0.44297]},"head":{"translation":[0.0,-30.5,0.0],"scale":[1.6,1.6,1.6]},"fixed":{"translation":[0.0,-3.25,-7.5]}},"credit":"Made with Blockbench","gui_light":"front"}