{"textures":{"0":"mcc:island_cosmetics/trails/light_ribbon/light_ribbon_full"},"elements":[{"from":[0.0,0.0,8.0],"to":[16.0,20.0,1.0],"faces":{"north":{"uv":[0.0,0.0,16.0,16.0],"texture":"#0","rotation":180},"east":{"uv":[0.0,0.0,0.0,0.0],"texture":"#0"},"south":{"uv":[0.0,0.0,16.0,16.0],"texture":"#0"},"west":{"uv":[0.0,0.0,0.0,0.0],"texture":"#0"},"up":{"uv":[0.0,0.0,0.0,0.0],"texture":"#0"},"down":{"uv":[0.0,0.0,0.0,0.0],"texture":"#0"}}}],"display":{"head":{"translation":[0.0,-19.0,-8.0],"rotation":[0.0,90.0,0.0],"scale":[1.0,1.0,0.0001]}},"credit":"Made with Blockbench"}