{"textures":{"1":"mcc:dynaball/items/items_1","4":"mcc:dynaball/items/airstrike_glow"},"elements":[{"from":[4.0,0.0,6.0],"to":[12.0,11.0,10.0],"faces":{"north":{"uv":[5.125,3.625,6.125,5.0],"texture":"#1"},"east":{"uv":[6.125,3.625,6.625,5.0],"texture":"#1"},"south":{"uv":[6.625,3.625,7.625,5.0],"texture":"#1"},"west":{"uv":[6.625,3.625,6.125,5.0],"texture":"#1"},"up":{"uv":[5.125,5.0,6.125,5.5],"texture":"#1"},"down":{"uv":[6.25,5.0,7.25,5.5],"texture":"#1"}}},{"from":[5.0,11.0,7.0],"to":[7.0,12.0,9.0],"faces":{"north":{"uv":[7.25,5.0,7.5,5.125],"texture":"#1"},"east":{"uv":[7.25,5.0,7.5,5.125],"texture":"#1"},"south":{"uv":[7.25,5.0,7.5,5.125],"texture":"#1"},"west":{"uv":[7.25,5.0,7.5,5.125],"texture":"#1"},"up":{"uv":[7.25,5.125,7.5,5.375],"texture":"#1"},"down":{"uv":[7.25,5.125,7.5,5.375],"texture":"#1"}}},{"from":[3.8,-3.2,5.8],"to":[12.2,1.2,10.2],"faces":{"north":{"uv":[5.125,5.5,6.125,6.0],"texture":"#1"},"east":{"uv":[6.125,5.5,6.625,6.0],"texture":"#1"},"south":{"uv":[6.125,5.5,5.125,6.0],"texture":"#1"},"west":{"uv":[6.125,5.5,6.625,6.0],"texture":"#1"},"down":{"uv":[6.625,5.5,7.625,6.0],"texture":"#1"}}},{"from":[10.0,11.0,7.5],"to":[11.0,21.0,8.5],"faces":{"north":{"uv":[7.625,3.75,7.75,5.0],"texture":"#1"},"east":{"uv":[7.625,3.75,7.75,5.0],"texture":"#1"},"south":{"uv":[7.625,3.75,7.75,5.0],"texture":"#1"},"west":{"uv":[7.625,3.75,7.75,5.0],"texture":"#1"}}},{"from":[9.8,10.8,7.3],"to":[11.2,13.2,8.7],"faces":{"north":{"uv":[6.125,5.0,6.25,5.25],"texture":"#1"},"east":{"uv":[6.125,5.0,6.25,5.25],"texture":"#1"},"south":{"uv":[6.125,5.0,6.25,5.25],"texture":"#1"},"west":{"uv":[6.125,5.0,6.25,5.25],"texture":"#1"}}},{"from":[9.8,19.8,7.3],"to":[11.2,21.2,8.7],"faces":{"north":{"uv":[5.875,4.625,6.0,4.75],"texture":"#1"},"east":{"uv":[5.875,4.625,6.0,4.75],"texture":"#1"},"south":{"uv":[5.875,4.625,6.0,4.75],"texture":"#1"},"west":{"uv":[5.875,4.625,6.0,4.75],"texture":"#1"},"up":{"uv":[5.875,4.625,6.0,4.75],"texture":"#1"},"down":{"uv":[5.875,4.625,6.0,4.75],"texture":"#1"}}},{"from":[12.0,22.0,9.5],"to":[9.0,19.0,6.5],"faces":{"north":{"uv":[0.875,0.75,1.0,0.625],"texture":"#4"},"east":{"uv":[0.875,0.75,1.0,0.625],"texture":"#4"},"south":{"uv":[0.875,0.75,1.0,0.625],"texture":"#4"},"west":{"uv":[0.875,0.75,1.0,0.625],"texture":"#4"},"up":{"uv":[1.0,0.625,0.875,0.75],"texture":"#4"},"down":{"uv":[1.0,0.625,0.875,0.75],"texture":"#4"}}}],"display":{"thirdperson_righthand":{"translation":[-14.75,6.0,3.5],"rotation":[-161.35,-40.77,159.05],"scale":[0.85352,0.85352,0.85352]},"thirdperson_lefthand":{"translation":[-14.75,6.0,3.5],"rotation":[-161.35,-40.77,159.05],"scale":[0.85352,0.85352,0.85352]},"firstperson_righthand":{"translation":[8.25,3.0,-5.75],"rotation":[3.0,112.0,-13.0],"scale":[0.64649,0.64649,0.64649]},"firstperson_lefthand":{"translation":[8.25,3.0,-5.75],"rotation":[3.0,112.0,-13.0],"scale":[0.64649,0.64649,0.64649]},"ground":{"translation":[-1.75,8.5,-0.5],"rotation":[0.0,0.0,34.0],"scale":[0.64062,0.64062,0.64062]},"gui":{"translation":[0.0,0.5,0.0],"rotation":[138.71,-16.78,147.3],"scale":[0.72656,0.72656,0.72656]}},"credit":"Made with Blockbench"}