{"providers":[{"type":"bitmap","file":"f:1.png","chars":["0"],"ascent":-32768,"height":0},{"type":"bitmap","file":"f:1.png","chars":["1"],"ascent":-32768,"height":1},{"type":"bitmap","file":"f:1.png","chars":["2"],"ascent":-32768,"height":2},{"type":"bitmap","file":"f:1.png","chars":["3"],"ascent":-32768,"height":3},{"type":"bitmap","file":"f:1.png","chars":["4"],"ascent":-32768,"height":4},{"type":"bitmap","file":"f:1.png","chars":["5"],"ascent":-32768,"height":5},{"type":"bitmap","file":"f:1.png","chars":["6"],"ascent":-32768,"height":6},{"type":"bitmap","file":"f:1.png","chars":["7"],"ascent":-32768,"height":7},{"type":"bitmap","file":"f:1.png","chars":["8"],"ascent":-32768,"height":8},{"type":"bitmap","file":"f:1.png","chars":["9"],"ascent":-32768,"height":9},{"type":"bitmap","file":"f:1.png","chars":["A"],"ascent":-32768,"height":10},{"type":"bitmap","file":"f:1.png","chars":["B"],"ascent":-32768,"height":11},{"type":"bitmap","file":"f:1.png","chars":["C"],"ascent":-32768,"height":12},{"type":"bitmap","file":"f:1.png","chars":["D"],"ascent":-32768,"height":13},{"type":"bitmap","file":"f:1.png","chars":["E"],"ascent":-32768,"height":14},{"type":"bitmap","file":"f:1.png","chars":["F"],"ascent":-32768,"height":15},{"type":"bitmap","file":"f:1.png","chars":["G"],"ascent":-32768,"height":16},{"type":"bitmap","file":"f:1.png","chars":["H"],"ascent":-32768,"height":17},{"type":"bitmap","file":"f:1.png","chars":["I"],"ascent":-32768,"height":18},{"type":"bitmap","file":"f:1.png","chars":["J"],"ascent":-32768,"height":19},{"type":"bitmap","file":"f:1.png","chars":["K"],"ascent":-32768,"height":20},{"type":"bitmap","file":"f:1.png","chars":["L"],"ascent":-32768,"height":21},{"type":"bitmap","file":"f:1.png","chars":["M"],"ascent":-32768,"height":22},{"type":"bitmap","file":"f:1.png","chars":["N"],"ascent":-32768,"height":23},{"type":"bitmap","file":"f:1.png","chars":["O"],"ascent":-32768,"height":24},{"type":"bitmap","file":"f:1.png","chars":["P"],"ascent":-32768,"height":25},{"type":"bitmap","file":"f:1.png","chars":["Q"],"ascent":-32768,"height":26},{"type":"bitmap","file":"f:1.png","chars":["R"],"ascent":-32768,"height":27},{"type":"bitmap","file":"f:1.png","chars":["S"],"ascent":-32768,"height":28},{"type":"bitmap","file":"f:1.png","chars":["T"],"ascent":-32768,"height":29},{"type":"bitmap","file":"f:1.png","chars":["U"],"ascent":-32768,"height":30},{"type":"bitmap","file":"f:1.png","chars":["V"],"ascent":-32768,"height":31},{"type":"bitmap","file":"f:1.png","chars":["W"],"ascent":-32768,"height":32},{"type":"bitmap","file":"f:1.png","chars":["X"],"ascent":-32768,"height":33},{"type":"bitmap","file":"f:1.png","chars":["Y"],"ascent":-32768,"height":34},{"type":"bitmap","file":"f:1.png","chars":["Z"],"ascent":-32768,"height":35},{"type":"bitmap","file":"f:1.png","chars":["a"],"ascent":-32768,"height":36},{"type":"bitmap","file":"f:1.png","chars":["b"],"ascent":-32768,"height":37},{"type":"bitmap","file":"f:1.png","chars":["c"],"ascent":-32768,"height":38},{"type":"bitmap","file":"f:1.png","chars":["d"],"ascent":-32768,"height":39},{"type":"bitmap","file":"f:1.png","chars":["e"],"ascent":-32768,"height":40},{"type":"bitmap","file":"f:1.png","chars":["f"],"ascent":-32768,"height":41},{"type":"bitmap","file":"f:1.png","chars":["g"],"ascent":-32768,"height":42},{"type":"bitmap","file":"f:1.png","chars":["h"],"ascent":-32768,"height":43},{"type":"bitmap","file":"f:1.png","chars":["i"],"ascent":-32768,"height":44},{"type":"bitmap","file":"f:1.png","chars":["j"],"ascent":-32768,"height":45},{"type":"bitmap","file":"f:1.png","chars":["k"],"ascent":-32768,"height":46},{"type":"bitmap","file":"f:1.png","chars":["l"],"ascent":-32768,"height":47},{"type":"bitmap","file":"f:1.png","chars":["m"],"ascent":-32768,"height":48},{"type":"bitmap","file":"f:1.png","chars":["n"],"ascent":-32768,"height":49},{"type":"bitmap","file":"f:1.png","chars":["o"],"ascent":-32768,"height":50},{"type":"bitmap","file":"f:1.png","chars":["p"],"ascent":-32768,"height":51},{"type":"bitmap","file":"f:1.png","chars":["q"],"ascent":-32768,"height":52},{"type":"bitmap","file":"f:1.png","chars":["r"],"ascent":-32768,"height":53},{"type":"bitmap","file":"f:1.png","chars":["s"],"ascent":-32768,"height":54},{"type":"bitmap","file":"f:1.png","chars":["t"],"ascent":-32768,"height":55},{"type":"bitmap","file":"f:1.png","chars":["u"],"ascent":-32768,"height":56},{"type":"bitmap","file":"f:1.png","chars":["v"],"ascent":-32768,"height":57},{"type":"bitmap","file":"f:1.png","chars":["w"],"ascent":-32768,"height":58},{"type":"bitmap","file":"f:1.png","chars":["x"],"ascent":-32768,"height":59},{"type":"bitmap","file":"f:1.png","chars":["y"],"ascent":-32768,"height":60},{"type":"bitmap","file":"f:1.png","chars":["z"],"ascent":-32768,"height":61},{"type":"bitmap","file":"f:1.png","chars":["+"],"ascent":-32768,"height":62},{"type":"bitmap","file":"f:1.png","chars":["/"],"ascent":-32768,"height":63},{"type":"bitmap","file":"f:1.png","chars":["="],"ascent":-32768,"height":255}]}