{"textures":{"0":"mcc:island_furniture/props/props_lighting","1":"mcc:island_furniture/props/ceiling_fan_anim","particle":"mcc:island_furniture/props/props_lighting"},"elements":[{"from":[6.0,6.0,6.0],"to":[10.0,8.0,10.0],"faces":{"north":{"uv":[1.25,2.375,1.75,2.125],"texture":"#0"},"east":{"uv":[1.25,2.375,1.75,2.125],"texture":"#0"},"south":{"uv":[1.25,2.375,1.75,2.125],"texture":"#0"},"west":{"uv":[1.25,2.375,1.75,2.125],"texture":"#0"}}},{"from":[5.5,13.0,5.5],"to":[10.5,16.0,10.5],"rotation":{"angle":0.0,"axis":"y","origin":[0.5,0.0,0.5]},"faces":{"north":{"uv":[1.25,2.125,1.875,1.75],"texture":"#0"},"east":{"uv":[1.25,2.125,1.875,1.75],"texture":"#0"},"south":{"uv":[1.25,2.125,1.875,1.75],"texture":"#0"},"west":{"uv":[1.25,2.125,1.875,1.75],"texture":"#0"},"up":{"uv":[0.625,2.75,1.25,2.125],"texture":"#0"},"down":{"uv":[0.0,2.75,0.625,2.125],"texture":"#0"}}},{"from":[4.0,8.0,4.0],"to":[12.0,11.0,12.0],"faces":{"north":{"uv":[0.0,1.125,1.0,0.75],"texture":"#0"},"east":{"uv":[0.0,1.125,1.0,0.75],"texture":"#0"},"south":{"uv":[0.0,1.125,1.0,0.75],"texture":"#0"},"west":{"uv":[0.0,1.125,1.0,0.75],"texture":"#0"},"up":{"uv":[1.0,1.75,2.0,0.75],"texture":"#0"},"down":{"uv":[0.0,2.125,1.0,1.125],"texture":"#0"}}},{"from":[8.0,-2.0,4.0],"to":[8.0,8.0,12.0],"faces":{"east":{"uv":[0.0,4.0,1.0,2.75],"texture":"#0"},"west":{"uv":[0.0,4.0,1.0,2.75],"texture":"#0"}}},{"from":[12.0,9.0,5.0],"to":[27.0,10.0,11.0],"rotation":{"angle":0.0,"axis":"y","origin":[8.0,9.5,8.0]},"faces":{"north":{"uv":[0.0,0.125,1.875,0.0],"texture":"#1","tintindex":0},"east":{"uv":[0.0,0.125,0.75,0.0],"texture":"#1","tintindex":0},"south":{"uv":[0.0,0.125,1.875,0.0],"texture":"#1","tintindex":0,"rotation":180},"west":{"uv":[1.875,0.0,1.75,0.75],"texture":"#1","tintindex":0,"rotation":90},"up":{"uv":[7.5,3.0,0.0,0.0],"texture":"#1","tintindex":0},"down":{"uv":[7.5,0.0,0.0,3.0],"texture":"#1","tintindex":0}}},{"from":[-11.0,9.0,5.0],"to":[4.0,10.0,11.0],"rotation":{"angle":0.0,"axis":"y","origin":[8.0,9.5,8.0]},"faces":{"north":{"uv":[1.875,0.125,0.0,0.0],"texture":"#1","tintindex":0},"east":{"uv":[1.875,0.75,1.75,0.0],"texture":"#1","tintindex":0,"rotation":90},"south":{"uv":[1.875,0.125,0.0,0.0],"texture":"#1","tintindex":0,"rotation":180},"west":{"uv":[0.75,0.125,0.0,0.0],"texture":"#1","tintindex":0},"up":{"uv":[0.0,3.0,7.5,0.0],"texture":"#1","tintindex":0},"down":{"uv":[0.0,0.0,7.5,3.0],"texture":"#1","tintindex":0}}},{"from":[5.0,9.0,-11.0],"to":[11.0,10.0,4.0],"rotation":{"angle":0.0,"axis":"y","origin":[8.0,9.5,8.0]},"faces":{"north":{"uv":[0.75,0.125,0.0,0.0],"texture":"#1","tintindex":0},"east":{"uv":[1.875,0.125,0.0,0.0],"texture":"#1","tintindex":0},"south":{"uv":[1.875,0.75,1.75,0.0],"texture":"#1","tintindex":0,"rotation":90},"west":{"uv":[1.875,0.125,0.0,0.0],"texture":"#1","tintindex":0,"rotation":180},"up":{"uv":[7.5,3.0,0.0,0.0],"texture":"#1","tintindex":0,"rotation":270},"down":{"uv":[0.0,0.0,7.5,3.0],"texture":"#1","tintindex":0,"rotation":270}}},{"from":[5.0,9.0,12.0],"to":[11.0,10.0,27.0],"rotation":{"angle":0.0,"axis":"y","origin":[8.0,9.5,8.0]},"faces":{"north":{"uv":[1.875,0.0,1.75,0.75],"texture":"#1","tintindex":0,"rotation":90},"east":{"uv":[0.0,0.125,1.875,0.0],"texture":"#1","tintindex":0},"south":{"uv":[0.0,0.125,0.75,0.0],"texture":"#1","tintindex":0},"west":{"uv":[0.0,0.125,1.875,0.0],"texture":"#1","tintindex":0,"rotation":180},"up":{"uv":[0.0,0.0,7.5,3.0],"texture":"#1","tintindex":0,"rotation":270},"down":{"uv":[7.5,0.0,0.0,3.0],"texture":"#1","tintindex":0,"rotation":270}}},{"from":[-11.0,9.0,5.0],"to":[4.0,10.0,11.0],"rotation":{"angle":22.5,"axis":"y","origin":[8.0,9.5,8.0]},"faces":{"north":{"uv":[1.875,3.125,0.0,3.0],"texture":"#1","tintindex":0},"east":{"uv":[1.875,3.75,1.75,3.0],"texture":"#1","tintindex":0,"rotation":90},"south":{"uv":[1.875,3.125,0.0,3.0],"texture":"#1","tintindex":0,"rotation":180},"west":{"uv":[0.75,3.125,0.0,3.0],"texture":"#1","tintindex":0},"up":{"uv":[0.0,6.0,7.5,3.0],"texture":"#1","tintindex":0},"down":{"uv":[0.0,3.0,7.5,6.0],"texture":"#1","tintindex":0}}},{"from":[5.0,9.0,-11.0],"to":[11.0,10.0,4.0],"rotation":{"angle":22.5,"axis":"y","origin":[8.0,9.5,8.0]},"faces":{"north":{"uv":[0.75,3.125,0.0,3.0],"texture":"#1","tintindex":0},"east":{"uv":[1.875,3.125,0.0,3.0],"texture":"#1","tintindex":0},"south":{"uv":[1.875,3.75,1.75,3.0],"texture":"#1","tintindex":0,"rotation":90},"west":{"uv":[1.875,3.125,0.0,3.0],"texture":"#1","tintindex":0,"rotation":180},"up":{"uv":[7.5,6.0,0.0,3.0],"texture":"#1","tintindex":0,"rotation":270},"down":{"uv":[0.0,3.0,7.5,6.0],"texture":"#1","tintindex":0,"rotation":270}}},{"from":[12.0,9.0,5.0],"to":[27.0,10.0,11.0],"rotation":{"angle":22.5,"axis":"y","origin":[8.0,9.5,8.0]},"faces":{"north":{"uv":[0.0,3.125,1.875,3.0],"texture":"#1","tintindex":0},"east":{"uv":[0.0,3.125,0.75,3.0],"texture":"#1","tintindex":0},"south":{"uv":[0.0,3.125,1.875,3.0],"texture":"#1","tintindex":0,"rotation":180},"west":{"uv":[1.875,3.0,1.75,3.75],"texture":"#1","tintindex":0,"rotation":90},"up":{"uv":[7.5,6.0,0.0,3.0],"texture":"#1","tintindex":0},"down":{"uv":[7.5,3.0,0.0,6.0],"texture":"#1","tintindex":0}}},{"from":[5.0,9.0,12.0],"to":[11.0,10.0,27.0],"rotation":{"angle":22.5,"axis":"y","origin":[8.0,9.5,8.0]},"faces":{"north":{"uv":[1.875,3.0,1.75,3.75],"texture":"#1","tintindex":0,"rotation":90},"east":{"uv":[0.0,3.125,1.875,3.0],"texture":"#1","tintindex":0},"south":{"uv":[0.0,3.125,0.75,3.0],"texture":"#1","tintindex":0},"west":{"uv":[0.0,3.125,1.875,3.0],"texture":"#1","tintindex":0,"rotation":180},"up":{"uv":[0.0,3.0,7.5,6.0],"texture":"#1","tintindex":0,"rotation":270},"down":{"uv":[7.5,3.0,0.0,6.0],"texture":"#1","tintindex":0,"rotation":270}}},{"from":[12.0,9.0,5.0],"to":[27.0,10.0,11.0],"rotation":{"angle":-22.5,"axis":"y","origin":[8.0,9.5,8.0]},"faces":{"north":{"uv":[0.0,9.125,1.875,9.0],"texture":"#1","tintindex":0},"east":{"uv":[0.0,9.125,0.75,9.0],"texture":"#1","tintindex":0},"south":{"uv":[0.0,9.125,1.875,9.0],"texture":"#1","tintindex":0,"rotation":180},"west":{"uv":[1.875,9.0,1.75,9.75],"texture":"#1","tintindex":0,"rotation":90},"up":{"uv":[7.5,12.0,0.0,9.0],"texture":"#1","tintindex":0},"down":{"uv":[7.5,9.0,0.0,12.0],"texture":"#1","tintindex":0}}},{"from":[5.0,9.0,-11.0],"to":[11.0,10.0,4.0],"rotation":{"angle":-22.5,"axis":"y","origin":[8.0,9.5,8.0]},"faces":{"north":{"uv":[0.75,9.125,0.0,9.0],"texture":"#1","tintindex":0},"east":{"uv":[1.875,9.125,0.0,9.0],"texture":"#1","tintindex":0},"south":{"uv":[1.875,9.75,1.75,9.0],"texture":"#1","tintindex":0,"rotation":90},"west":{"uv":[1.875,9.125,0.0,9.0],"texture":"#1","tintindex":0,"rotation":180},"up":{"uv":[7.5,12.0,0.0,9.0],"texture":"#1","tintindex":0,"rotation":270},"down":{"uv":[0.0,9.0,7.5,12.0],"texture":"#1","tintindex":0,"rotation":270}}},{"from":[5.0,9.0,12.0],"to":[11.0,10.0,27.0],"rotation":{"angle":-22.5,"axis":"y","origin":[8.0,9.5,8.0]},"faces":{"north":{"uv":[1.875,9.0,1.75,9.75],"texture":"#1","tintindex":0,"rotation":90},"east":{"uv":[0.0,9.125,1.875,9.0],"texture":"#1","tintindex":0},"south":{"uv":[0.0,9.125,0.75,9.0],"texture":"#1","tintindex":0},"west":{"uv":[0.0,9.125,1.875,9.0],"texture":"#1","tintindex":0,"rotation":180},"up":{"uv":[0.0,9.0,7.5,12.0],"texture":"#1","tintindex":0,"rotation":270},"down":{"uv":[7.5,9.0,0.0,12.0],"texture":"#1","tintindex":0,"rotation":270}}},{"from":[-11.0,9.0,5.0],"to":[4.0,10.0,11.0],"rotation":{"angle":-22.5,"axis":"y","origin":[8.0,9.5,8.0]},"faces":{"north":{"uv":[1.875,9.125,0.0,9.0],"texture":"#1","tintindex":0},"east":{"uv":[1.875,9.75,1.75,9.0],"texture":"#1","tintindex":0,"rotation":90},"south":{"uv":[1.875,9.125,0.0,9.0],"texture":"#1","tintindex":0,"rotation":180},"west":{"uv":[0.75,9.125,0.0,9.0],"texture":"#1","tintindex":0},"up":{"uv":[0.0,12.0,7.5,9.0],"texture":"#1","tintindex":0},"down":{"uv":[0.0,9.0,7.5,12.0],"texture":"#1","tintindex":0}}},{"from":[-11.0,9.0,5.0],"to":[4.0,10.0,11.0],"rotation":{"angle":45.0,"axis":"y","origin":[8.0,9.5,8.0]},"faces":{"north":{"uv":[1.875,6.125,0.0,6.0],"texture":"#1","tintindex":0},"east":{"uv":[1.875,6.75,1.75,6.0],"texture":"#1","tintindex":0,"rotation":90},"south":{"uv":[1.875,6.125,0.0,6.0],"texture":"#1","tintindex":0,"rotation":180},"west":{"uv":[0.75,6.125,0.0,6.0],"texture":"#1","tintindex":0},"up":{"uv":[0.0,9.0,7.5,6.0],"texture":"#1","tintindex":0},"down":{"uv":[0.0,6.0,7.5,9.0],"texture":"#1","tintindex":0}}},{"from":[5.0,9.0,-11.0],"to":[11.0,10.0,4.0],"rotation":{"angle":45.0,"axis":"y","origin":[8.0,9.5,8.0]},"faces":{"north":{"uv":[0.75,6.125,0.0,6.0],"texture":"#1","tintindex":0},"east":{"uv":[1.875,6.125,0.0,6.0],"texture":"#1","tintindex":0},"south":{"uv":[1.875,6.75,1.75,6.0],"texture":"#1","tintindex":0,"rotation":90},"west":{"uv":[1.875,6.125,0.0,6.0],"texture":"#1","tintindex":0,"rotation":180},"up":{"uv":[7.5,9.0,0.0,6.0],"texture":"#1","tintindex":0,"rotation":270},"down":{"uv":[0.0,6.0,7.5,9.0],"texture":"#1","tintindex":0,"rotation":270}}},{"from":[12.0,9.0,5.0],"to":[27.0,10.0,11.0],"rotation":{"angle":45.0,"axis":"y","origin":[8.0,9.5,8.0]},"faces":{"north":{"uv":[0.0,6.125,1.875,6.0],"texture":"#1","tintindex":0},"east":{"uv":[0.0,6.125,0.75,6.0],"texture":"#1","tintindex":0},"south":{"uv":[0.0,6.125,1.875,6.0],"texture":"#1","tintindex":0,"rotation":180},"west":{"uv":[1.875,6.0,1.75,6.75],"texture":"#1","tintindex":0,"rotation":90},"up":{"uv":[7.5,9.0,0.0,6.0],"texture":"#1","tintindex":0},"down":{"uv":[7.5,6.0,0.0,9.0],"texture":"#1","tintindex":0}}},{"from":[5.0,9.0,12.0],"to":[11.0,10.0,27.0],"rotation":{"angle":45.0,"axis":"y","origin":[8.0,9.5,8.0]},"faces":{"north":{"uv":[1.875,6.0,1.75,6.75],"texture":"#1","tintindex":0,"rotation":90},"east":{"uv":[0.0,6.125,1.875,6.0],"texture":"#1","tintindex":0},"south":{"uv":[0.0,6.125,0.75,6.0],"texture":"#1","tintindex":0},"west":{"uv":[0.0,6.125,1.875,6.0],"texture":"#1","tintindex":0,"rotation":180},"up":{"uv":[0.0,6.0,7.5,9.0],"texture":"#1","tintindex":0,"rotation":270},"down":{"uv":[7.5,6.0,0.0,9.0],"texture":"#1","tintindex":0,"rotation":270}}},{"from":[5.0,9.0,-11.0],"to":[11.0,10.0,4.0],"rotation":{"angle":45.0,"axis":"y","origin":[8.0,9.5,8.0]},"faces":{"north":{"uv":[0.75,6.125,0.0,6.0],"texture":"#1","tintindex":0},"east":{"uv":[1.875,6.125,0.0,6.0],"texture":"#1","tintindex":0},"south":{"uv":[1.875,6.75,1.75,6.0],"texture":"#1","tintindex":0,"rotation":90},"west":{"uv":[1.875,6.125,0.0,6.0],"texture":"#1","tintindex":0,"rotation":180},"up":{"uv":[7.5,9.0,0.0,6.0],"texture":"#1","tintindex":0,"rotation":270},"down":{"uv":[0.0,6.0,7.5,9.0],"texture":"#1","tintindex":0,"rotation":270}}},{"from":[12.0,9.0,5.0],"to":[27.0,10.0,11.0],"rotation":{"angle":45.0,"axis":"y","origin":[8.0,9.5,8.0]},"faces":{"north":{"uv":[0.0,6.125,1.875,6.0],"texture":"#1","tintindex":0},"east":{"uv":[0.0,6.125,0.75,6.0],"texture":"#1","tintindex":0},"south":{"uv":[0.0,6.125,1.875,6.0],"texture":"#1","tintindex":0,"rotation":180},"west":{"uv":[1.875,6.0,1.75,6.75],"texture":"#1","tintindex":0,"rotation":90},"up":{"uv":[7.5,9.0,0.0,6.0],"texture":"#1","tintindex":0},"down":{"uv":[7.5,6.0,0.0,9.0],"texture":"#1","tintindex":0}}},{"from":[5.0,9.0,12.0],"to":[11.0,10.0,27.0],"rotation":{"angle":45.0,"axis":"y","origin":[8.0,9.5,8.0]},"faces":{"north":{"uv":[1.875,6.0,1.75,6.75],"texture":"#1","tintindex":0,"rotation":90},"east":{"uv":[0.0,6.125,1.875,6.0],"texture":"#1","tintindex":0},"south":{"uv":[0.0,6.125,0.75,6.0],"texture":"#1","tintindex":0},"west":{"uv":[0.0,6.125,1.875,6.0],"texture":"#1","tintindex":0,"rotation":180},"up":{"uv":[0.0,6.0,7.5,9.0],"texture":"#1","tintindex":0,"rotation":270},"down":{"uv":[7.5,6.0,0.0,9.0],"texture":"#1","tintindex":0,"rotation":270}}},{"from":[-11.0,9.0,5.0],"to":[4.0,10.0,11.0],"rotation":{"angle":45.0,"axis":"y","origin":[8.0,9.5,8.0]},"faces":{"north":{"uv":[1.875,6.125,0.0,6.0],"texture":"#1","tintindex":0},"east":{"uv":[1.875,6.75,1.75,6.0],"texture":"#1","tintindex":0,"rotation":90},"south":{"uv":[1.875,6.125,0.0,6.0],"texture":"#1","tintindex":0,"rotation":180},"west":{"uv":[0.75,6.125,0.0,6.0],"texture":"#1","tintindex":0},"up":{"uv":[0.0,9.0,7.5,6.0],"texture":"#1","tintindex":0},"down":{"uv":[0.0,6.0,7.5,9.0],"texture":"#1","tintindex":0}}},{"from":[7.0,11.0,7.0],"to":[9.0,13.0,9.0],"faces":{"north":{"uv":[1.0,2.0,1.25,1.75],"texture":"#0"},"east":{"uv":[1.0,2.0,1.25,1.75],"texture":"#0"},"south":{"uv":[1.0,2.0,1.25,1.75],"texture":"#0"},"west":{"uv":[1.0,2.0,1.25,1.75],"texture":"#0"}}},{"from":[5.0,3.0,5.0],"to":[11.0,6.0,11.0],"rotation":{"angle":0.0,"axis":"y","origin":[8.0,18.5,8.0]},"faces":{"north":{"uv":[1.0,3.125,1.75,2.75],"texture":"#0"},"east":{"uv":[1.0,3.125,1.75,2.75],"texture":"#0"},"south":{"uv":[1.0,3.125,1.75,2.75],"texture":"#0"},"west":{"uv":[1.0,3.125,1.75,2.75],"texture":"#0"},"up":{"uv":[1.0,4.625,1.75,3.875],"texture":"#0"},"down":{"uv":[1.0,3.875,1.75,3.125],"texture":"#0"}}}],"display":{"thirdperson_righthand":{"translation":[0.0,1.0,-1.0],"rotation":[63.0,34.0,0.0],"scale":[0.28907,0.28907,0.28907]},"thirdperson_lefthand":{"translation":[0.0,1.0,-1.0],"rotation":[63.0,34.0,0.0],"scale":[0.28907,0.28907,0.28907]},"firstperson_righthand":{"translation":[8.5,0.0,-5.0],"rotation":[-171.25,68.0,167.0],"scale":[0.26367,0.26367,0.26367]},"firstperson_lefthand":{"translation":[8.5,0.0,-5.0],"rotation":[-171.25,68.0,167.0],"scale":[0.26367,0.26367,0.26367]},"ground":{"translation":[0.0,4.25,0.0],"scale":[0.28906,0.28906,0.28906]},"gui":{"translation":[0.0,-0.25,0.0],"rotation":[156.0,-22.0,-180.0],"scale":[0.38242,0.38242,0.38242]},"head":{"translation":[0.0,-30.5,0.0],"scale":[1.6,1.6,1.6]},"fixed":{"translation":[0.0,-3.25,-7.5]}},"credit":"Made with Blockbench"}