{"textures":{"0":"mcc:island_furniture/props/props_lighting","particle":"mcc:island_furniture/props/props_lighting"},"elements":[{"from":[-16.0,13.0,2.0],"to":[16.0,16.0,14.0],"faces":{"north":{"uv":[1.875,0.0,5.875,0.375],"texture":"#0"},"east":{"uv":[1.875,0.375,3.375,0.75],"texture":"#0"},"south":{"uv":[1.875,0.0,5.875,0.375],"texture":"#0"},"west":{"uv":[1.875,0.375,3.375,0.75],"texture":"#0"},"up":{"uv":[2.0,3.375,6.0,4.875],"texture":"#0"},"down":{"uv":[2.0,0.75,6.0,2.25],"texture":"#0"}}},{"from":[-16.0,11.0,9.0],"to":[16.0,13.0,12.0],"faces":{"north":{"uv":[2.0,2.625,6.0,2.875],"texture":"#0"},"east":{"uv":[2.0,2.875,2.375,3.125],"texture":"#0"},"south":{"uv":[2.0,2.625,6.0,2.875],"texture":"#0"},"west":{"uv":[2.0,2.875,2.375,3.125],"texture":"#0"},"down":{"uv":[2.0,2.25,6.0,2.625],"texture":"#0"}}},{"from":[-16.0,11.0,4.0],"to":[16.0,13.0,7.0],"faces":{"north":{"uv":[2.0,2.625,6.0,2.875],"texture":"#0"},"east":{"uv":[2.0,2.875,2.375,3.125],"texture":"#0"},"south":{"uv":[2.0,2.625,6.0,2.875],"texture":"#0"},"west":{"uv":[2.0,2.875,2.375,3.125],"texture":"#0"},"down":{"uv":[2.0,2.25,6.0,2.625],"texture":"#0"}}}],"display":{"thirdperson_righthand":{"translation":[0.0,1.0,-1.0],"rotation":[63.0,34.0,0.0],"scale":[0.28907,0.28907,0.28907]},"thirdperson_lefthand":{"translation":[0.0,1.0,-1.0],"rotation":[63.0,34.0,0.0],"scale":[0.28907,0.28907,0.28907]},"firstperson_righthand":{"translation":[8.5,0.0,-5.0],"rotation":[-171.25,68.0,167.0],"scale":[0.26367,0.26367,0.26367]},"firstperson_lefthand":{"translation":[8.5,0.0,-5.0],"rotation":[-171.25,68.0,167.0],"scale":[0.26367,0.26367,0.26367]},"ground":{"translation":[0.0,4.25,0.0],"scale":[0.28906,0.28906,0.28906]},"gui":{"translation":[0.0,-0.25,0.0],"rotation":[156.0,-22.0,-180.0],"scale":[0.38242,0.38242,0.38242]},"head":{"translation":[0.0,-30.5,0.0],"scale":[1.6,1.6,1.6]},"fixed":{"translation":[0.0,-3.25,-7.5]}},"credit":"Made with Blockbench"}