{"textures":{"0":"mcc:island_furniture/props/props_garden","particle":"mcc:island_furniture/props/props_garden"},"elements":[{"from":[4.5,0.0,4.25],"to":[12.5,4.0,12.25],"rotation":{"angle":-22.5,"axis":"y","origin":[8.0,1.5,6.75]},"faces":{"north":{"uv":[1.625,1.875,0.625,2.375],"texture":"#0"},"east":{"uv":[0.625,1.875,1.625,2.375],"texture":"#0"},"south":{"uv":[1.625,1.875,0.625,2.375],"texture":"#0"},"west":{"uv":[0.625,1.875,1.625,2.375],"texture":"#0"},"up":{"uv":[1.625,1.875,2.625,2.875],"texture":"#0"},"down":{"uv":[1.625,1.875,2.625,2.875],"texture":"#0"}}},{"from":[5.0,4.0,3.75],"to":[11.0,9.0,8.75],"rotation":{"angle":0.0,"axis":"y","origin":[8.0,2.0,6.75]},"faces":{"north":{"uv":[0.875,1.25,1.625,1.875],"texture":"#0","tintindex":0},"east":{"uv":[1.625,1.25,2.25,1.875],"texture":"#0","tintindex":0},"south":{"uv":[1.5,1.25,2.25,1.875],"texture":"#0","tintindex":0},"west":{"uv":[1.625,1.25,2.25,1.875],"texture":"#0","tintindex":0},"up":{"uv":[1.5,1.375,1.625,1.5],"texture":"#0","tintindex":0},"down":{"uv":[1.125,2.75,1.25,2.875],"texture":"#0"}}},{"from":[4.98,3.98,3.73],"to":[11.02,9.02,8.77],"rotation":{"angle":0.0,"axis":"y","origin":[8.0,2.0,6.75]},"faces":{"north":{"uv":[0.25,2.375,1.0,3.0],"texture":"#0"},"east":{"uv":[0.25,2.375,0.375,3.0],"texture":"#0"},"south":{"uv":[0.25,2.375,0.375,3.0],"texture":"#0"},"west":{"uv":[0.25,2.375,0.375,3.0],"texture":"#0"},"up":{"uv":[0.625,2.5,0.75,2.625],"texture":"#0"},"down":{"uv":[0.625,2.5,0.75,2.625],"texture":"#0"}}},{"from":[7.5,3.68198,-0.60355],"to":[8.5,17.68198,0.39645],"rotation":{"angle":-45.0,"axis":"x","origin":[8.0,9.68198,-1.10355]},"faces":{"north":{"uv":[2.375,0.0,2.5,1.75],"texture":"#0"},"east":{"uv":[2.375,0.0,2.5,1.75],"texture":"#0"},"south":{"uv":[2.375,0.0,2.5,1.75],"texture":"#0"},"west":{"uv":[2.375,0.0,2.5,1.75],"texture":"#0"},"up":{"uv":[2.375,0.0,2.5,0.125],"texture":"#0"},"down":{"uv":[2.375,1.625,2.5,1.75],"texture":"#0"}}},{"from":[8.0,-0.15381,-6.60355],"to":[8.0,15.84619,-5.60355],"rotation":{"angle":0.0,"axis":"x","origin":[7.5,11.09619,-1.10355]},"faces":{"east":{"uv":[2.5,0.0,2.625,0.125],"texture":"#0"},"west":{"uv":[2.5,0.0,2.625,0.125],"texture":"#0"}}},{"from":[4.42178,6.0,1.62955],"to":[6.42178,8.0,6.62955],"rotation":{"angle":-22.5,"axis":"y","origin":[5.42178,7.0,4.12955]},"faces":{"north":{"uv":[0.0,1.875,0.125,2.125],"texture":"#0"},"east":{"uv":[0.625,1.875,0.0,2.125],"texture":"#0"},"south":{"uv":[0.5,1.875,0.625,2.125],"texture":"#0"},"west":{"uv":[0.0,1.875,0.625,2.125],"texture":"#0"},"up":{"uv":[0.0,1.875,0.625,2.0],"texture":"#0","rotation":90},"down":{"uv":[0.0,2.0,0.625,2.125],"texture":"#0","rotation":270}}},{"from":[9.57822,6.0,1.62955],"to":[11.57822,8.0,6.62955],"rotation":{"angle":22.5,"axis":"y","origin":[10.57822,7.0,4.12955]},"faces":{"north":{"uv":[0.125,1.875,0.0,2.125],"texture":"#0"},"east":{"uv":[0.625,1.875,0.0,2.125],"texture":"#0"},"south":{"uv":[0.625,1.875,0.5,2.125],"texture":"#0"},"west":{"uv":[0.0,1.875,0.625,2.125],"texture":"#0"},"up":{"uv":[0.0,2.0,0.625,1.875],"texture":"#0","rotation":90},"down":{"uv":[0.0,2.125,0.625,2.0],"texture":"#0","rotation":270}}},{"from":[4.98,-0.02,3.98],"to":[7.02,4.02,6.02],"rotation":{"angle":22.5,"axis":"x","origin":[8.0,6.0,6.25]},"faces":{"north":{"uv":[0.875,1.25,0.625,1.75],"texture":"#0"},"east":{"uv":[0.75,1.25,0.875,1.75],"texture":"#0"},"south":{"uv":[0.75,1.25,0.875,1.75],"texture":"#0"},"west":{"uv":[0.625,1.25,0.875,1.75],"texture":"#0"},"up":{"uv":[0.875,1.25,0.625,1.5],"texture":"#0","rotation":270},"down":{"uv":[0.875,1.625,0.625,1.75],"texture":"#0"}}},{"from":[8.98,-0.02,3.98],"to":[11.02,4.02,6.02],"rotation":{"angle":22.5,"axis":"x","origin":[8.0,6.0,6.25]},"faces":{"north":{"uv":[0.625,1.25,0.875,1.75],"texture":"#0"},"east":{"uv":[0.875,1.25,0.625,1.75],"texture":"#0"},"south":{"uv":[0.875,1.25,0.75,1.75],"texture":"#0"},"west":{"uv":[0.875,1.25,0.75,1.75],"texture":"#0"},"up":{"uv":[0.875,1.5,0.625,1.25],"texture":"#0","rotation":270},"down":{"uv":[0.625,1.625,0.875,1.75],"texture":"#0"}}},{"from":[5.5,11.5,3.75],"to":[10.5,15.5,8.75],"rotation":{"angle":22.5,"axis":"x","origin":[8.5,11.5,6.5]},"faces":{"north":{"uv":[0.625,0.0,0.0,0.5],"texture":"#0","tintindex":0},"east":{"uv":[0.0,0.0,0.625,0.5],"texture":"#0","tintindex":0},"south":{"uv":[0.625,0.0,0.0,0.5],"texture":"#0","tintindex":0},"west":{"uv":[0.0,0.0,0.625,0.5],"texture":"#0","tintindex":0},"up":{"uv":[0.625,0.0,1.25,0.625],"texture":"#0","tintindex":0},"down":{"uv":[0.625,1.25,0.0,1.875],"texture":"#0","tintindex":0}}},{"from":[6.5,14.5,4.75],"to":[9.5,19.5,7.75],"rotation":{"angle":22.5,"axis":"x","origin":[8.5,11.5,6.5]},"faces":{"north":{"uv":[0.375,0.5,0.0,1.125],"texture":"#0","tintindex":0},"east":{"uv":[0.375,0.5,0.0,1.125],"texture":"#0","tintindex":0},"south":{"uv":[0.375,0.5,0.0,1.125],"texture":"#0","tintindex":0},"west":{"uv":[0.375,0.5,0.0,1.125],"texture":"#0","tintindex":0},"up":{"uv":[0.75,0.625,0.375,1.0],"texture":"#0","tintindex":0}}},{"from":[8.0,16.69454,10.34099],"to":[8.0,18.69454,14.34099],"rotation":{"angle":-22.5,"axis":"x","origin":[7.5,13.44454,8.09099]},"faces":{"east":{"uv":[0.0,2.625,0.25,2.125],"texture":"#0","tintindex":0,"rotation":90},"west":{"uv":[0.0,2.125,0.25,2.625],"texture":"#0","tintindex":0,"rotation":90}}},{"from":[6.0,9.0,4.75],"to":[10.0,14.0,8.75],"rotation":{"angle":0.0,"axis":"y","origin":[8.0,12.0,6.75]},"faces":{"north":{"uv":[0.75,0.625,1.25,1.25],"texture":"#0"},"east":{"uv":[1.75,0.625,1.25,1.25],"texture":"#0"},"south":{"uv":[1.75,0.625,2.25,1.25],"texture":"#0"},"west":{"uv":[1.25,0.625,1.75,1.25],"texture":"#0"}}},{"from":[7.0,10.0,3.75],"to":[9.0,12.0,4.75],"rotation":{"angle":0.0,"axis":"y","origin":[8.0,12.0,6.75]},"faces":{"north":{"uv":[0.5,1.0,0.75,1.25],"texture":"#0"},"east":{"uv":[0.5,1.0,0.625,1.25],"texture":"#0"},"west":{"uv":[0.5,1.0,0.625,1.25],"texture":"#0"},"up":{"uv":[0.5,1.0,0.75,1.125],"texture":"#0"},"down":{"uv":[0.5,1.125,0.75,1.25],"texture":"#0"}}},{"from":[5.51,8.01,5.26],"to":[10.49,11.99,9.24],"rotation":{"angle":22.5,"axis":"x","origin":[7.5,12.0,6.75]},"faces":{"north":{"uv":[1.25,0.0,1.875,0.5],"texture":"#0"},"east":{"uv":[2.375,0.0,1.875,0.5],"texture":"#0"},"south":{"uv":[0.5,0.5,0.625,0.625],"texture":"#0"},"west":{"uv":[1.875,0.0,2.375,0.5],"texture":"#0"},"up":{"uv":[0.5,0.5,0.625,0.625],"texture":"#0"},"down":{"uv":[0.5,0.5,0.625,0.625],"texture":"#0"}}}],"display":{"thirdperson_righthand":{"translation":[0.0,1.0,1.25],"rotation":[63.0,34.0,0.0],"scale":[0.52539,0.52539,0.52539]},"thirdperson_lefthand":{"translation":[0.0,1.0,1.25],"rotation":[63.0,34.0,0.0],"scale":[0.52539,0.52539,0.52539]},"firstperson_righthand":{"translation":[9.5,0.0,-5.75],"rotation":[3.0,112.0,-13.0],"scale":[0.41992,0.41992,0.41992]},"firstperson_lefthand":{"translation":[9.5,0.0,-5.75],"rotation":[3.0,112.0,-13.0],"scale":[0.41992,0.41992,0.41992]},"ground":{"translation":[0.0,4.25,0.0],"scale":[0.43945,0.43945,0.43945]},"gui":{"translation":[-2.5,-0.25,0.0],"rotation":[30.0,-119.75,0.0],"scale":[0.64609,0.64609,0.64609]},"head":{"translation":[0.0,-30.5,-0.75],"scale":[1.6,1.6,1.6]},"fixed":{"translation":[0.0,-3.25,-7.5]}},"credit":"Made with Blockbench","gui_light":"front"}