{"textures":{"0":"mcc:island_furniture/props/props_garden","particle":"mcc:island_furniture/props/props_garden"},"elements":[{"from":[5.5,11.06737,7.77451],"to":[10.5,15.06737,12.77451],"rotation":{"angle":22.5,"axis":"x","origin":[8.0,16.37262,10.59975]},"faces":{"north":{"uv":[0.625,0.0,0.0,0.5],"texture":"#0","tintindex":0},"east":{"uv":[0.0,0.0,0.625,0.5],"texture":"#0","tintindex":0},"south":{"uv":[0.625,0.0,0.0,0.5],"texture":"#0","tintindex":0},"west":{"uv":[0.0,0.0,0.625,0.5],"texture":"#0","tintindex":0},"up":{"uv":[0.625,0.0,1.25,0.625],"texture":"#0","tintindex":0},"down":{"uv":[0.625,1.25,0.0,1.875],"texture":"#0","tintindex":0}}},{"from":[6.5,14.06737,8.77451],"to":[9.5,19.06737,11.77451],"rotation":{"angle":22.5,"axis":"x","origin":[8.0,16.37262,10.59975]},"faces":{"north":{"uv":[0.375,0.5,0.0,1.125],"texture":"#0","tintindex":0},"east":{"uv":[0.375,0.5,0.0,1.125],"texture":"#0","tintindex":0},"south":{"uv":[0.375,0.5,0.0,1.125],"texture":"#0","tintindex":0},"west":{"uv":[0.375,0.5,0.0,1.125],"texture":"#0","tintindex":0},"up":{"uv":[0.75,0.625,0.375,1.0],"texture":"#0","tintindex":0}}},{"from":[8.0,17.11213,11.25919],"to":[8.0,19.11213,15.25919],"rotation":{"angle":-22.5,"axis":"x","origin":[8.0,16.37262,10.59975]},"faces":{"east":{"uv":[0.0,2.625,0.25,2.125],"texture":"#0","tintindex":0,"rotation":90},"west":{"uv":[0.0,2.125,0.25,2.625],"texture":"#0","tintindex":0,"rotation":90}}},{"from":[6.0,9.0,6.75],"to":[10.0,14.0,10.75],"rotation":{"angle":0.0,"axis":"y","origin":[8.0,13.62707,9.24229]},"faces":{"north":{"uv":[0.75,0.625,1.25,1.25],"texture":"#0"},"east":{"uv":[1.75,0.625,1.25,1.25],"texture":"#0"},"south":{"uv":[1.75,0.625,2.25,1.25],"texture":"#0"},"west":{"uv":[1.25,0.625,1.75,1.25],"texture":"#0"}}},{"from":[7.0,10.0,5.75],"to":[9.0,12.0,6.75],"rotation":{"angle":0.0,"axis":"y","origin":[8.0,13.62707,9.24229]},"faces":{"north":{"uv":[0.5,1.0,0.75,1.25],"texture":"#0"},"east":{"uv":[0.5,1.0,0.625,1.25],"texture":"#0"},"west":{"uv":[0.5,1.0,0.625,1.25],"texture":"#0"},"up":{"uv":[0.5,1.0,0.75,1.125],"texture":"#0"},"down":{"uv":[0.5,1.125,0.75,1.25],"texture":"#0"}}},{"from":[5.51,7.94546,7.92013],"to":[10.49,11.92546,11.90013],"rotation":{"angle":22.5,"axis":"x","origin":[8.0,13.62707,9.24229]},"faces":{"north":{"uv":[1.25,0.0,1.875,0.5],"texture":"#0"},"east":{"uv":[2.375,0.0,1.875,0.5],"texture":"#0"},"south":{"uv":[0.5,0.5,0.625,0.625],"texture":"#0"},"west":{"uv":[1.875,0.0,2.375,0.5],"texture":"#0"},"up":{"uv":[0.5,0.5,0.625,0.625],"texture":"#0"},"down":{"uv":[0.5,0.5,0.625,0.625],"texture":"#0"}}},{"from":[3.88372,3.69134,7.37955],"to":[5.88372,8.69134,9.37955],"rotation":{"angle":0.0,"axis":"z","origin":[4.88372,6.19134,8.37955]},"faces":{"north":{"uv":[0.0,1.875,0.625,2.0],"texture":"#0","rotation":270},"east":{"uv":[0.625,1.875,0.0,2.125],"texture":"#0","rotation":90},"south":{"uv":[0.0,2.0,0.625,2.125],"texture":"#0","rotation":270},"west":{"uv":[0.0,1.875,0.625,2.125],"texture":"#0","rotation":270},"up":{"uv":[0.5,1.875,0.625,2.125],"texture":"#0"},"down":{"uv":[0.0,1.875,0.125,2.125],"texture":"#0","rotation":180}}},{"from":[10.11628,3.69134,7.37955],"to":[12.11628,8.69134,9.37955],"rotation":{"angle":0.0,"axis":"z","origin":[11.11628,6.19134,8.37955]},"faces":{"north":{"uv":[0.0,2.0,0.625,1.875],"texture":"#0","rotation":270},"east":{"uv":[0.0,2.125,0.625,1.875],"texture":"#0","rotation":270},"south":{"uv":[0.0,2.125,0.625,2.0],"texture":"#0","rotation":270},"west":{"uv":[0.625,2.125,0.0,1.875],"texture":"#0","rotation":90},"up":{"uv":[0.625,1.875,0.5,2.125],"texture":"#0"},"down":{"uv":[0.125,1.875,0.0,2.125],"texture":"#0","rotation":180}}},{"from":[5.0,4.0,5.75],"to":[11.0,9.0,10.75],"rotation":{"angle":0.0,"axis":"y","origin":[8.0,4.79749,8.28827]},"faces":{"north":{"uv":[0.875,1.25,1.625,1.875],"texture":"#0","tintindex":0},"east":{"uv":[1.625,1.25,2.25,1.875],"texture":"#0","tintindex":0},"south":{"uv":[0.875,1.25,1.625,1.875],"texture":"#0","tintindex":0},"west":{"uv":[1.625,1.25,2.25,1.875],"texture":"#0","tintindex":0},"up":{"uv":[2.375,2.875,1.625,3.5],"texture":"#0","tintindex":0},"down":{"uv":[1.125,2.75,1.25,2.875],"texture":"#0","tintindex":0}}},{"from":[4.98,3.98,5.73],"to":[11.02,9.02,10.77],"rotation":{"angle":0.0,"axis":"y","origin":[8.0,4.79749,8.28827]},"faces":{"north":{"uv":[0.25,2.375,1.0,3.0],"texture":"#0"},"east":{"uv":[0.25,2.375,0.375,3.0],"texture":"#0"},"south":{"uv":[0.875,2.375,1.625,3.0],"texture":"#0"},"west":{"uv":[0.25,2.375,0.375,3.0],"texture":"#0"},"up":{"uv":[0.25,2.375,1.0,2.5],"texture":"#0"},"down":{"uv":[0.25,2.375,1.0,2.5],"texture":"#0"}}},{"from":[8.5,0.55239,7.21613],"to":[10.5,4.55239,9.21613],"rotation":{"angle":0.0,"axis":"x","origin":[8.0,4.79749,8.28827]},"faces":{"north":{"uv":[0.625,1.25,0.875,1.75],"texture":"#0"},"east":{"uv":[0.875,1.25,0.625,1.75],"texture":"#0"},"south":{"uv":[0.875,1.25,0.75,1.75],"texture":"#0"},"west":{"uv":[0.875,1.25,0.75,1.75],"texture":"#0"},"up":{"uv":[0.875,1.5,0.625,1.25],"texture":"#0","rotation":270},"down":{"uv":[0.625,1.625,0.875,1.75],"texture":"#0"}}},{"from":[5.5,0.55239,7.21613],"to":[7.5,4.55239,9.21613],"rotation":{"angle":0.0,"axis":"x","origin":[8.0,4.79749,8.28827]},"faces":{"north":{"uv":[0.875,1.25,0.625,1.75],"texture":"#0"},"east":{"uv":[0.75,1.25,0.875,1.75],"texture":"#0"},"south":{"uv":[0.75,1.25,0.875,1.75],"texture":"#0"},"west":{"uv":[0.625,1.25,0.875,1.75],"texture":"#0"},"up":{"uv":[0.875,1.25,0.625,1.5],"texture":"#0","rotation":270},"down":{"uv":[0.875,1.625,0.625,1.75],"texture":"#0"}}}],"display":{"thirdperson_righthand":{"translation":[0.0,1.0,1.25],"rotation":[63.0,34.0,0.0],"scale":[0.52539,0.52539,0.52539]},"thirdperson_lefthand":{"translation":[0.0,1.0,1.25],"rotation":[63.0,34.0,0.0],"scale":[0.52539,0.52539,0.52539]},"firstperson_righthand":{"translation":[9.5,0.0,-5.75],"rotation":[3.0,112.0,-13.0],"scale":[0.41992,0.41992,0.41992]},"firstperson_lefthand":{"translation":[9.5,0.0,-5.75],"rotation":[3.0,112.0,-13.0],"scale":[0.41992,0.41992,0.41992]},"ground":{"translation":[0.0,4.25,0.0],"scale":[0.43945,0.43945,0.43945]},"gui":{"translation":[-0.25,-1.25,0.0],"rotation":[30.0,-158.0,0.0],"scale":[0.66172,0.66172,0.66172]},"head":{"translation":[0.0,-30.5,0.0],"scale":[1.6,1.6,1.6]},"fixed":{"translation":[0.0,-3.25,-7.5]}},"credit":"Made with Blockbench","gui_light":"front"}