{"textures":{"0":"mcc:island_cosmetics/npc/npc_head","particle":"mcc:island_cosmetics/npc/npc_head"},"elements":[{"from":[4.0,0.0,4.0],"to":[12.0,10.0,12.0],"rotation":{"angle":0.0,"axis":"y","origin":[0.0,0.0,-3.0]},"faces":{"north":{"uv":[0.0,0.0,1.0,1.25],"texture":"#0"},"east":{"uv":[1.75,0.0,2.75,1.25],"texture":"#0"},"south":{"uv":[0.0,2.875,1.0,4.125],"texture":"#0"},"west":{"uv":[2.75,0.0,1.75,1.25],"texture":"#0"},"up":{"uv":[2.75,0.0,3.75,1.0],"texture":"#0"},"down":{"uv":[1.0,2.875,2.0,3.875],"texture":"#0"}}},{"from":[8.0,0.0,8.0],"to":[8.0,14.0,19.0],"rotation":{"angle":45.0,"axis":"y","origin":[8.0,5.0,8.0]},"faces":{"east":{"uv":[5.75,0.0,7.125,1.75],"texture":"#0"},"west":{"uv":[7.125,0.0,5.75,1.75],"texture":"#0"}}},{"from":[8.0,0.0,8.0],"to":[8.0,14.0,19.0],"rotation":{"angle":-45.0,"axis":"y","origin":[8.0,5.0,8.0]},"faces":{"east":{"uv":[5.75,0.0,7.125,1.75],"texture":"#0"},"west":{"uv":[7.125,0.0,5.75,1.75],"texture":"#0"}}},{"from":[3.9,-0.1,3.9],"to":[12.1,10.1,12.1],"rotation":{"angle":0.0,"axis":"y","origin":[0.0,0.0,-3.0]},"faces":{"north":{"uv":[3.75,1.25,4.75,2.5],"texture":"#0"},"east":{"uv":[3.75,0.0,4.75,1.25],"texture":"#0"},"south":{"uv":[5.75,0.0,4.75,1.25],"texture":"#0"},"west":{"uv":[4.75,0.0,3.75,1.25],"texture":"#0"},"up":{"uv":[2.75,1.0,3.75,2.0],"texture":"#0"},"down":{"uv":[4.5,0.125,4.625,0.25],"texture":"#0"}}},{"from":[6.0,1.0,2.0],"to":[10.0,4.0,4.0],"rotation":{"angle":0.0,"axis":"y","origin":[0.0,-1.0,-3.0]},"faces":{"north":{"uv":[1.0,0.5,1.5,0.875],"texture":"#0"},"east":{"uv":[1.5,0.5,1.75,0.875],"texture":"#0"},"west":{"uv":[1.75,0.5,1.5,0.875],"texture":"#0"},"up":{"uv":[1.0,0.5,1.5,0.75],"texture":"#0"},"down":{"uv":[1.0,0.875,1.5,1.125],"texture":"#0"}}},{"from":[0.0,-2.5,3.75],"to":[16.0,10.5,3.75],"rotation":{"angle":0.0,"axis":"y","origin":[0.0,-1.0,-3.0]},"faces":{"north":{"uv":[0.0,1.25,2.0,2.875],"texture":"#0"},"south":{"uv":[0.0,1.25,2.0,2.875],"texture":"#0"}}},{"from":[9.0,3.0,2.0],"to":[13.0,7.0,4.0],"rotation":{"angle":-22.5,"axis":"y","origin":[8.0,2.5,3.0]},"faces":{"north":{"uv":[1.125,0.0,1.625,0.5],"texture":"#0"},"east":{"uv":[0.0,4.125,0.25,4.625],"texture":"#0"},"west":{"uv":[0.0,4.125,0.25,4.625],"texture":"#0","rotation":180},"up":{"uv":[0.0,4.125,0.25,4.625],"texture":"#0","rotation":270},"down":{"uv":[0.0,4.125,0.25,4.625],"texture":"#0","rotation":90}}},{"from":[3.0,3.0,2.0],"to":[7.0,7.0,4.0],"rotation":{"angle":22.5,"axis":"y","origin":[8.0,2.5,3.0]},"faces":{"north":{"uv":[1.625,0.0,1.125,0.5],"texture":"#0"},"east":{"uv":[0.25,4.125,0.0,4.625],"texture":"#0","rotation":180},"west":{"uv":[0.25,4.125,0.0,4.625],"texture":"#0"},"up":{"uv":[0.0,4.625,0.25,4.125],"texture":"#0","rotation":270},"down":{"uv":[0.0,4.625,0.25,4.125],"texture":"#0","rotation":90}}}],"display":{"head":{"translation":[0.0,6.25,0.0],"scale":[1.60977,1.60977,1.60977]}},"credit":"Made with Blockbench"}