{"textures":{"0":"mcc:island_furniture/music/music_4","particle":"mcc:island_furniture/music/music_4"},"elements":[{"from":[0.0,0.0,3.0],"to":[16.0,13.0,13.0],"rotation":{"angle":0.0,"axis":"y","origin":[9.0,8.0,11.0]},"faces":{"north":{"uv":[0.0,14.375,2.0,16.0],"texture":"#0"},"east":{"uv":[2.25,12.375,3.5,14.0],"texture":"#0"},"south":{"uv":[6.0,12.375,8.0,14.0],"texture":"#0"},"west":{"uv":[3.5,12.375,2.25,14.0],"texture":"#0"},"up":{"uv":[8.0,12.375,10.0,13.625],"texture":"#0"},"down":{"uv":[7.25,12.875,7.5,13.125],"texture":"#0"}}},{"from":[12.11,9.23,2.96],"to":[13.79,10.91,3.8],"rotation":{"angle":-45.0,"axis":"z","origin":[12.95,10.07,3.38]},"faces":{"north":{"uv":[2.0,12.375,2.25,12.625],"texture":"#0"},"east":{"uv":[2.0,12.375,2.125,12.625],"texture":"#0"},"south":{"uv":[2.0,12.625,2.25,12.375],"texture":"#0","rotation":180},"west":{"uv":[2.125,12.375,2.25,12.625],"texture":"#0"},"up":{"uv":[2.125,12.625,2.25,12.375],"texture":"#0","rotation":90},"down":{"uv":[2.0,12.625,2.125,12.375],"texture":"#0","rotation":90}}},{"from":[9.09,9.23,2.96],"to":[10.77,10.91,3.8],"rotation":{"angle":-45.0,"axis":"z","origin":[9.93,10.07,3.38]},"faces":{"north":{"uv":[2.0,12.375,2.25,12.625],"texture":"#0"},"east":{"uv":[2.0,12.375,2.125,12.625],"texture":"#0"},"south":{"uv":[2.0,12.625,2.25,12.375],"texture":"#0","rotation":180},"west":{"uv":[2.125,12.375,2.25,12.625],"texture":"#0"},"up":{"uv":[2.125,12.625,2.25,12.375],"texture":"#0","rotation":90},"down":{"uv":[2.0,12.625,2.125,12.375],"texture":"#0","rotation":90}}},{"from":[-0.2,-0.2,2.8],"to":[16.2,13.2,13.2],"rotation":{"angle":0.0,"axis":"y","origin":[9.0,8.0,11.0]},"faces":{"north":{"uv":[2.0,14.375,4.0,16.0],"texture":"#0"},"east":{"uv":[4.0,14.375,5.25,16.0],"texture":"#0"},"south":{"uv":[2.0,14.375,4.0,16.0],"texture":"#0"},"west":{"uv":[4.0,14.375,5.25,16.0],"texture":"#0"},"up":{"uv":[5.25,14.75,7.25,16.0],"texture":"#0"},"down":{"uv":[5.25,14.75,7.25,16.0],"texture":"#0"}}},{"from":[1.0,13.0,8.0],"to":[15.0,16.0,8.0],"rotation":{"angle":0.0,"axis":"y","origin":[9.0,8.0,11.0]},"faces":{"north":{"uv":[8.0,13.625,9.75,14.0],"texture":"#0"},"south":{"uv":[8.0,13.625,9.75,14.0],"texture":"#0"}}}],"display":{"thirdperson_righthand":{"translation":[0.5,0.0,0.5],"rotation":[63.0,34.0,0.0],"scale":[0.4082,0.4082,0.4082]},"thirdperson_lefthand":{"translation":[0.5,0.0,0.5],"rotation":[63.0,34.0,0.0],"scale":[0.4082,0.4082,0.4082]},"firstperson_righthand":{"translation":[9.5,0.0,-5.75],"rotation":[3.0,112.0,-13.0],"scale":[0.41992,0.41992,0.41992]},"firstperson_lefthand":{"translation":[9.5,0.0,-5.75],"rotation":[3.0,112.0,-13.0],"scale":[0.41992,0.41992,0.41992]},"ground":{"translation":[0.0,4.25,0.0],"scale":[0.43945,0.43945,0.43945]},"gui":{"translation":[0.0,0.75,0.0],"rotation":[15.0,-158.0,0.0],"scale":[0.60898,0.60898,0.60898]},"head":{"translation":[0.0,-30.5,-0.75],"scale":[1.6,1.6,1.6]},"fixed":{"translation":[0.0,-3.25,-7.5]}},"credit":"Made with Blockbench","gui_light":"front"}