{"textures":{"0":"mcc:island_furniture/music/music_2","particle":"mcc:island_furniture/music/music_2"},"elements":[{"from":[12.0,0.0,3.5],"to":[21.0,5.0,12.5],"rotation":{"angle":0.0,"axis":"y","origin":[16.5,6.5,8.0]},"faces":{"north":{"uv":[1.25,6.125,2.375,6.75],"texture":"#0"},"east":{"uv":[1.25,6.125,2.375,6.75],"texture":"#0"},"south":{"uv":[1.25,6.125,2.375,6.75],"texture":"#0"},"west":{"uv":[1.25,6.125,2.375,6.75],"texture":"#0"},"down":{"uv":[0.125,6.0,1.25,6.125],"texture":"#0"}}},{"from":[-5.0,0.0,3.5],"to":[4.0,5.0,12.5],"rotation":{"angle":0.0,"axis":"y","origin":[-0.5,6.5,8.0]},"faces":{"north":{"uv":[2.375,6.125,1.25,6.75],"texture":"#0"},"east":{"uv":[2.375,6.125,1.25,6.75],"texture":"#0"},"south":{"uv":[2.375,6.125,1.25,6.75],"texture":"#0"},"west":{"uv":[2.375,6.125,1.25,6.75],"texture":"#0"},"down":{"uv":[1.25,6.0,0.125,6.125],"texture":"#0"}}},{"from":[11.0,5.0,2.5],"to":[22.0,16.0,13.5],"rotation":{"angle":0.0,"axis":"y","origin":[16.5,6.5,8.0]},"faces":{"north":{"uv":[0.0,4.375,1.375,5.75],"texture":"#0"},"east":{"uv":[0.0,4.375,1.375,5.75],"texture":"#0"},"south":{"uv":[0.0,4.375,1.375,5.75],"texture":"#0"},"west":{"uv":[0.0,4.375,1.375,5.75],"texture":"#0"},"up":{"uv":[1.375,4.375,2.75,5.75],"texture":"#0"},"down":{"uv":[1.375,4.875,0.0,5.0],"texture":"#0"}}},{"from":[-6.0,5.0,2.5],"to":[5.0,16.0,13.5],"rotation":{"angle":0.0,"axis":"y","origin":[-0.5,6.5,8.0]},"faces":{"north":{"uv":[1.375,4.375,0.0,5.75],"texture":"#0"},"east":{"uv":[1.375,4.375,0.0,5.75],"texture":"#0"},"south":{"uv":[1.375,4.375,0.0,5.75],"texture":"#0"},"west":{"uv":[1.375,4.375,0.0,5.75],"texture":"#0"},"up":{"uv":[2.75,4.375,1.375,5.75],"texture":"#0"},"down":{"uv":[1.375,4.875,0.0,5.0],"texture":"#0"}}},{"from":[4.5,7.0,5.5],"to":[11.5,12.0,10.5],"rotation":{"angle":0.0,"axis":"y","origin":[-1.0,8.5,8.0]},"faces":{"north":{"uv":[0.0,6.125,0.875,6.75],"texture":"#0"},"east":{"uv":[1.375,4.375,0.0,5.75],"texture":"#0"},"south":{"uv":[0.875,6.125,0.0,6.75],"texture":"#0"},"west":{"uv":[1.375,4.375,0.0,5.75],"texture":"#0"},"up":{"uv":[0.875,6.125,0.0,6.25],"texture":"#0"},"down":{"uv":[0.625,6.625,0.5,6.75],"texture":"#0"}}},{"from":[16.52817,2.0,-0.05735],"to":[16.52817,16.0,3.94265],"rotation":{"angle":0.0,"axis":"y","origin":[16.52817,10.5,-0.55735]},"faces":{"east":{"uv":[3.25,4.375,2.75,6.125],"texture":"#0"},"west":{"uv":[2.75,4.375,3.25,6.125],"texture":"#0"}}},{"from":[-0.52817,2.0,-0.05735],"to":[-0.52817,16.0,3.94265],"rotation":{"angle":0.0,"axis":"y","origin":[-0.52817,10.5,-0.55735]},"faces":{"east":{"uv":[3.25,4.375,2.75,6.125],"texture":"#0"},"west":{"uv":[2.75,4.375,3.25,6.125],"texture":"#0"}}},{"from":[16.52817,2.0,12.05735],"to":[16.52817,16.0,16.05735],"rotation":{"angle":0.0,"axis":"y","origin":[16.52817,10.5,16.55735]},"faces":{"east":{"uv":[2.75,4.375,3.25,6.125],"texture":"#0"},"west":{"uv":[3.25,4.375,2.75,6.125],"texture":"#0"}}},{"from":[-0.52817,2.0,12.05735],"to":[-0.52817,16.0,16.05735],"rotation":{"angle":0.0,"axis":"y","origin":[-0.52817,10.5,16.55735]},"faces":{"east":{"uv":[2.75,4.375,3.25,6.125],"texture":"#0"},"west":{"uv":[3.25,4.375,2.75,6.125],"texture":"#0"}}},{"from":[20.52817,2.0,7.999],"to":[24.52817,16.0,7.999],"rotation":{"angle":0.0,"axis":"y","origin":[25.02817,10.5,7.999]},"faces":{"north":{"uv":[2.75,4.375,3.25,6.125],"texture":"#0"},"south":{"uv":[3.25,4.375,2.75,6.125],"texture":"#0"}}},{"from":[-8.52817,2.0,7.999],"to":[-4.52817,16.0,7.999],"rotation":{"angle":0.0,"axis":"y","origin":[-9.02817,10.5,7.999]},"faces":{"north":{"uv":[3.25,4.375,2.75,6.125],"texture":"#0"},"south":{"uv":[2.75,4.375,3.25,6.125],"texture":"#0"}}}],"display":{"thirdperson_righthand":{"translation":[0.0,1.0,-1.0],"rotation":[63.0,34.0,0.0],"scale":[0.31055,0.31055,0.31055]},"thirdperson_lefthand":{"translation":[0.0,1.0,-1.0],"rotation":[63.0,34.0,0.0],"scale":[0.31055,0.31055,0.31055]},"firstperson_righthand":{"translation":[9.25,0.0,-5.75],"rotation":[21.75,470.0,-16.5],"scale":[0.29688,0.29688,0.29688]},"firstperson_lefthand":{"translation":[9.25,0.0,-5.75],"rotation":[21.75,470.0,-16.5],"scale":[0.29688,0.29688,0.29688]},"ground":{"translation":[0.0,4.25,0.0],"scale":[0.26562,0.26562,0.26562]},"gui":{"rotation":[30.0,-158.0,0.0],"scale":[0.41563,0.41563,0.41563]},"head":{"translation":[0.0,-30.5,-0.75],"scale":[1.6,1.6,1.6]},"fixed":{"translation":[0.0,-3.25,-7.5]}},"credit":"Made with Blockbench","gui_light":"front"}