{"textures":{"0":"mcc:island_furniture/music/music_furni_1","particle":"mcc:island_furniture/music/music_furni_1"},"elements":[{"from":[2.5,0.0,6.0],"to":[13.5,8.0,10.0],"rotation":{"angle":0.0,"axis":"y","origin":[-0.5,0.0,0.0]},"faces":{"north":{"uv":[0.0,0.0,1.375,1.0],"texture":"#0"},"east":{"uv":[0.5,2.75,1.0,3.75],"texture":"#0"},"south":{"uv":[0.0,1.75,1.375,2.75],"texture":"#0"},"west":{"uv":[0.5,2.75,1.0,3.75],"texture":"#0"},"up":{"uv":[0.5,2.75,1.0,2.875],"texture":"#0","rotation":90},"down":{"uv":[1.0,2.875,2.375,3.375],"texture":"#0"}}},{"from":[3.5,8.0,6.0],"to":[12.5,14.0,10.0],"rotation":{"angle":0.0,"axis":"y","origin":[-0.5,0.0,0.0]},"faces":{"north":{"uv":[0.0,1.0,1.125,1.75],"texture":"#0"},"east":{"uv":[0.0,2.75,0.5,3.5],"texture":"#0"},"south":{"uv":[1.375,1.625,2.5,2.375],"texture":"#0"},"west":{"uv":[0.0,2.75,0.5,3.5],"texture":"#0"},"up":{"uv":[1.375,2.375,2.5,2.875],"texture":"#0"}}},{"from":[6.48,10.98,5.98],"to":[9.52,23.02,8.02],"rotation":{"angle":0.0,"axis":"y","origin":[-0.5,2.0,0.0]},"faces":{"north":{"uv":[2.0,0.0,2.375,1.5],"texture":"#0"},"east":{"uv":[1.75,0.125,2.0,1.625],"texture":"#0"},"south":{"uv":[1.755,0.125,1.375,1.63],"texture":"#0"},"west":{"uv":[2.0,0.125,1.75,1.625],"texture":"#0"}}},{"from":[6.98,2.98,5.73],"to":[9.02,23.02,5.73],"rotation":{"angle":0.0,"axis":"y","origin":[-0.25,1.0,0.0]},"faces":{"north":{"uv":[1.375,0.0,2.0,0.125],"texture":"#0"},"south":{"uv":[1.375,0.0,2.0,0.125],"texture":"#0"}}},{"from":[6.98,22.28177,9.40135],"to":[9.02,26.82177,9.40135],"rotation":{"angle":22.5,"axis":"x","origin":[8.25,31.87945,9.42135]},"faces":{"north":{"uv":[1.375,0.0,2.0,0.125],"texture":"#0"},"south":{"uv":[1.375,0.0,2.0,0.125],"texture":"#0"}}},{"from":[6.0,22.50314,6.4979],"to":[10.0,27.50314,8.4979],"rotation":{"angle":22.5,"axis":"x","origin":[7.5,24.00314,7.4979]},"faces":{"north":{"uv":[2.375,0.0,2.875,0.625],"texture":"#0"},"east":{"uv":[2.5,0.625,2.75,1.25],"texture":"#0"},"south":{"uv":[2.875,0.0,3.375,0.625],"texture":"#0"},"west":{"uv":[2.75,0.625,2.5,1.25],"texture":"#0"},"up":{"uv":[2.75,0.625,3.25,0.875],"texture":"#0"},"down":{"uv":[2.75,0.5,2.875,0.625],"texture":"#0"}}},{"from":[10.0,22.50314,7.4979],"to":[11.0,27.50314,7.4979],"rotation":{"angle":22.5,"axis":"x","origin":[8.0,24.00314,7.4979]},"faces":{"north":{"uv":[2.375,0.625,2.5,1.25],"texture":"#0"},"south":{"uv":[2.375,0.625,2.5,1.25],"texture":"#0"}}},{"from":[5.0,22.50314,7.4979],"to":[6.0,27.50314,7.4979],"rotation":{"angle":22.5,"axis":"x","origin":[8.0,24.00314,7.4979]},"faces":{"north":{"uv":[2.5,0.625,2.375,1.25],"texture":"#0"},"south":{"uv":[2.375,0.625,2.5,1.25],"texture":"#0"}}}],"display":{"thirdperson_righthand":{"translation":[-10.75,0.0,0.25],"rotation":[74.14,2.21,-71.65],"scale":[1.0043,1.0043,1.0043]},"thirdperson_lefthand":{"translation":[-9.5,0.0,0.25],"rotation":[74.14,2.21,-71.65],"scale":[1.0043,1.0043,1.0043]},"firstperson_righthand":{"translation":[9.5,-1.75,-5.75],"rotation":[3.0,112.0,-13.0],"scale":[0.35547,0.35547,0.35547]},"firstperson_lefthand":{"translation":[9.5,-1.75,-5.75],"rotation":[3.0,112.0,-13.0],"scale":[0.35547,0.35547,0.35547]},"gui":{"translation":[1.0,-1.5,0.0],"rotation":[-177.75,-34.53,137.13],"scale":[0.6207,0.6207,0.6207]},"head":{"translation":[0.0,-30.25,0.0],"scale":[1.6,1.6,1.6]}},"credit":"Made with Blockbench"}