{"textures":{"0":"mcc:island_furniture/music/music_3","particle":"mcc:island_furniture/music/music_3"},"elements":[{"from":[15.0,4.25,2.0],"to":[27.0,4.25,14.0],"rotation":{"angle":-45.0,"axis":"y","origin":[21.0,4.25,8.0]},"faces":{"up":{"uv":[8.5,2.375,10.125,4.0],"texture":"#0"},"down":{"uv":[8.5,2.375,10.125,4.0],"texture":"#0"}}},{"from":[-9.0,4.25,2.0],"to":[3.0,4.25,14.0],"rotation":{"angle":22.5,"axis":"y","origin":[-3.0,4.25,8.0]},"faces":{"up":{"uv":[8.5,2.375,10.125,4.0],"texture":"#0"},"down":{"uv":[8.5,2.375,10.125,4.0],"texture":"#0"}}},{"from":[20.5,3.75,8.0],"to":[21.5,4.75,8.0],"rotation":{"angle":0.0,"axis":"y","origin":[21.0,4.25,8.0]},"faces":{"north":{"uv":[0.75,7.25,0.875,7.375],"texture":"#0"},"south":{"uv":[0.75,7.25,0.875,7.375],"texture":"#0"},"up":{"uv":[0.0,6.5,1.625,8.125],"texture":"#0"},"down":{"uv":[2.75,5.0,2.875,5.125],"texture":"#0"}}},{"from":[-3.5,3.75,8.0],"to":[-2.5,4.75,8.0],"rotation":{"angle":0.0,"axis":"y","origin":[-3.0,4.25,8.0]},"faces":{"north":{"uv":[0.75,7.25,0.875,7.375],"texture":"#0"},"south":{"uv":[0.75,7.25,0.875,7.375],"texture":"#0"},"up":{"uv":[0.0,6.5,1.625,8.125],"texture":"#0"},"down":{"uv":[2.75,5.0,2.875,5.125],"texture":"#0"}}},{"from":[21.0,3.75,7.5],"to":[21.0,4.75,8.5],"rotation":{"angle":0.0,"axis":"y","origin":[21.0,4.25,8.0]},"faces":{"east":{"uv":[0.75,7.25,0.875,7.375],"texture":"#0"},"west":{"uv":[0.75,7.25,0.875,7.375],"texture":"#0"},"up":{"uv":[0.0,6.5,1.625,8.125],"texture":"#0","rotation":270},"down":{"uv":[2.75,5.0,2.875,5.125],"texture":"#0","rotation":90}}},{"from":[-3.0,3.75,7.5],"to":[-3.0,4.75,8.5],"rotation":{"angle":0.0,"axis":"y","origin":[-3.0,4.25,8.0]},"faces":{"east":{"uv":[0.75,7.25,0.875,7.375],"texture":"#0"},"west":{"uv":[0.75,7.25,0.875,7.375],"texture":"#0"},"up":{"uv":[0.0,6.5,1.625,8.125],"texture":"#0","rotation":270},"down":{"uv":[2.75,5.0,2.875,5.125],"texture":"#0","rotation":90}}},{"from":[-12.0,0.0,0.0],"to":[4.0,3.0,16.0],"rotation":{"angle":0.0,"axis":"y","origin":[8.0,10.0,8.0]},"faces":{"north":{"uv":[6.875,2.0,8.875,2.375],"texture":"#0"},"east":{"uv":[6.875,2.0,8.875,2.375],"texture":"#0"},"south":{"uv":[6.875,2.0,8.875,2.375],"texture":"#0"},"west":{"uv":[6.875,2.0,8.875,2.375],"texture":"#0"},"up":{"uv":[6.875,0.0,8.875,2.0],"texture":"#0"},"down":{"uv":[4.875,1.0,5.0,1.125],"texture":"#0"}}},{"from":[4.0,3.25,0.0],"to":[12.0,3.25,16.0],"rotation":{"angle":0.0,"axis":"y","origin":[8.0,9.25,8.0]},"faces":{"up":{"uv":[8.875,0.0,10.0,2.0],"texture":"#0"},"down":{"uv":[9.0,0.25,9.125,0.375],"texture":"#0"}}},{"from":[12.0,0.0,0.0],"to":[28.0,3.0,16.0],"rotation":{"angle":0.0,"axis":"y","origin":[8.0,10.0,8.0]},"faces":{"north":{"uv":[6.875,2.0,8.875,2.375],"texture":"#0"},"east":{"uv":[6.875,2.0,8.875,2.375],"texture":"#0"},"south":{"uv":[6.875,2.0,8.875,2.375],"texture":"#0"},"west":{"uv":[6.875,2.0,8.875,2.375],"texture":"#0"},"up":{"uv":[6.875,0.0,8.875,2.0],"texture":"#0"},"down":{"uv":[4.875,1.0,5.0,1.125],"texture":"#0"}}},{"from":[-12.0,2.5,0.0],"to":[28.0,2.5,16.0],"rotation":{"angle":0.0,"axis":"y","origin":[8.0,9.75,8.0]},"faces":{"north":{"uv":[6.875,2.0,8.875,2.375],"texture":"#0"},"east":{"uv":[6.875,2.0,8.875,2.375],"texture":"#0"},"south":{"uv":[6.875,2.0,8.875,2.375],"texture":"#0"},"west":{"uv":[6.875,2.0,8.875,2.375],"texture":"#0"},"up":{"uv":[7.0,0.25,7.125,0.625],"texture":"#0"},"down":{"uv":[7.0,0.25,7.125,0.625],"texture":"#0"}}},{"from":[14.9,2.65,1.9],"to":[27.1,3.85,14.1],"rotation":{"angle":0.0,"axis":"y","origin":[8.0,10.75,8.0]},"faces":{"north":{"uv":[4.125,8.125,5.75,8.25],"texture":"#0"},"east":{"uv":[4.125,8.25,4.25,6.625],"texture":"#0","rotation":90},"south":{"uv":[5.75,6.75,4.125,6.625],"texture":"#0"},"west":{"uv":[5.75,6.625,5.625,8.25],"texture":"#0","rotation":90},"up":{"uv":[4.125,6.625,5.75,8.25],"texture":"#0"},"down":{"uv":[2.875,5.5,3.0,5.625],"texture":"#0","rotation":90}}},{"from":[-9.1,2.65,1.9],"to":[3.1,3.85,14.1],"rotation":{"angle":0.0,"axis":"y","origin":[10.0,10.75,8.0]},"faces":{"north":{"uv":[5.75,8.125,4.125,8.25],"texture":"#0"},"east":{"uv":[5.75,8.25,5.625,6.625],"texture":"#0","rotation":90},"south":{"uv":[4.125,6.75,5.75,6.625],"texture":"#0"},"west":{"uv":[4.125,6.625,4.25,8.25],"texture":"#0","rotation":90},"up":{"uv":[5.75,6.625,4.125,8.25],"texture":"#0"},"down":{"uv":[2.875,5.625,3.0,5.5],"texture":"#0","rotation":90}}},{"from":[3.9,-0.1,-0.1],"to":[12.1,3.1,16.1],"rotation":{"angle":0.0,"axis":"y","origin":[8.0,10.0,8.0]},"faces":{"north":{"uv":[10.0,2.0,11.0,1.625],"texture":"#0"},"east":{"uv":[10.0,1.625,10.125,2.0],"texture":"#0"},"south":{"uv":[10.0,2.0,11.0,1.625],"texture":"#0"},"west":{"uv":[10.0,1.625,10.125,2.0],"texture":"#0"},"up":{"uv":[10.0,0.0,11.0,2.0],"texture":"#0"},"down":{"uv":[10.0,1.875,11.0,1.75],"texture":"#0"}}},{"from":[13.0,2.75,12.0],"to":[16.0,5.0,15.0],"rotation":{"angle":0.0,"axis":"y","origin":[22.0,7.0,10.0]},"faces":{"north":{"uv":[2.875,4.75,3.25,5.0],"texture":"#0"},"east":{"uv":[3.25,4.75,2.875,5.0],"texture":"#0"},"south":{"uv":[2.875,4.75,3.25,5.0],"texture":"#0"},"west":{"uv":[3.25,4.75,2.875,5.0],"texture":"#0"},"up":{"uv":[2.875,4.75,3.0,4.875],"texture":"#0"},"down":{"uv":[2.875,4.875,3.0,5.0],"texture":"#0"}}},{"from":[-11.0,2.75,12.0],"to":[-8.0,5.0,15.0],"rotation":{"angle":0.0,"axis":"y","origin":[-2.0,7.0,10.0]},"faces":{"north":{"uv":[2.875,4.75,3.25,5.0],"texture":"#0"},"east":{"uv":[3.25,4.75,2.875,5.0],"texture":"#0"},"south":{"uv":[2.875,4.75,3.25,5.0],"texture":"#0"},"west":{"uv":[3.25,4.75,2.875,5.0],"texture":"#0"},"up":{"uv":[2.875,4.75,3.0,4.875],"texture":"#0"},"down":{"uv":[2.875,4.875,3.0,5.0],"texture":"#0"}}},{"from":[15.0,4.75,2.75],"to":[18.0,4.75,13.75],"rotation":{"angle":-22.5,"axis":"y","origin":[16.5,4.75,8.25]},"faces":{"north":{"uv":[0.0,0.0,0.375,0.0],"texture":"#0"},"east":{"uv":[0.0,0.0,1.375,0.0],"texture":"#0"},"south":{"uv":[0.0,0.0,0.375,0.0],"texture":"#0"},"west":{"uv":[0.0,0.0,1.375,0.0],"texture":"#0"},"up":{"uv":[3.25,5.0,3.625,6.375],"texture":"#0"},"down":{"uv":[3.25,6.375,3.625,5.0],"texture":"#0"}}},{"from":[-9.0,4.75,2.75],"to":[-6.0,4.75,13.75],"rotation":{"angle":-22.5,"axis":"y","origin":[-7.5,4.75,8.25]},"faces":{"north":{"uv":[0.0,0.0,0.375,0.0],"texture":"#0"},"east":{"uv":[0.0,0.0,1.375,0.0],"texture":"#0"},"south":{"uv":[0.0,0.0,0.375,0.0],"texture":"#0"},"west":{"uv":[0.0,0.0,1.375,0.0],"texture":"#0"},"up":{"uv":[3.25,5.0,3.625,6.375],"texture":"#0"},"down":{"uv":[3.25,6.375,3.625,5.0],"texture":"#0"}}},{"from":[28.0,3.0,16.0],"to":[12.0,0.0,0.0],"rotation":{"angle":0.0,"axis":"y","origin":[-8.0,-10.0,-8.0]},"faces":{"north":{"uv":[6.875,2.375,8.875,2.0],"texture":"#0"},"east":{"uv":[6.875,2.375,8.875,2.0],"texture":"#0"},"south":{"uv":[6.875,2.375,8.875,2.0],"texture":"#0"},"west":{"uv":[6.875,2.375,8.875,2.0],"texture":"#0"},"up":{"uv":[5.0,1.0,4.875,1.125],"texture":"#0"},"down":{"uv":[8.875,0.0,6.875,2.0],"texture":"#0"}}},{"from":[4.0,3.0,16.0],"to":[-12.0,0.0,0.0],"rotation":{"angle":0.0,"axis":"y","origin":[-8.0,-10.0,-8.0]},"faces":{"north":{"uv":[6.875,2.375,8.875,2.0],"texture":"#0"},"east":{"uv":[6.875,2.375,8.875,2.0],"texture":"#0"},"south":{"uv":[6.875,2.375,8.875,2.0],"texture":"#0"},"west":{"uv":[6.875,2.375,8.875,2.0],"texture":"#0"},"up":{"uv":[5.0,1.0,4.875,1.125],"texture":"#0"},"down":{"uv":[8.875,0.0,6.875,2.0],"texture":"#0"}}}],"display":{"thirdperson_righthand":{"translation":[0.0,1.5,1.25],"rotation":[63.0,34.0,0.0],"scale":[0.26367,0.26367,0.26367]},"thirdperson_lefthand":{"translation":[0.0,1.5,1.25],"rotation":[63.0,34.0,0.0],"scale":[0.26367,0.26367,0.26367]},"firstperson_righthand":{"translation":[9.5,0.0,-5.75],"rotation":[17.5,127.25,-13.0],"scale":[0.32227,0.32227,0.32227]},"firstperson_lefthand":{"translation":[9.5,0.0,-5.75],"rotation":[17.5,127.25,-13.0],"scale":[0.32227,0.32227,0.32227]},"ground":{"translation":[0.0,4.25,0.0],"scale":[0.21484,0.21484,0.21484]},"gui":{"translation":[0.25,2.0,0.0],"rotation":[30.0,-158.0,0.0],"scale":[0.34531,0.34531,0.34531]},"head":{"translation":[0.0,-30.5,-0.75],"scale":[1.6,1.6,1.6]},"fixed":{"translation":[0.0,-3.25,-7.5]}},"credit":"Made with Blockbench","gui_light":"front"}