{"textures":{"1":"mcc:island_furniture/music/music_2","particle":"mcc:island_furniture/music/music_1","b":"mcc:island_furniture/music/music_1"},"elements":[{"from":[1.0,-2.0,0.0],"to":[17.0,14.0,17.0],"rotation":{"angle":0.0,"axis":"y","origin":[9.0,6.0,8.0]},"faces":{"north":{"uv":[0.0,13.125,2.0,15.125],"texture":"#b"},"east":{"uv":[2.0,13.125,4.125,15.125],"texture":"#b"},"south":{"uv":[2.0,13.125,0.0,15.125],"texture":"#b"},"west":{"uv":[2.0,13.125,4.125,15.125],"texture":"#b"},"up":{"uv":[4.125,13.125,6.25,15.125],"texture":"#b","rotation":90},"down":{"uv":[6.25,13.125,8.375,15.125],"texture":"#b","rotation":90}}},{"from":[1.01,-1.99,0.01],"to":[16.99,13.99,16.99],"rotation":{"angle":0.0,"axis":"y","origin":[9.0,6.0,8.0]},"faces":{"north":{"uv":[0.0,13.125,2.0,15.125],"texture":"#1","tintindex":0},"east":{"uv":[2.0,13.125,4.125,15.125],"texture":"#1","tintindex":0},"south":{"uv":[2.0,13.125,0.0,15.125],"texture":"#1","tintindex":0},"west":{"uv":[2.0,13.125,4.125,15.125],"texture":"#1","tintindex":0},"up":{"uv":[4.125,13.125,6.25,15.125],"texture":"#1","tintindex":0,"rotation":90},"down":{"uv":[6.25,13.125,8.375,15.125],"texture":"#1","tintindex":0,"rotation":90}}},{"from":[15.25,-7.0,3.0],"to":[17.25,5.0,3.0],"rotation":{"angle":22.5,"axis":"z","origin":[8.25,6.0,8.5]},"faces":{"north":{"uv":[9.75,12.625,10.0,14.125],"texture":"#b"},"south":{"uv":[10.0,12.625,9.75,14.125],"texture":"#b"}}},{"from":[0.75,-7.0,3.0],"to":[2.75,5.0,3.0],"rotation":{"angle":-22.5,"axis":"z","origin":[9.75,6.0,8.5]},"faces":{"north":{"uv":[10.0,12.625,9.75,14.125],"texture":"#b"},"south":{"uv":[9.75,12.625,10.0,14.125],"texture":"#b"}}},{"from":[8.64142,14.0,4.75092],"to":[16.64142,22.0,4.75092],"rotation":{"angle":-22.5,"axis":"y","origin":[12.64142,18.0,4.75092]},"faces":{"north":{"uv":[10.875,13.75,11.875,14.75],"texture":"#b"},"south":{"uv":[11.875,13.75,10.875,14.75],"texture":"#b"}}},{"from":[1.25,14.0,4.75],"to":[9.25,22.0,4.75],"rotation":{"angle":22.5,"axis":"y","origin":[5.25,18.0,4.75]},"faces":{"north":{"uv":[11.875,13.75,10.875,14.75],"texture":"#b"},"south":{"uv":[10.875,13.75,11.875,14.75],"texture":"#b"}}},{"from":[17.26777,3.0,17.18198],"to":[28.26777,18.0,28.18198],"rotation":{"angle":-22.5,"axis":"y","origin":[23.76777,5.5,21.68198]},"faces":{"north":{"uv":[9.5,14.125,10.875,16.0],"texture":"#b"},"east":{"uv":[9.5,14.125,10.875,16.0],"texture":"#b"},"south":{"uv":[9.5,14.125,10.875,16.0],"texture":"#b"},"west":{"uv":[9.5,14.125,10.875,16.0],"texture":"#b"},"up":{"uv":[8.375,12.75,9.75,14.125],"texture":"#b"},"down":{"uv":[8.375,12.75,9.75,14.125],"texture":"#b"}}},{"from":[17.27777,3.01,17.19198],"to":[28.25777,17.99,28.17198],"rotation":{"angle":-22.5,"axis":"y","origin":[23.76777,5.5,21.68198]},"faces":{"north":{"uv":[9.5,14.125,10.875,16.0],"texture":"#1","tintindex":0},"east":{"uv":[9.5,14.125,10.875,16.0],"texture":"#1","tintindex":0},"south":{"uv":[9.5,14.125,10.875,16.0],"texture":"#1","tintindex":0},"west":{"uv":[9.5,14.125,10.875,16.0],"texture":"#1","tintindex":0},"up":{"uv":[8.375,12.75,9.75,14.125],"texture":"#1","tintindex":0},"down":{"uv":[8.375,12.75,9.75,14.125],"texture":"#1","tintindex":0}}},{"from":[20.31596,-3.0,13.64184],"to":[20.31596,3.0,31.64184],"rotation":{"angle":22.5,"axis":"y","origin":[20.31596,-1.0,17.14184]},"faces":{"east":{"uv":[4.875,15.125,7.125,15.875],"texture":"#b"},"west":{"uv":[7.125,15.125,4.875,15.875],"texture":"#b"}}},{"from":[13.42074,-3.0,22.22317],"to":[31.42074,3.0,22.22317],"rotation":{"angle":22.5,"axis":"y","origin":[22.42074,0.0,22.22317]},"faces":{"north":{"uv":[7.125,15.125,4.875,15.875],"texture":"#b"},"south":{"uv":[4.875,15.125,7.125,15.875],"texture":"#b"}}},{"from":[-10.80939,10.0,16.79407],"to":[-0.80939,15.0,26.79407],"rotation":{"angle":22.5,"axis":"y","origin":[-5.80939,12.5,21.79407]},"faces":{"north":{"uv":[7.125,15.125,8.375,15.75],"texture":"#b"},"east":{"uv":[7.125,15.125,8.375,15.75],"texture":"#b"},"south":{"uv":[7.125,15.125,8.375,15.75],"texture":"#b"},"west":{"uv":[7.125,15.125,8.375,15.75],"texture":"#b"},"up":{"uv":[10.875,14.75,12.125,16.0],"texture":"#b"},"down":{"uv":[10.875,14.75,12.125,16.0],"texture":"#b"}}},{"from":[-5.71372,-3.0,17.02504],"to":[-5.71372,10.0,27.02504],"rotation":{"angle":-22.5,"axis":"y","origin":[-5.71372,3.5,22.02504]},"faces":{"east":{"uv":[12.125,14.375,13.375,16.0],"texture":"#b"},"west":{"uv":[13.375,14.375,12.125,16.0],"texture":"#b"}}},{"from":[-4.71372,-3.0,-11.97496],"to":[-4.71372,8.0,-2.97496],"rotation":{"angle":-45.0,"axis":"y","origin":[-4.71372,3.5,-3.97496]},"faces":{"east":{"uv":[9.5,11.375,8.375,12.75],"texture":"#b"},"west":{"uv":[8.375,11.375,9.5,12.75],"texture":"#b"}}},{"from":[-8.71372,-3.0,7.02504],"to":[-8.71372,8.0,16.02504],"rotation":{"angle":-45.0,"axis":"y","origin":[-8.71372,3.5,15.02504]},"faces":{"east":{"uv":[9.5,11.375,8.375,12.75],"texture":"#b"},"west":{"uv":[8.375,11.375,9.5,12.75],"texture":"#b"}}},{"from":[26.28628,-3.0,-14.97496],"to":[26.28628,8.0,-5.97496],"rotation":{"angle":-45.0,"axis":"y","origin":[26.28628,3.5,-6.97496]},"faces":{"east":{"uv":[9.5,11.375,8.375,12.75],"texture":"#b"},"west":{"uv":[8.375,11.375,9.5,12.75],"texture":"#b"}}},{"from":[-7.54951,-3.0,-11.38918],"to":[-7.54951,8.0,-2.38918],"rotation":{"angle":45.0,"axis":"y","origin":[-7.54951,1.5,-5.38918]},"faces":{"east":{"uv":[9.5,11.375,8.375,12.75],"texture":"#b"},"west":{"uv":[8.375,11.375,9.5,12.75],"texture":"#b"}}},{"from":[-11.54951,-3.0,7.61082],"to":[-11.54951,8.0,16.61082],"rotation":{"angle":45.0,"axis":"y","origin":[-11.54951,1.5,13.61082]},"faces":{"east":{"uv":[9.5,11.375,8.375,12.75],"texture":"#b"},"west":{"uv":[8.375,11.375,9.5,12.75],"texture":"#b"}}},{"from":[23.45049,-3.0,-14.38918],"to":[23.45049,8.0,-5.38918],"rotation":{"angle":45.0,"axis":"y","origin":[23.45049,1.5,-8.38918]},"faces":{"east":{"uv":[9.5,11.375,8.375,12.75],"texture":"#b"},"west":{"uv":[8.375,11.375,9.5,12.75],"texture":"#b"}}},{"from":[-5.78174,-3.0,-3.87141],"to":[-4.78174,28.0,-2.87141],"rotation":{"angle":0.0,"axis":"y","origin":[-5.28174,1.5,-2.87141]},"faces":{"north":{"uv":[15.75,12.125,15.875,16.0],"texture":"#b"},"east":{"uv":[15.75,12.125,15.875,16.0],"texture":"#b"},"south":{"uv":[15.75,12.125,15.875,16.0],"texture":"#b"},"west":{"uv":[15.75,12.125,15.875,16.0],"texture":"#b"},"up":{"uv":[15.875,12.75,16.0,12.875],"texture":"#b"},"down":{"uv":[15.875,15.875,16.0,16.0],"texture":"#b"}}},{"from":[-9.78174,-3.0,15.12859],"to":[-8.78174,23.0,16.12859],"rotation":{"angle":0.0,"axis":"y","origin":[-9.28174,1.5,16.12859]},"faces":{"north":{"uv":[15.875,12.75,16.0,16.0],"texture":"#b"},"east":{"uv":[15.875,12.75,16.0,16.0],"texture":"#b"},"south":{"uv":[15.875,12.75,16.0,16.0],"texture":"#b"},"west":{"uv":[15.875,12.75,16.0,16.0],"texture":"#b"},"up":{"uv":[15.875,12.75,16.0,12.875],"texture":"#b"},"down":{"uv":[15.875,15.875,16.0,16.0],"texture":"#b"}}},{"from":[25.21826,-3.0,-6.87141],"to":[26.21826,23.0,-5.87141],"rotation":{"angle":0.0,"axis":"y","origin":[25.71826,1.5,-5.87141]},"faces":{"north":{"uv":[15.875,12.75,16.0,16.0],"texture":"#b"},"east":{"uv":[15.875,12.75,16.0,16.0],"texture":"#b"},"south":{"uv":[15.875,12.75,16.0,16.0],"texture":"#b"},"west":{"uv":[15.875,12.75,16.0,16.0],"texture":"#b"},"up":{"uv":[15.875,12.75,16.0,12.875],"texture":"#b"},"down":{"uv":[15.875,15.875,16.0,16.0],"texture":"#b"}}},{"from":[16.21826,19.5,-6.37141],"to":[32.0,30.5,-6.37141],"rotation":{"angle":45.0,"axis":"y","origin":[25.60913,23.0,-6.37141]},"faces":{"north":{"uv":[5.0,11.75,6.875,13.125],"texture":"#b"},"south":{"uv":[6.875,11.75,5.0,13.125],"texture":"#b"}}},{"from":[-9.28174,23.0,15.12859],"to":[-9.28174,27.0,16.12859],"rotation":{"angle":-45.0,"axis":"y","origin":[-9.28174,26.0,15.62859]},"faces":{"east":{"uv":[15.875,12.125,16.0,12.25],"texture":"#b"},"west":{"uv":[15.875,12.25,16.0,12.75],"texture":"#b"}}},{"from":[-11.28174,27.5,-9.37141],"to":[0.71826,27.5,2.62859],"rotation":{"angle":22.5,"axis":"x","origin":[-5.28174,27.5,-3.37141]},"faces":{"up":{"uv":[6.875,11.625,8.375,13.125],"texture":"#b","rotation":180},"down":{"uv":[6.875,13.125,8.375,11.625],"texture":"#b","rotation":180}}},{"from":[-15.28174,22.0,9.62859],"to":[-3.28174,22.0,21.62859],"rotation":{"angle":-45.0,"axis":"y","origin":[-9.28174,21.0,15.62859]},"faces":{"up":{"uv":[6.875,11.625,8.375,13.125],"texture":"#b","rotation":180},"down":{"uv":[6.875,13.125,8.375,11.625],"texture":"#b","rotation":180}}},{"from":[13.46826,29.0,-6.37141],"to":[25.46826,29.0,5.62859],"rotation":{"angle":22.5,"axis":"z","origin":[19.46826,29.0,-0.37141]},"faces":{"up":{"uv":[6.875,11.625,8.375,13.125],"texture":"#b","rotation":180},"down":{"uv":[6.875,13.125,8.375,11.625],"texture":"#b","rotation":180}}},{"from":[-15.28174,21.5,9.62859],"to":[-3.28174,21.5,21.62859],"rotation":{"angle":-45.0,"axis":"y","origin":[-9.28174,21.5,15.62859]},"faces":{"up":{"uv":[6.875,11.625,8.375,13.125],"texture":"#b","rotation":90},"down":{"uv":[8.375,11.625,6.875,13.125],"texture":"#b","rotation":90}}},{"from":[-5.29951,-3.0,-3.38918],"to":[-5.29951,8.0,5.61082],"rotation":{"angle":0.0,"axis":"y","origin":[-5.29951,1.5,-0.38918]},"faces":{"east":{"uv":[8.375,11.375,9.5,12.75],"texture":"#b"},"west":{"uv":[9.5,11.375,8.375,12.75],"texture":"#b"}}},{"from":[-9.29951,-3.0,15.61082],"to":[-9.29951,8.0,24.61082],"rotation":{"angle":0.0,"axis":"y","origin":[-9.29951,1.5,18.61082]},"faces":{"east":{"uv":[8.375,11.375,9.5,12.75],"texture":"#b"},"west":{"uv":[9.5,11.375,8.375,12.75],"texture":"#b"}}},{"from":[25.70049,-3.0,-6.38918],"to":[25.70049,8.0,2.61082],"rotation":{"angle":0.0,"axis":"y","origin":[25.70049,1.5,-3.38918]},"faces":{"east":{"uv":[8.375,11.375,9.5,12.75],"texture":"#b"},"west":{"uv":[9.5,11.375,8.375,12.75],"texture":"#b"}}},{"from":[-10.71372,-3.0,22.02504],"to":[-0.71372,10.0,22.02504],"rotation":{"angle":22.5,"axis":"y","origin":[-5.71372,3.5,22.02504]},"faces":{"north":{"uv":[14.125,0.0,14.5,0.375],"texture":"#b","rotation":180},"south":{"uv":[13.375,14.375,12.125,16.0],"texture":"#b"}}},{"from":[-10.71372,-3.0,22.02504],"to":[-0.71372,10.0,22.02504],"rotation":{"angle":-22.5,"axis":"y","origin":[-5.71372,3.5,22.02504]},"faces":{"north":{"uv":[14.125,0.0,14.5,0.375],"texture":"#b","rotation":180},"south":{"uv":[12.125,14.375,13.375,16.0],"texture":"#b"}}},{"from":[13.03491,16.0,4.79716],"to":[22.03491,22.0,13.79716],"rotation":{"angle":22.5,"axis":"x","origin":[17.03491,20.5,7.79716]},"faces":{"north":{"uv":[0.0,15.125,1.125,15.875],"texture":"#b"},"east":{"uv":[0.0,15.125,1.125,15.875],"texture":"#b"},"south":{"uv":[0.0,15.125,1.125,15.875],"texture":"#b"},"west":{"uv":[0.0,15.125,1.125,15.875],"texture":"#b"},"up":{"uv":[8.375,14.875,9.5,16.0],"texture":"#b"},"down":{"uv":[8.375,16.0,9.5,14.875],"texture":"#b"}}},{"from":[-4.03491,16.0,4.79716],"to":[4.96509,22.0,13.79716],"rotation":{"angle":22.5,"axis":"x","origin":[0.96509,20.5,7.79716]},"faces":{"north":{"uv":[0.0,15.125,1.125,15.875],"texture":"#b"},"east":{"uv":[0.0,15.125,1.125,15.875],"texture":"#b"},"south":{"uv":[0.0,15.125,1.125,15.875],"texture":"#b"},"west":{"uv":[0.0,15.125,1.125,15.875],"texture":"#b"},"up":{"uv":[8.375,14.875,9.5,16.0],"texture":"#b"},"down":{"uv":[8.375,16.0,9.5,14.875],"texture":"#b"}}},{"from":[-4.02491,16.01,4.80716],"to":[4.95509,21.99,13.78716],"rotation":{"angle":22.5,"axis":"x","origin":[0.96509,20.5,7.79716]},"faces":{"north":{"uv":[0.0,15.125,1.125,15.875],"texture":"#1","tintindex":0},"east":{"uv":[0.0,15.125,1.125,15.875],"texture":"#1","tintindex":0},"south":{"uv":[0.0,15.125,1.125,15.875],"texture":"#1","tintindex":0},"west":{"uv":[0.0,15.125,1.125,15.875],"texture":"#1","tintindex":0},"up":{"uv":[8.375,14.875,9.5,16.0],"texture":"#1","tintindex":0},"down":{"uv":[8.375,16.0,9.5,14.875],"texture":"#1","tintindex":0}}},{"from":[13.04491,16.01,4.80716],"to":[22.02491,21.99,13.78716],"rotation":{"angle":22.5,"axis":"x","origin":[17.03491,20.5,7.79716]},"faces":{"north":{"uv":[0.0,15.125,1.125,15.875],"texture":"#1","tintindex":0},"east":{"uv":[0.0,15.125,1.125,15.875],"texture":"#1","tintindex":0},"south":{"uv":[0.0,15.125,1.125,15.875],"texture":"#1","tintindex":0},"west":{"uv":[0.0,15.125,1.125,15.875],"texture":"#1","tintindex":0},"up":{"uv":[8.375,14.875,9.5,16.0],"texture":"#1","tintindex":0},"down":{"uv":[8.375,16.0,9.5,14.875],"texture":"#1","tintindex":0}}},{"from":[-10.79939,10.01,16.80407],"to":[-0.81939,14.99,26.78407],"rotation":{"angle":22.5,"axis":"y","origin":[-5.80939,12.5,21.79407]},"faces":{"north":{"uv":[7.125,15.125,8.375,15.75],"texture":"#1","tintindex":0},"east":{"uv":[7.125,15.125,8.375,15.75],"texture":"#1","tintindex":0},"south":{"uv":[7.125,15.125,8.375,15.75],"texture":"#1","tintindex":0},"west":{"uv":[7.125,15.125,8.375,15.75],"texture":"#1","tintindex":0},"up":{"uv":[10.875,14.75,12.125,16.0],"texture":"#1","tintindex":0},"down":{"uv":[10.875,14.75,12.125,16.0],"texture":"#1","tintindex":0}}},{"from":[3.5,8.0,21.0],"to":[12.5,11.0,30.0],"rotation":{"angle":-22.5,"axis":"y","origin":[8.21548,4.83333,25.28452]},"faces":{"north":{"uv":[10.0,13.125,11.125,13.5],"texture":"#b"},"east":{"uv":[10.0,13.125,11.125,13.5],"texture":"#b"},"south":{"uv":[10.0,13.125,11.125,13.5],"texture":"#b"},"west":{"uv":[10.0,13.125,11.125,13.5],"texture":"#b"},"up":{"uv":[10.0,12.0,11.125,13.125],"texture":"#b"},"down":{"uv":[10.0,12.0,11.125,13.125],"texture":"#b"}}},{"from":[8.61785,-3.0,20.28452],"to":[8.61785,8.0,31.28452],"rotation":{"angle":22.5,"axis":"y","origin":[8.21548,4.83333,25.78452]},"faces":{"east":{"uv":[13.375,14.625,14.875,16.0],"texture":"#b"},"west":{"uv":[14.875,14.625,13.375,16.0],"texture":"#b"}}},{"from":[8.58722,-3.0,19.63054],"to":[8.58722,8.0,30.63054],"rotation":{"angle":-22.5,"axis":"y","origin":[8.58722,2.5,25.13054]},"faces":{"east":{"uv":[14.875,14.625,13.375,16.0],"texture":"#b"},"west":{"uv":[13.375,14.625,14.875,16.0],"texture":"#b"}}},{"from":[2.11785,-3.0,25.28452],"to":[14.11785,8.0,25.28452],"rotation":{"angle":22.5,"axis":"y","origin":[8.21548,4.83333,25.28452]},"faces":{"north":{"uv":[14.875,14.625,13.375,16.0],"texture":"#b"},"south":{"uv":[13.375,14.625,14.875,16.0],"texture":"#b"}}}],"display":{"thirdperson_righthand":{"translation":[0.0,1.0,-1.0],"rotation":[63.0,34.0,0.0],"scale":[0.24414,0.24414,0.24414]},"thirdperson_lefthand":{"translation":[0.0,1.0,-1.0],"rotation":[63.0,34.0,0.0],"scale":[0.24414,0.24414,0.24414]},"firstperson_righthand":{"translation":[9.5,0.0,-5.75],"rotation":[3.0,112.0,-13.0],"scale":[0.23438,0.23438,0.23438]},"firstperson_lefthand":{"translation":[9.5,0.0,-5.75],"rotation":[3.0,112.0,-13.0],"scale":[0.23438,0.23438,0.23438]},"ground":{"translation":[0.0,4.25,0.0],"scale":[0.26367,0.26367,0.26367]},"gui":{"translation":[0.5,0.25,0.0],"rotation":[30.0,156.5,0.0],"scale":[0.25,0.25,0.25]},"head":{"translation":[0.0,-28.25,0.0],"scale":[1.5,1.5,1.5]}},"credit":"Made with Blockbench","gui_light":"front"}