{"textures":{"1":"mcc:island_furniture/music/music_1","particle":"mcc:island_furniture/music/music_2","b":"mcc:island_furniture/music/music_2"},"elements":[{"from":[7.0,-9.0,10.0],"to":[9.0,11.0,12.0],"rotation":{"angle":-22.5,"axis":"x","origin":[8.0,0.5,11.5]},"faces":{"north":{"uv":[15.875,0.0,15.75,2.5],"texture":"#b"},"east":{"uv":[16.0,0.0,15.75,2.5],"texture":"#b"},"south":{"uv":[16.0,0.0,15.875,2.5],"texture":"#b"},"west":{"uv":[15.75,0.0,16.0,2.5],"texture":"#b"},"up":{"uv":[15.75,2.125,15.875,2.25],"texture":"#b"}}},{"from":[5.0,-10.25,2.0],"to":[11.0,-8.25,12.0],"rotation":{"angle":-22.5,"axis":"x","origin":[8.0,1.25,11.5]},"faces":{"north":{"uv":[14.75,0.0,14.875,0.25],"texture":"#b"},"east":{"uv":[15.75,0.0,14.75,0.25],"texture":"#b"},"south":{"uv":[14.75,0.0,14.875,0.25],"texture":"#b"},"west":{"uv":[14.75,0.0,15.75,0.25],"texture":"#b"},"up":{"uv":[15.0,0.25,15.75,1.25],"texture":"#b"},"down":{"uv":[15.75,0.125,14.75,0.25],"texture":"#b"}}},{"from":[0.9,-12.1,5.65],"to":[15.1,-1.9,7.85],"rotation":{"angle":0.0,"axis":"y","origin":[16.0,-3.0,14.0]},"faces":{"north":{"uv":[12.75,4.0,14.5,5.25],"texture":"#b","tintindex":0},"east":{"uv":[12.75,4.0,12.875,5.25],"texture":"#b","tintindex":0},"south":{"uv":[11.875,7.0,13.625,8.25],"texture":"#b","tintindex":0},"west":{"uv":[12.75,4.0,12.875,5.25],"texture":"#b","tintindex":0},"up":{"uv":[15.75,5.5,14.0,5.75],"texture":"#b","tintindex":0},"down":{"uv":[14.375,5.125,14.25,5.25],"texture":"#b","tintindex":0,"rotation":180}}},{"from":[0.0,-13.0,6.75],"to":[16.0,10.0,6.75],"rotation":{"angle":0.0,"axis":"y","origin":[16.0,-4.0,13.75]},"faces":{"north":{"uv":[12.75,0.0,14.75,2.875],"texture":"#b","tintindex":0},"south":{"uv":[13.75,5.5,11.75,8.375],"texture":"#b","tintindex":0}}},{"from":[0.0,-13.0,6.75],"to":[16.0,10.0,6.75],"rotation":{"angle":0.0,"axis":"y","origin":[16.0,-4.0,13.75]},"faces":{"north":{"uv":[12.75,0.0,14.75,2.875],"texture":"#1"},"south":{"uv":[14.75,0.0,12.75,2.875],"texture":"#1"}}},{"from":[1.0,-5.0,5.75],"to":[14.0,4.0,7.75],"rotation":{"angle":22.5,"axis":"z","origin":[7.5,-0.5,6.5]},"faces":{"north":{"uv":[12.875,2.875,14.5,4.0],"texture":"#b","tintindex":0},"east":{"uv":[14.75,4.0,14.5,5.125],"texture":"#b","tintindex":0},"south":{"uv":[13.25,8.375,11.625,9.5],"texture":"#b","tintindex":0},"west":{"uv":[14.5,4.125,14.75,5.25],"texture":"#b","tintindex":0},"up":{"uv":[12.75,5.25,14.375,5.5],"texture":"#b","tintindex":0},"down":{"uv":[14.5,3.875,12.875,4.0],"texture":"#b","tintindex":0}}},{"from":[0.99,-5.01,5.74],"to":[14.01,4.01,7.76],"rotation":{"angle":22.5,"axis":"z","origin":[7.5,-0.5,6.5]},"faces":{"north":{"uv":[12.875,2.875,14.5,4.0],"texture":"#1"},"east":{"uv":[14.75,4.0,14.5,5.25],"texture":"#1"},"south":{"uv":[13.25,8.375,11.625,9.5],"texture":"#1"},"west":{"uv":[14.5,4.125,14.75,5.25],"texture":"#1"},"up":{"uv":[12.75,5.25,14.375,5.5],"texture":"#1"},"down":{"uv":[14.5,3.875,12.875,4.0],"texture":"#1"}}},{"from":[0.89,-12.11,5.64],"to":[15.11,-1.89,7.86],"rotation":{"angle":0.0,"axis":"y","origin":[16.0,-3.0,14.0]},"faces":{"north":{"uv":[12.75,4.0,14.5,5.25],"texture":"#1"},"east":{"uv":[14.75,4.125,14.5,5.25],"texture":"#1"},"south":{"uv":[11.875,7.0,13.625,8.25],"texture":"#1"},"west":{"uv":[14.5,4.125,14.75,5.25],"texture":"#1"},"up":{"uv":[15.75,5.5,14.0,5.75],"texture":"#1"},"down":{"uv":[14.75,4.0,14.5,5.25],"texture":"#1","rotation":90}}},{"from":[6.0,3.0,6.0],"to":[10.0,21.0,7.0],"rotation":{"angle":0.0,"axis":"y","origin":[14.0,14.0,8.0]},"faces":{"north":{"uv":[12.25,3.0,12.75,5.25],"texture":"#b"},"east":{"uv":[14.75,3.0,14.875,5.25],"texture":"#b"},"south":{"uv":[15.25,3.0,14.75,5.25],"texture":"#b"},"west":{"uv":[15.125,3.0,15.25,5.25],"texture":"#b"},"up":{"uv":[12.75,3.0,12.25,3.125],"texture":"#b"},"down":{"uv":[12.75,3.0,12.25,3.125],"texture":"#b"}}},{"from":[6.0,-7.0,5.5],"to":[10.0,27.0,5.5],"rotation":{"angle":0.0,"axis":"y","origin":[14.0,14.0,8.0]},"faces":{"north":{"uv":[11.375,1.75,12.25,5.25],"texture":"#b"},"south":{"uv":[12.25,1.75,11.375,5.25],"texture":"#b"}}},{"from":[5.9,19.9,5.9],"to":[10.1,29.1,7.1],"rotation":{"angle":22.5,"axis":"z","origin":[8.0,23.0,6.5]},"faces":{"north":{"uv":[12.25,1.875,12.75,3.0],"texture":"#b"},"east":{"uv":[12.25,1.875,12.375,3.0],"texture":"#b"},"south":{"uv":[15.75,4.125,15.25,5.25],"texture":"#b"},"west":{"uv":[12.625,1.875,12.75,3.0],"texture":"#b"},"up":{"uv":[14.75,3.125,14.875,3.5],"texture":"#b"},"down":{"uv":[15.125,3.125,15.25,3.5],"texture":"#b"}}},{"from":[4.0,19.0,6.5],"to":[12.0,29.0,6.5],"rotation":{"angle":22.5,"axis":"z","origin":[8.0,23.0,6.0]},"faces":{"north":{"uv":[11.625,0.5,12.625,1.75],"texture":"#b"},"south":{"uv":[12.625,0.5,11.625,1.75],"texture":"#b"}}}],"display":{"thirdperson_righthand":{"translation":[1.0,1.25,2.75],"rotation":[84.0,34.0,-33.25],"scale":[0.3125,0.3125,0.3125]},"thirdperson_lefthand":{"translation":[1.0,1.25,2.75],"rotation":[84.0,34.0,-33.25],"scale":[0.3125,0.3125,0.3125]},"firstperson_righthand":{"translation":[9.5,2.0,-5.75],"rotation":[3.0,112.0,-13.0],"scale":[0.33398,0.33398,0.33398]},"firstperson_lefthand":{"translation":[9.5,2.0,-5.75],"rotation":[3.0,112.0,-13.0],"scale":[0.33398,0.33398,0.33398]},"ground":{"translation":[0.0,5.5,0.0],"scale":[0.29101,0.29101,0.29101]},"gui":{"rotation":[5.0,-165.75,-1.75],"scale":[0.33359,0.33359,0.33359]},"head":{"translation":[0.0,-19.25,0.0],"rotation":[10.0,0.0,0.0],"scale":[1.2,1.2,1.2]}},"credit":"Made with Blockbench","gui_light":"front"}