{"textures":{"0":"mcc:island_furniture/music/music_4","particle":"mcc:island_furniture/music/music_4"},"elements":[{"from":[2.0,4.5,13.875],"to":[14.0,16.5,13.875],"rotation":{"angle":0.0,"axis":"y","origin":[8.0,17.75,14.4375]},"faces":{"north":{"uv":[6.5,2.5,8.125,4.125],"texture":"#0"},"east":{"uv":[1.375,3.875,1.5,4.0],"texture":"#0"},"south":{"uv":[6.625,2.625,6.75,2.75],"texture":"#0"},"west":{"uv":[1.375,3.875,1.5,4.0],"texture":"#0"},"up":{"uv":[1.375,3.875,1.5,4.0],"texture":"#0","rotation":270},"down":{"uv":[1.375,3.875,1.5,4.0],"texture":"#0","rotation":90}}},{"from":[0.5,-3.0,14.0],"to":[15.5,19.0,16.0],"rotation":{"angle":0.0,"axis":"y","origin":[8.0,17.75,14.4375]},"faces":{"north":{"uv":[4.625,2.5,6.375,5.125],"texture":"#0"},"east":{"uv":[4.625,2.5,4.75,5.125],"texture":"#0"},"south":{"uv":[4.625,2.5,4.75,5.125],"texture":"#0"},"west":{"uv":[4.625,2.5,4.75,5.125],"texture":"#0"},"up":{"uv":[4.625,2.5,4.75,2.625],"texture":"#0"},"down":{"uv":[4.625,4.5,4.75,4.625],"texture":"#0"}}}],"display":{"thirdperson_righthand":{"translation":[-1.25,3.0,-1.5],"rotation":[63.0,34.0,0.0],"scale":[0.41992,0.41992,0.41992]},"thirdperson_lefthand":{"translation":[-1.25,3.0,-1.5],"rotation":[63.0,34.0,0.0],"scale":[0.41992,0.41992,0.41992]},"firstperson_righthand":{"translation":[8.5,-1.25,-5.75],"rotation":[3.0,112.0,-13.0],"scale":[0.41992,0.41992,0.41992]},"firstperson_lefthand":{"translation":[8.5,-1.25,-5.75],"rotation":[3.0,112.0,-13.0],"scale":[0.41992,0.41992,0.41992]},"ground":{"translation":[0.0,6.0,-2.75],"scale":[0.4082,0.4082,0.4082]},"gui":{"translation":[1.5,-1.75,0.0],"rotation":[30.0,-158.0,0.0],"scale":[0.57578,0.57578,0.57578]},"head":{"translation":[0.0,-30.5,0.0],"scale":[1.6,1.6,1.6]},"fixed":{"translation":[0.0,-3.25,-7.5]}},"credit":"Made with Blockbench","gui_light":"front"}