{"textures":{"0":"mcc:island_furniture/music/music_furni_1","1":"mcc:island_furniture/music/music_furni_2","particle":"mcc:island_furniture/music/music_furni_1"},"elements":[{"from":[-1.375,16.25,3.0],"to":[18.625,17.25,10.5],"rotation":{"angle":-22.5,"axis":"z","origin":[8.39607,16.64583,8.84219]},"faces":{"north":{"uv":[11.0,11.375,16.0,11.625],"texture":"#0","tintindex":0},"east":{"uv":[13.375,11.375,15.25,11.625],"texture":"#0","tintindex":0},"south":{"uv":[11.0,11.625,16.0,11.875],"texture":"#0","tintindex":0},"west":{"uv":[15.0,11.625,13.125,11.875],"texture":"#0","tintindex":0},"up":{"uv":[11.0,7.625,16.0,9.5],"texture":"#0","tintindex":0},"down":{"uv":[11.0,11.375,16.0,9.5],"texture":"#0","tintindex":0}}},{"from":[17.0,7.5,0.0],"to":[18.0,12.5,10.5],"rotation":{"angle":0.0,"axis":"y","origin":[8.0,5.0,10.5]},"faces":{"north":{"uv":[1.0,6.0,1.125,6.125],"texture":"#0","tintindex":0},"east":{"uv":[13.125,2.5,15.75,3.75],"texture":"#0","tintindex":0},"south":{"uv":[16.0,3.875,11.0,5.125],"texture":"#0","tintindex":0},"west":{"uv":[13.375,13.125,16.0,14.375],"texture":"#0"},"up":{"uv":[13.125,3.875,10.5,4.125],"texture":"#0","tintindex":0,"rotation":90},"down":{"uv":[11.75,0.625,11.875,0.75],"texture":"#0","tintindex":0}}},{"from":[-2.0,7.5,0.0],"to":[-1.0,12.5,10.5],"rotation":{"angle":0.0,"axis":"y","origin":[8.0,5.0,10.5]},"faces":{"north":{"uv":[1.0,6.0,1.125,6.125],"texture":"#0","tintindex":0},"east":{"uv":[8.75,2.625,11.375,3.875],"texture":"#0"},"south":{"uv":[16.0,3.875,11.0,5.125],"texture":"#0","tintindex":0},"west":{"uv":[15.75,2.5,13.125,3.75],"texture":"#0","tintindex":0},"up":{"uv":[10.5,4.375,13.125,4.125],"texture":"#0","tintindex":0,"rotation":90},"down":{"uv":[11.75,0.625,11.875,0.75],"texture":"#0","tintindex":0}}},{"from":[9.0,6.0,18.5],"to":[14.5,7.5,20.0],"rotation":{"angle":0.0,"axis":"y","origin":[17.25,5.0,2.75]},"faces":{"north":{"uv":[6.0,10.5,7.375,10.875],"texture":"#0","tintindex":0},"east":{"uv":[7.375,10.5,7.75,10.875],"texture":"#0","tintindex":0},"south":{"uv":[6.0,10.5,7.375,10.875],"texture":"#0","tintindex":0},"west":{"uv":[7.375,10.5,7.75,10.875],"texture":"#0","tintindex":0},"up":{"uv":[1.0,6.0,1.125,6.125],"texture":"#0","tintindex":0},"down":{"uv":[6.0,10.875,7.375,11.25],"texture":"#0","tintindex":0}}},{"from":[16.5,6.0,0.0],"to":[18.0,7.5,5.5],"rotation":{"angle":0.0,"axis":"y","origin":[17.25,5.0,2.75]},"faces":{"north":{"uv":[7.375,10.5,7.75,10.875],"texture":"#0","tintindex":0},"east":{"uv":[6.0,10.5,7.375,10.875],"texture":"#0","tintindex":0},"south":{"uv":[7.375,10.5,7.75,10.875],"texture":"#0","tintindex":0},"west":{"uv":[6.0,10.5,7.375,10.875],"texture":"#0","tintindex":0},"up":{"uv":[1.0,6.0,1.125,6.125],"texture":"#0","tintindex":0},"down":{"uv":[6.0,10.875,7.375,11.25],"texture":"#0","tintindex":0,"rotation":90}}},{"from":[16.5,3.0,2.0],"to":[18.0,6.0,3.5],"rotation":{"angle":0.0,"axis":"y","origin":[17.25,5.0,2.75]},"faces":{"north":{"uv":[6.75,11.25,6.375,12.0],"texture":"#0","tintindex":0},"east":{"uv":[6.0,11.25,6.375,12.0],"texture":"#0","tintindex":0},"south":{"uv":[6.75,11.25,6.375,12.0],"texture":"#0","tintindex":0},"west":{"uv":[6.0,11.25,6.375,12.0],"texture":"#0","tintindex":0},"down":{"uv":[6.75,11.25,7.125,11.625],"texture":"#0","tintindex":0}}},{"from":[-2.0,6.0,0.0],"to":[-0.5,7.5,5.5],"rotation":{"angle":0.0,"axis":"y","origin":[7.25,5.0,10.5]},"faces":{"north":{"uv":[7.75,10.5,7.375,10.875],"texture":"#0","tintindex":0},"east":{"uv":[7.375,10.5,6.0,10.875],"texture":"#0","tintindex":0},"south":{"uv":[7.75,10.5,7.375,10.875],"texture":"#0","tintindex":0},"west":{"uv":[7.375,10.5,6.0,10.875],"texture":"#0","tintindex":0},"up":{"uv":[1.0,6.0,1.125,6.125],"texture":"#0","tintindex":0},"down":{"uv":[6.0,11.25,7.375,10.875],"texture":"#0","tintindex":0,"rotation":90}}},{"from":[6.0,0.5,0.5],"to":[10.0,2.0,2.5],"rotation":{"angle":0.0,"axis":"y","origin":[18.0,5.0,10.5]},"faces":{"north":{"uv":[8.375,11.125,7.375,11.5],"texture":"#0","tintindex":0},"east":{"uv":[7.625,11.5,7.125,11.875],"texture":"#0","tintindex":0},"south":{"uv":[8.375,11.125,7.375,11.5],"texture":"#0","tintindex":0},"west":{"uv":[7.625,11.5,7.125,11.875],"texture":"#0","tintindex":0},"up":{"uv":[8.625,11.5,7.625,12.0],"texture":"#0","tintindex":0},"down":{"uv":[8.625,11.5,7.625,12.0],"texture":"#0","tintindex":0}}},{"from":[6.25,2.0,1.5],"to":[9.75,8.0,1.5],"rotation":{"angle":22.5,"axis":"x","origin":[7.75,1.25,1.5]},"faces":{"north":{"uv":[4.25,12.25,5.125,13.75],"texture":"#0"},"south":{"uv":[4.25,12.25,5.125,13.75],"texture":"#0"}}},{"from":[8.5,2.0,1.0],"to":[9.5,7.5,2.0],"rotation":{"angle":0.0,"axis":"y","origin":[18.0,5.0,10.5]},"faces":{"north":{"uv":[7.0,11.625,6.75,13.0],"texture":"#0","tintindex":0},"east":{"uv":[6.75,11.625,7.0,13.0],"texture":"#0","tintindex":0},"south":{"uv":[7.0,11.625,6.75,13.0],"texture":"#0","tintindex":0},"west":{"uv":[6.75,11.625,7.0,13.0],"texture":"#0","tintindex":0},"up":{"uv":[6.875,11.625,7.0,11.75],"texture":"#0","tintindex":0},"down":{"uv":[6.875,11.625,7.0,11.75],"texture":"#0","tintindex":0}}},{"from":[4.5,7.5,5.5],"to":[11.5,8.5,7.0],"rotation":{"angle":0.0,"axis":"y","origin":[18.0,5.0,10.5]},"faces":{"north":{"uv":[11.75,0.625,11.875,0.75],"texture":"#0","tintindex":0},"east":{"uv":[11.75,0.625,11.875,0.75],"texture":"#0","tintindex":0},"south":{"uv":[11.75,0.625,11.875,0.75],"texture":"#0","tintindex":0},"west":{"uv":[11.75,0.625,11.875,0.75],"texture":"#0","tintindex":0},"up":{"uv":[11.75,0.625,11.875,0.75],"texture":"#0","tintindex":0},"down":{"uv":[0.0,13.5,1.75,13.875],"texture":"#1","tintindex":0}}},{"from":[6.0,7.5,16.5],"to":[17.0,8.5,19.0],"rotation":{"angle":0.0,"axis":"y","origin":[18.0,5.0,10.5]},"faces":{"north":{"uv":[11.75,0.625,11.875,0.75],"texture":"#0","tintindex":0},"east":{"uv":[11.75,0.625,11.875,0.75],"texture":"#0","tintindex":0},"south":{"uv":[11.75,0.625,11.875,0.75],"texture":"#0","tintindex":0},"west":{"uv":[11.75,0.625,11.875,0.75],"texture":"#0","tintindex":0},"up":{"uv":[11.75,0.625,11.875,0.75],"texture":"#0","tintindex":0},"down":{"uv":[0.0,12.875,2.75,13.5],"texture":"#1","tintindex":0}}},{"from":[-0.5,7.5,0.0],"to":[16.5,8.5,5.5],"rotation":{"angle":0.0,"axis":"y","origin":[18.0,5.0,10.5]},"faces":{"north":{"uv":[11.75,0.625,11.875,0.75],"texture":"#0","tintindex":0},"east":{"uv":[11.75,0.625,11.875,0.75],"texture":"#0","tintindex":0},"south":{"uv":[11.75,0.625,11.875,0.75],"texture":"#0","tintindex":0},"west":{"uv":[11.75,0.625,11.875,0.75],"texture":"#0","tintindex":0},"up":{"uv":[11.75,0.625,11.875,0.75],"texture":"#0","tintindex":0},"down":{"uv":[0.0,14.625,4.25,16.0],"texture":"#1","tintindex":0}}},{"from":[6.5,2.0,1.0],"to":[7.5,7.5,2.0],"rotation":{"angle":0.0,"axis":"y","origin":[-2.0,5.0,10.5]},"faces":{"north":{"uv":[6.75,11.625,7.0,13.0],"texture":"#0","tintindex":0},"east":{"uv":[7.0,11.625,6.75,13.0],"texture":"#0","tintindex":0},"south":{"uv":[6.75,11.625,7.0,13.0],"texture":"#0","tintindex":0},"west":{"uv":[7.0,11.625,6.75,13.0],"texture":"#0","tintindex":0},"up":{"uv":[7.0,11.625,6.875,11.75],"texture":"#0","tintindex":0},"down":{"uv":[7.0,11.625,6.875,11.75],"texture":"#0","tintindex":0}}},{"from":[5.5,1.0,-2.0],"to":[10.5,1.0,0.5],"rotation":{"angle":0.0,"axis":"y","origin":[18.0,5.0,10.5]},"faces":{"up":{"uv":[9.0,10.5,7.75,11.125],"texture":"#0"},"down":{"uv":[9.0,11.125,7.75,10.5],"texture":"#0"}}},{"from":[-1.375,11.875,4.0],"to":[-0.375,20.375,4.0],"rotation":{"angle":-22.5,"axis":"z","origin":[-0.375,13.75,4.0]},"faces":{"north":{"uv":[10.75,8.5,11.0,10.5],"texture":"#0","tintindex":0},"south":{"uv":[11.0,8.5,10.75,10.5],"texture":"#0","tintindex":0}}},{"from":[3.75,10.125,0.0],"to":[12.25,13.625,0.0],"rotation":{"angle":22.5,"axis":"x","origin":[8.25,13.125,5.5]},"faces":{"north":{"uv":[8.875,7.625,11.0,8.5],"texture":"#0","tintindex":0},"south":{"uv":[8.875,7.625,11.0,8.5],"texture":"#0","tintindex":0}}},{"from":[17.5,10.0,-4.0],"to":[17.5,12.5,-1.0],"rotation":{"angle":0.0,"axis":"y","origin":[8.0,5.0,10.5]},"faces":{"east":{"uv":[11.875,3.125,12.625,3.75],"texture":"#0","tintindex":0},"west":{"uv":[12.625,3.125,11.875,3.75],"texture":"#0","tintindex":0}}},{"from":[17.0,7.5,-4.0],"to":[18.0,10.0,-1.0],"rotation":{"angle":0.0,"axis":"y","origin":[9.0,5.0,10.5]},"faces":{"north":{"uv":[12.125,2.5,12.375,3.125],"texture":"#0","tintindex":0},"east":{"uv":[12.375,2.5,13.125,3.125],"texture":"#0","tintindex":0},"west":{"uv":[13.125,2.5,12.375,3.125],"texture":"#0","tintindex":0},"up":{"uv":[12.875,3.125,13.125,3.875],"texture":"#0","tintindex":0},"down":{"uv":[11.75,0.625,11.875,0.75],"texture":"#0","tintindex":0}}},{"from":[-1.5,10.0,-4.0],"to":[-1.5,12.5,-1.0],"rotation":{"angle":0.0,"axis":"y","origin":[8.0,5.0,10.5]},"faces":{"east":{"uv":[11.875,3.125,12.625,3.75],"texture":"#0","tintindex":0},"west":{"uv":[12.625,3.125,11.875,3.75],"texture":"#0","tintindex":0}}},{"from":[-2.0,7.5,-4.0],"to":[-1.0,10.0,-1.0],"rotation":{"angle":0.0,"axis":"y","origin":[7.0,5.0,10.5]},"faces":{"north":{"uv":[12.375,2.5,12.125,3.125],"texture":"#0","tintindex":0},"east":{"uv":[12.375,2.5,13.125,3.125],"texture":"#0","tintindex":0},"west":{"uv":[13.125,2.5,12.375,3.125],"texture":"#0","tintindex":0},"up":{"uv":[13.125,3.125,12.875,3.875],"texture":"#0","tintindex":0},"down":{"uv":[11.75,0.625,11.875,0.75],"texture":"#0","tintindex":0}}},{"from":[-1.0,7.5,-4.0],"to":[17.0,9.5,-1.0],"rotation":{"angle":0.0,"axis":"y","origin":[8.0,5.0,10.5]},"faces":{"north":{"uv":[11.5,2.0,16.0,2.5],"texture":"#0","tintindex":0},"east":{"uv":[7.375,9.75,7.5,9.875],"texture":"#0","tintindex":0},"west":{"uv":[7.375,9.75,7.5,9.875],"texture":"#0","tintindex":0},"up":{"uv":[11.5,1.25,16.0,2.0],"texture":"#0","tintindex":0},"down":{"uv":[0.0,13.875,4.5,14.625],"texture":"#1","tintindex":0}}},{"from":[-2.0,7.5,-1.0],"to":[18.0,12.5,0.0],"rotation":{"angle":0.0,"axis":"y","origin":[8.0,5.0,10.5]},"faces":{"north":{"uv":[11.0,0.0,16.0,1.25],"texture":"#0","tintindex":0},"east":{"uv":[12.875,2.5,13.125,3.75],"texture":"#0","tintindex":0},"south":{"uv":[11.0,14.375,16.0,15.625],"texture":"#0"},"west":{"uv":[13.125,2.5,12.875,3.75],"texture":"#0","tintindex":0},"up":{"uv":[9.0,12.125,14.0,12.375],"texture":"#0","tintindex":0},"down":{"uv":[11.75,0.625,11.875,0.75],"texture":"#0","tintindex":0}}},{"from":[6.5,11.0,-1.0],"to":[9.5,11.5,-1.0],"rotation":{"angle":0.0,"axis":"y","origin":[8.0,5.0,10.5]},"faces":{"north":{"uv":[15.25,15.625,16.0,15.75],"texture":"#0"},"east":{"uv":[12.875,2.5,13.125,3.75],"texture":"#0"},"south":{"uv":[15.25,15.625,16.0,15.75],"texture":"#0"},"west":{"uv":[13.125,2.5,12.875,3.75],"texture":"#0"},"up":{"uv":[9.0,12.125,14.0,12.375],"texture":"#0"},"down":{"uv":[11.75,0.625,11.875,0.75],"texture":"#0"}}},{"from":[-1.0,7.5,-4.0],"to":[17.0,9.5,-1.0],"rotation":{"angle":0.0,"axis":"y","origin":[8.0,5.0,10.5]},"faces":{"north":{"uv":[8.875,13.875,13.375,14.375],"texture":"#0"},"east":{"uv":[3.125,10.25,3.375,10.5],"texture":"#0"},"west":{"uv":[3.125,10.25,3.375,10.5],"texture":"#0"},"up":{"uv":[8.875,13.125,13.375,13.875],"texture":"#0"}}},{"from":[16.5,0.5,2.0],"to":[18.0,3.0,3.5],"rotation":{"angle":0.0,"axis":"y","origin":[11.75,3.25,19.25]},"faces":{"north":{"uv":[6.75,12.0,6.375,12.625],"texture":"#0"},"east":{"uv":[6.0,12.0,6.375,12.625],"texture":"#0"},"south":{"uv":[6.75,12.0,6.375,12.625],"texture":"#0"},"west":{"uv":[6.0,12.0,6.375,12.625],"texture":"#0"},"down":{"uv":[6.75,11.25,7.125,11.625],"texture":"#0","rotation":180}}},{"from":[-2.0,0.5,2.0],"to":[-0.5,3.0,3.5],"rotation":{"angle":0.0,"axis":"y","origin":[4.25,3.25,19.25]},"faces":{"north":{"uv":[6.375,12.0,6.75,12.625],"texture":"#0"},"east":{"uv":[6.375,12.0,6.0,12.625],"texture":"#0"},"south":{"uv":[6.375,12.0,6.75,12.625],"texture":"#0"},"west":{"uv":[6.375,12.0,6.0,12.625],"texture":"#0"},"down":{"uv":[7.125,11.25,6.75,11.625],"texture":"#0","rotation":180}}},{"from":[-2.0,3.0,2.0],"to":[-0.5,6.0,3.5],"rotation":{"angle":0.0,"axis":"y","origin":[-1.25,5.0,2.75]},"faces":{"north":{"uv":[6.375,11.25,6.75,12.0],"texture":"#0","tintindex":0},"east":{"uv":[6.375,11.25,6.0,12.0],"texture":"#0","tintindex":0},"south":{"uv":[6.375,11.25,6.75,12.0],"texture":"#0","tintindex":0},"west":{"uv":[6.375,11.25,6.0,12.0],"texture":"#0","tintindex":0},"down":{"uv":[7.125,11.25,6.75,11.625],"texture":"#0","tintindex":0}}},{"from":[11.0,3.0,18.5],"to":[12.5,6.0,20.0],"rotation":{"angle":0.0,"axis":"y","origin":[-1.25,5.0,2.75]},"faces":{"north":{"uv":[6.375,11.25,6.75,12.0],"texture":"#0","tintindex":0},"east":{"uv":[6.375,11.25,6.0,12.0],"texture":"#0","tintindex":0},"south":{"uv":[6.375,11.25,6.75,12.0],"texture":"#0","tintindex":0},"west":{"uv":[6.375,11.25,6.0,12.0],"texture":"#0","tintindex":0},"down":{"uv":[7.125,11.25,6.75,11.625],"texture":"#0","tintindex":0}}},{"from":[11.0,0.5,18.5],"to":[12.5,3.0,20.0],"rotation":{"angle":0.0,"axis":"y","origin":[4.25,3.25,19.25]},"faces":{"north":{"uv":[6.375,12.0,6.75,12.625],"texture":"#0"},"east":{"uv":[6.375,12.0,6.0,12.625],"texture":"#0"},"south":{"uv":[6.375,12.0,6.75,12.625],"texture":"#0"},"west":{"uv":[6.375,12.0,6.0,12.625],"texture":"#0"},"down":{"uv":[7.125,11.25,6.75,11.625],"texture":"#0","rotation":180}}},{"from":[5.0,7.5,12.75],"to":[6.0,12.5,19.0],"rotation":{"angle":0.0,"axis":"y","origin":[8.0,5.0,16.0]},"faces":{"east":{"uv":[8.75,2.625,10.3125,3.875],"texture":"#0"},"south":{"uv":[12.75,5.125,16.0,6.375],"texture":"#0","tintindex":0},"west":{"uv":[15.28125,3.75,13.78125,5.0],"texture":"#0","tintindex":0},"up":{"uv":[11.59375,4.875,13.09375,4.625],"texture":"#0","tintindex":0,"rotation":90},"down":{"uv":[11.75,0.625,11.875,0.75],"texture":"#0","tintindex":0}}},{"from":[5.0,7.5,19.0],"to":[17.0,12.5,20.0],"rotation":{"angle":0.0,"axis":"y","origin":[8.0,5.0,16.0]},"faces":{"north":{"uv":[8.75,2.625,11.75,3.875],"texture":"#0"},"east":{"uv":[13.625,6.375,16.0,7.625],"texture":"#0","tintindex":0},"south":{"uv":[12.75,5.125,15.75,6.375],"texture":"#0","tintindex":0},"west":{"uv":[13.625,3.75,13.375,5.0],"texture":"#0","tintindex":0},"up":{"uv":[10.125,5.125,13.125,4.875],"texture":"#0","tintindex":0},"down":{"uv":[11.75,0.625,11.875,0.75],"texture":"#0","tintindex":0}}},{"from":[-1.0,10.0,0.0],"to":[17.0,10.0,20.0],"rotation":{"angle":0.0,"axis":"y","origin":[8.0,5.0,16.0]},"faces":{"north":{"uv":[8.75,2.625,11.75,3.875],"texture":"#0"},"east":{"uv":[13.625,6.375,16.0,7.625],"texture":"#0"},"south":{"uv":[12.75,5.125,15.75,6.375],"texture":"#0"},"west":{"uv":[13.625,3.75,13.375,5.0],"texture":"#0"},"up":{"uv":[0.0,5.0,4.5,0.0],"texture":"#1"},"down":{"uv":[0.0,0.0,4.5,5.0],"texture":"#1"}}},{"from":[-1.0,10.5,0.0],"to":[17.0,10.5,20.0],"rotation":{"angle":0.0,"axis":"y","origin":[8.0,5.0,16.0]},"faces":{"north":{"uv":[8.75,2.625,11.75,3.875],"texture":"#0"},"east":{"uv":[13.625,6.375,16.0,7.625],"texture":"#0"},"south":{"uv":[12.75,5.125,15.75,6.375],"texture":"#0"},"west":{"uv":[13.625,3.75,13.375,5.0],"texture":"#0"},"up":{"uv":[4.5,5.0,9.0,0.0],"texture":"#1"},"down":{"uv":[4.5,0.0,9.0,5.0],"texture":"#1"}}},{"from":[7.0,11.5,-2.5],"to":[12.5,11.5,19.0],"rotation":{"angle":-22.5,"axis":"y","origin":[8.0,11.5,10.0]},"faces":{"north":{"uv":[8.75,2.625,11.75,3.875],"texture":"#0"},"east":{"uv":[13.625,6.375,16.0,7.625],"texture":"#0"},"south":{"uv":[12.75,5.125,15.75,6.375],"texture":"#0"},"west":{"uv":[13.625,3.75,13.375,5.0],"texture":"#0"},"up":{"uv":[0.0,10.375,1.375,5.0],"texture":"#1"},"down":{"uv":[0.0,5.0,1.375,10.375],"texture":"#1"}}},{"from":[4.53649,11.25,-3.69709],"to":[10.03649,11.25,20.30291],"rotation":{"angle":22.5,"axis":"y","origin":[10.28649,11.5,9.05291]},"faces":{"north":{"uv":[8.75,2.625,11.75,3.875],"texture":"#0"},"east":{"uv":[13.625,6.375,16.0,7.625],"texture":"#0"},"south":{"uv":[12.75,5.125,15.75,6.375],"texture":"#0"},"west":{"uv":[13.625,3.75,13.375,5.0],"texture":"#0"},"up":{"uv":[1.375,11.0,2.75,5.0],"texture":"#1"},"down":{"uv":[1.375,5.0,2.75,11.0],"texture":"#1"}}},{"from":[-1.27217,10.75,-0.49195],"to":[4.22783,10.75,12.50805],"rotation":{"angle":0.0,"axis":"y","origin":[7.22783,11.25,9.50805]},"faces":{"north":{"uv":[8.75,2.625,11.75,3.875],"texture":"#0"},"east":{"uv":[13.625,6.375,16.0,7.625],"texture":"#0"},"south":{"uv":[12.75,5.125,15.75,6.375],"texture":"#0"},"west":{"uv":[13.625,3.75,13.375,5.0],"texture":"#0"},"up":{"uv":[1.375,8.25,2.75,5.0],"texture":"#1"},"down":{"uv":[1.375,5.0,2.75,8.25],"texture":"#1"}}},{"from":[12.735,10.485,-1.015],"to":[13.265,12.015,20.015],"rotation":{"angle":-22.5,"axis":"y","origin":[12.25,11.25,9.5]},"faces":{"north":{"uv":[10.875,15.25,10.75,15.625],"texture":"#0"},"east":{"uv":[16.0,15.25,10.75,15.625],"texture":"#0"},"south":{"uv":[10.875,15.25,10.75,15.625],"texture":"#0"},"west":{"uv":[16.0,15.25,10.75,15.625],"texture":"#0"},"up":{"uv":[16.0,15.375,10.75,15.25],"texture":"#0","rotation":90},"down":{"uv":[16.0,15.375,10.75,15.25],"texture":"#0","rotation":90}}},{"from":[7.235,10.485,0.985],"to":[7.765,12.015,15.515],"rotation":{"angle":-22.5,"axis":"y","origin":[12.25,11.25,9.5]},"faces":{"north":{"uv":[10.875,15.25,10.75,15.625],"texture":"#0"},"east":{"uv":[10.75,15.25,14.375,15.625],"texture":"#0"},"south":{"uv":[10.875,15.25,10.75,15.625],"texture":"#0"},"west":{"uv":[14.375,15.25,10.75,15.625],"texture":"#0"},"up":{"uv":[14.375,15.375,10.75,15.25],"texture":"#0","rotation":90},"down":{"uv":[10.75,15.375,14.375,15.25],"texture":"#0","rotation":90}}},{"from":[3.75,10.5,-0.5],"to":[4.25,12.0,12.0],"rotation":{"angle":0.0,"axis":"y","origin":[12.25,11.25,9.5]},"faces":{"north":{"uv":[10.875,15.25,10.75,15.625],"texture":"#0"},"east":{"uv":[10.75,15.25,13.875,15.625],"texture":"#0"},"south":{"uv":[10.875,15.25,10.75,15.625],"texture":"#0"},"west":{"uv":[13.875,15.25,10.75,15.625],"texture":"#0"},"up":{"uv":[13.875,15.375,10.75,15.25],"texture":"#0","rotation":90},"down":{"uv":[10.75,15.375,13.875,15.25],"texture":"#0","rotation":90}}},{"from":[0.58993,10.5,-0.2226],"to":[1.08993,12.0,10.7774],"rotation":{"angle":0.0,"axis":"y","origin":[8.33993,11.25,6.5274]},"faces":{"north":{"uv":[10.875,15.25,10.75,15.625],"texture":"#0"},"east":{"uv":[10.75,15.25,13.5,15.625],"texture":"#0"},"south":{"uv":[10.875,15.25,10.75,15.625],"texture":"#0"},"west":{"uv":[13.5,15.25,10.75,15.625],"texture":"#0"},"up":{"uv":[13.5,15.375,10.75,15.25],"texture":"#0","rotation":90},"down":{"uv":[10.75,15.375,13.5,15.25],"texture":"#0","rotation":90}}},{"from":[10.26903,10.5,-1.84567],"to":[10.76903,12.0,19.15433],"rotation":{"angle":22.5,"axis":"y","origin":[12.01903,11.25,9.40433]},"faces":{"north":{"uv":[10.875,15.25,10.75,15.625],"texture":"#0"},"east":{"uv":[16.0,15.25,10.75,15.625],"texture":"#0"},"south":{"uv":[10.875,15.25,10.75,15.625],"texture":"#0"},"west":{"uv":[16.0,15.25,10.75,15.625],"texture":"#0"},"up":{"uv":[16.0,15.375,10.75,15.25],"texture":"#0","rotation":90},"down":{"uv":[16.0,15.375,10.75,15.25],"texture":"#0","rotation":90}}},{"from":[17.0,7.5,10.5],"to":[18.0,12.5,20.0],"rotation":{"angle":0.0,"axis":"y","origin":[8.0,5.0,16.0]},"faces":{"east":{"uv":[13.625,6.375,16.0,7.625],"texture":"#0","tintindex":0},"south":{"uv":[15.75,5.125,16.0,6.375],"texture":"#0","tintindex":0},"west":{"uv":[9.125,2.625,11.5,3.875],"texture":"#0"},"up":{"uv":[14.0,11.875,11.625,12.125],"texture":"#0","tintindex":0,"rotation":90},"down":{"uv":[11.75,0.625,11.875,0.75],"texture":"#0","tintindex":0}}},{"from":[-1.24846,7.5,14.72176],"to":[7.00154,12.5,15.72176],"rotation":{"angle":-22.5,"axis":"y","origin":[11.50154,10.0,11.22176]},"faces":{"north":{"uv":[9.375,2.625,11.4375,3.875],"texture":"#0"},"east":{"uv":[9.375,2.625,9.5,3.875],"texture":"#0","tintindex":0},"south":{"uv":[14.0,11.875,16.0,13.125],"texture":"#0","tintindex":0},"west":{"uv":[8.75,2.625,8.875,3.875],"texture":"#0","tintindex":0},"up":{"uv":[13.125,4.375,11.125,4.625],"texture":"#0","tintindex":0},"down":{"uv":[11.75,0.625,11.875,0.75],"texture":"#0","tintindex":0}}},{"from":[5.615,16.24,10.49],"to":[18.635,17.26,20.01],"rotation":{"angle":-22.5,"axis":"z","origin":[8.39607,16.64583,8.84219]},"faces":{"north":{"uv":[12.25,5.875,12.375,6.0],"texture":"#0","tintindex":0},"east":{"uv":[16.0,11.375,13.625,11.625],"texture":"#0","tintindex":0},"south":{"uv":[12.75,11.625,16.0,11.875],"texture":"#0","tintindex":0},"west":{"uv":[15.125,11.625,12.75,11.875],"texture":"#0","tintindex":0},"up":{"uv":[9.5,5.25,12.75,7.625],"texture":"#0","tintindex":0},"down":{"uv":[9.5,7.625,12.75,5.25],"texture":"#0","tintindex":0}}},{"from":[-1.375,17.25,10.5],"to":[5.625,17.25,20.0],"rotation":{"angle":-22.5,"axis":"z","origin":[8.39607,16.64583,8.84219]},"faces":{"east":{"uv":[16.0,11.375,13.625,11.625],"texture":"#0","tintindex":0},"south":{"uv":[12.75,11.625,16.0,11.875],"texture":"#0","tintindex":0},"west":{"uv":[15.125,11.625,12.75,11.875],"texture":"#0","tintindex":0},"up":{"uv":[9.25,0.0,11.0,2.375],"texture":"#0","tintindex":0},"down":{"uv":[9.25,2.375,11.0,0.0],"texture":"#0","tintindex":0}}}],"display":{"thirdperson_righthand":{"translation":[0.0,1.0,-1.0],"rotation":[63.0,34.0,0.0],"scale":[0.17969,0.17969,0.17969]},"thirdperson_lefthand":{"translation":[0.0,1.0,-1.0],"rotation":[63.0,34.0,0.0],"scale":[0.17969,0.17969,0.17969]},"firstperson_righthand":{"translation":[9.5,0.0,-5.75],"rotation":[3.0,112.0,-13.0],"scale":[0.16797,0.16797,0.16797]},"firstperson_lefthand":{"translation":[9.5,0.0,-5.75],"rotation":[3.0,112.0,-13.0],"scale":[0.16797,0.16797,0.16797]},"ground":{"translation":[0.0,4.25,0.0],"scale":[0.14648,0.14648,0.14648]},"gui":{"translation":[0.0,-0.75,0.0],"rotation":[30.0,-158.0,0.0],"scale":[0.50742,0.50742,0.50742]},"head":{"translation":[0.0,-19.25,0.0],"scale":[3.2,3.2,3.2]},"fixed":{"translation":[0.0,-3.25,-7.5]}},"credit":"Made with Blockbench","gui_light":"front"}