{"textures":{"0":"mcc:island_furniture/music/music_1","particle":"mcc:island_furniture/music/music_1"},"elements":[{"from":[4.0,-4.0,4.0],"to":[12.0,-1.0,12.0],"rotation":{"angle":0.0,"axis":"y","origin":[8.0,4.0,8.0]},"faces":{"north":{"uv":[6.625,1.125,7.625,1.5],"texture":"#0"},"east":{"uv":[6.625,1.125,7.625,1.5],"texture":"#0"},"south":{"uv":[6.625,1.125,7.625,1.5],"texture":"#0"},"west":{"uv":[6.625,1.125,7.625,1.5],"texture":"#0"},"up":{"uv":[6.625,0.125,7.625,1.125],"texture":"#0"},"down":{"uv":[6.625,0.125,7.625,1.125],"texture":"#0"}}},{"from":[4.0,-1.0,7.0],"to":[6.0,24.0,9.0],"rotation":{"angle":0.0,"axis":"z","origin":[5.0,11.5,8.0]},"faces":{"north":{"uv":[8.25,0.0,8.5,3.125],"texture":"#0"},"east":{"uv":[8.25,0.0,8.5,3.125],"texture":"#0"},"south":{"uv":[8.25,0.0,8.5,3.125],"texture":"#0"},"west":{"uv":[8.25,0.0,8.5,3.125],"texture":"#0"}}},{"from":[3.0,23.0,6.0],"to":[8.0,28.0,10.0],"rotation":{"angle":22.5,"axis":"z","origin":[5.5,25.5,8.0]},"faces":{"north":{"uv":[7.625,0.875,8.25,1.5],"texture":"#0"},"east":{"uv":[7.625,0.25,8.125,0.875],"texture":"#0"},"south":{"uv":[8.25,0.875,7.625,1.5],"texture":"#0"},"west":{"uv":[7.625,0.25,8.125,0.875],"texture":"#0"},"up":{"uv":[7.625,0.25,8.125,0.375],"texture":"#0"},"down":{"uv":[7.375,0.875,7.5,1.0],"texture":"#0"}}},{"from":[3.0,-2.0,8.0],"to":[23.0,29.0,8.0],"rotation":{"angle":0.0,"axis":"z","origin":[5.5,22.5,8.0]},"faces":{"north":{"uv":[9.0,0.0,11.5,3.875],"texture":"#0"},"south":{"uv":[11.5,0.0,9.0,3.875],"texture":"#0"}}},{"from":[9.0,-2.0,5.0],"to":[13.0,16.0,11.0],"rotation":{"angle":-22.5,"axis":"z","origin":[10.0,-2.5,8.0]},"faces":{"north":{"uv":[8.5,0.0,9.0,2.25],"texture":"#0"},"east":{"uv":[7.75,3.125,8.5,5.375],"texture":"#0"},"south":{"uv":[8.5,0.0,9.0,2.25],"texture":"#0"},"west":{"uv":[7.75,3.125,8.5,5.375],"texture":"#0"},"up":{"uv":[9.0,0.0,8.5,0.125],"texture":"#0"},"down":{"uv":[7.75,5.375,8.5,5.5],"texture":"#0","rotation":90}}},{"from":[10.0,16.0,6.0],"to":[13.0,23.0,10.0],"rotation":{"angle":-22.5,"axis":"z","origin":[10.0,-2.5,8.0]},"faces":{"north":{"uv":[8.5,2.25,8.875,3.125],"texture":"#0"},"east":{"uv":[7.25,4.0,7.75,4.875],"texture":"#0"},"south":{"uv":[8.875,2.25,8.5,3.125],"texture":"#0"},"west":{"uv":[7.25,4.0,7.75,4.875],"texture":"#0"},"up":{"uv":[7.25,4.0,7.75,4.125],"texture":"#0"}}}],"display":{"thirdperson_righthand":{"translation":[-1.0,-0.25,-0.25],"rotation":[63.0,34.0,0.0],"scale":[0.36133,0.36133,0.36133]},"thirdperson_lefthand":{"translation":[-1.0,-0.25,-0.25],"rotation":[63.0,-159.0,0.0],"scale":[0.36133,0.36133,0.36133]},"firstperson_righthand":{"translation":[9.5,0.0,-4.75],"rotation":[3.0,112.0,-13.0],"scale":[0.29883,0.29883,0.29883]},"firstperson_lefthand":{"translation":[9.5,0.0,-4.75],"rotation":[3.0,112.0,-13.0],"scale":[0.29883,0.29883,0.29883]},"ground":{"translation":[0.0,4.25,0.0],"scale":[0.36718,0.36718,0.36718]},"gui":{"translation":[1.0,-1.25,0.0],"rotation":[30.0,-158.0,0.0],"scale":[0.44297,0.44297,0.44297]},"head":{"translation":[0.0,-24.0,-0.75],"scale":[1.6,1.6,1.6]},"fixed":{"translation":[0.0,-3.25,-7.5]}},"credit":"Made with Blockbench","gui_light":"front"}