{"textures":{"1":"mcc:island_furniture/music/music_3","particle":"mcc:island_furniture/music/music_3","b":"mcc:island_furniture/music/music_2"},"elements":[{"from":[-10.0,13.0,2.0],"to":[26.0,16.0,14.0],"rotation":{"angle":0.0,"axis":"y","origin":[8.0,10.0,31.0]},"faces":{"north":{"uv":[4.5,1.625,0.0,2.0],"texture":"#b","tintindex":0},"east":{"uv":[4.5,0.0,6.0,0.5],"texture":"#b","tintindex":0},"south":{"uv":[0.0,2.125,4.5,2.5],"texture":"#b","tintindex":0},"west":{"uv":[4.5,0.0,6.0,0.5],"texture":"#b","tintindex":0},"up":{"uv":[0.0,1.5,4.5,0.0],"texture":"#b","tintindex":0},"down":{"uv":[4.25,2.375,4.5,2.5],"texture":"#b","tintindex":0}}},{"from":[-9.98,13.02,2.02],"to":[25.98,15.98,13.98],"rotation":{"angle":0.0,"axis":"y","origin":[8.0,10.0,31.0]},"faces":{"north":{"uv":[4.5,1.625,0.0,2.0],"texture":"#1"},"east":{"uv":[4.5,0.0,6.0,0.5],"texture":"#1"},"south":{"uv":[0.0,2.125,4.5,2.5],"texture":"#1"},"west":{"uv":[4.5,0.0,6.0,0.5],"texture":"#1"},"up":{"uv":[0.0,1.5,4.5,0.0],"texture":"#1"},"down":{"uv":[4.25,2.375,4.5,2.5],"texture":"#1"}}},{"from":[-6.0,0.0,-1.0],"to":[-4.0,2.0,17.0],"rotation":{"angle":0.0,"axis":"y","origin":[-14.0,8.0,8.0]},"faces":{"north":{"uv":[2.875,2.625,2.625,2.875],"texture":"#b"},"east":{"uv":[2.625,2.625,0.375,2.875],"texture":"#b"},"south":{"uv":[2.875,2.625,2.625,2.875],"texture":"#b"},"west":{"uv":[2.625,2.625,0.375,2.875],"texture":"#b"},"up":{"uv":[2.625,2.625,0.375,2.75],"texture":"#b","rotation":90},"down":{"uv":[2.625,2.75,0.375,2.875],"texture":"#b","rotation":90}}},{"from":[-6.0,11.0,-1.0],"to":[-4.0,13.0,17.0],"rotation":{"angle":0.0,"axis":"y","origin":[-14.0,8.0,8.0]},"faces":{"north":{"uv":[2.875,2.625,2.625,2.875],"texture":"#b"},"east":{"uv":[2.625,2.625,0.375,2.875],"texture":"#b"},"south":{"uv":[2.875,2.625,2.625,2.875],"texture":"#b"},"west":{"uv":[2.625,2.625,0.375,2.875],"texture":"#b"},"up":{"uv":[2.625,2.625,0.375,2.75],"texture":"#b","rotation":90},"down":{"uv":[2.625,2.75,0.375,2.875],"texture":"#b","rotation":90}}},{"from":[20.0,11.0,-1.0],"to":[22.0,13.0,17.0],"rotation":{"angle":0.0,"axis":"y","origin":[30.0,8.0,8.0]},"faces":{"north":{"uv":[2.625,2.625,2.875,2.875],"texture":"#b"},"east":{"uv":[0.375,2.625,2.625,2.875],"texture":"#b"},"south":{"uv":[2.625,2.625,2.875,2.875],"texture":"#b"},"west":{"uv":[0.375,2.625,2.625,2.875],"texture":"#b"},"up":{"uv":[2.625,2.75,0.375,2.625],"texture":"#b","rotation":90},"down":{"uv":[2.625,2.875,0.375,2.75],"texture":"#b","rotation":90}}},{"from":[20.0,0.0,-1.0],"to":[22.0,2.0,17.0],"rotation":{"angle":0.0,"axis":"y","origin":[30.0,8.0,8.0]},"faces":{"north":{"uv":[2.625,2.625,2.875,2.875],"texture":"#b"},"east":{"uv":[0.375,2.625,2.625,2.875],"texture":"#b"},"south":{"uv":[2.625,2.625,2.875,2.875],"texture":"#b"},"west":{"uv":[0.375,2.625,2.625,2.875],"texture":"#b"},"up":{"uv":[2.625,2.75,0.375,2.625],"texture":"#b","rotation":90},"down":{"uv":[2.625,2.875,0.375,2.75],"texture":"#b","rotation":90}}},{"from":[-6.0,0.0,3.0],"to":[22.0,15.0,3.0],"rotation":{"angle":0.0,"axis":"y","origin":[-14.0,8.0,8.0]},"faces":{"north":{"uv":[3.5,14.125,0.0,16.0],"texture":"#1"},"east":{"uv":[0.375,2.625,0.25,2.875],"texture":"#b"},"south":{"uv":[3.5,14.125,0.0,16.0],"texture":"#1"},"west":{"uv":[2.625,2.625,0.375,2.875],"texture":"#b"},"up":{"uv":[0.0,2.625,0.375,2.75],"texture":"#b"},"down":{"uv":[0.375,2.75,0.625,2.875],"texture":"#b","rotation":90}}},{"from":[-6.0,0.0,13.0],"to":[22.0,15.0,13.0],"rotation":{"angle":0.0,"axis":"y","origin":[-14.0,8.0,8.0]},"faces":{"north":{"uv":[3.5,14.125,0.0,16.0],"texture":"#1"},"east":{"uv":[0.375,2.625,0.25,2.875],"texture":"#b"},"south":{"uv":[3.5,14.125,0.0,16.0],"texture":"#1"},"west":{"uv":[2.625,2.625,0.375,2.875],"texture":"#b"},"up":{"uv":[0.0,2.625,0.375,2.75],"texture":"#b"},"down":{"uv":[0.375,2.75,0.625,2.875],"texture":"#b","rotation":90}}}],"display":{"thirdperson_righthand":{"translation":[-0.25,0.0,-2.25],"rotation":[63.0,34.0,0.0],"scale":[0.33984,0.33984,0.33984]},"thirdperson_lefthand":{"translation":[-0.25,0.0,-2.25],"rotation":[63.0,34.0,0.0],"scale":[0.33984,0.33984,0.33984]},"firstperson_righthand":{"translation":[9.5,-3.5,-8.75],"rotation":[15.0,135.5,-13.0],"scale":[0.32227,0.32227,0.32227]},"firstperson_lefthand":{"translation":[9.5,-3.5,-8.75],"rotation":[15.0,135.5,-13.0],"scale":[0.32227,0.32227,0.32227]},"ground":{"translation":[0.0,-0.25,0.0],"scale":[0.28125,0.28125,0.28125]},"gui":{"rotation":[30.0,-158.0,0.0],"scale":[0.37852,0.40781,0.40781]},"head":{"translation":[0.0,-30.5,0.0],"scale":[1.6,1.6,1.6]},"fixed":{"translation":[0.0,-3.25,-7.5]}},"credit":"Made with Blockbench","gui_light":"front"}