{"textures":{"1":"mcc:island_furniture/music/music_3","b":"mcc:island_furniture/music/music_2","particle":"mcc:island_furniture/music/music_3"},"elements":[{"from":[-10.0,15.0,2.0],"to":[26.0,18.0,14.0],"rotation":{"angle":0.0,"axis":"y","origin":[8.0,10.0,31.0]},"faces":{"north":{"uv":[4.5,1.625,0.0,2.0],"texture":"#b","tintindex":0},"east":{"uv":[4.5,0.0,6.0,0.5],"texture":"#b","tintindex":0},"south":{"uv":[0.0,2.125,4.5,2.5],"texture":"#b","tintindex":0},"west":{"uv":[4.5,0.0,6.0,0.5],"texture":"#b","tintindex":0},"up":{"uv":[0.0,1.5,4.5,0.0],"texture":"#b","tintindex":0},"down":{"uv":[4.25,2.375,4.5,2.5],"texture":"#b","tintindex":0}}},{"from":[-9.98,15.02,2.02],"to":[25.98,17.98,13.98],"rotation":{"angle":0.0,"axis":"y","origin":[8.0,10.0,31.0]},"faces":{"north":{"uv":[4.5,1.625,0.0,2.0],"texture":"#1"},"east":{"uv":[4.5,0.0,6.0,0.5],"texture":"#1"},"south":{"uv":[0.0,2.125,4.5,2.5],"texture":"#1"},"west":{"uv":[4.5,0.0,6.0,0.5],"texture":"#1"},"up":{"uv":[0.0,1.5,4.5,0.0],"texture":"#1"},"down":{"uv":[4.25,2.375,4.5,2.5],"texture":"#1"}}}],"display":{"thirdperson_righthand":{"translation":[-0.25,0.0,-2.25],"rotation":[63.0,34.0,0.0],"scale":[0.33984,0.33984,0.33984]},"thirdperson_lefthand":{"translation":[-0.25,0.0,-2.25],"rotation":[63.0,34.0,0.0],"scale":[0.33984,0.33984,0.33984]},"firstperson_righthand":{"translation":[9.5,-4.25,-5.75],"rotation":[15.0,135.5,-13.0],"scale":[0.32227,0.32227,0.32227]},"firstperson_lefthand":{"translation":[9.5,-4.25,-5.75],"rotation":[15.0,135.5,-13.0],"scale":[0.32227,0.32227,0.32227]},"ground":{"translation":[0.0,-0.25,0.0],"scale":[0.28125,0.28125,0.28125]},"gui":{"translation":[0.0,-2.5,0.0],"rotation":[30.0,-158.0,0.0],"scale":[0.37852,0.40781,0.40781]},"head":{"translation":[0.0,-54.5,-0.75],"scale":[1.6,1.6,1.6]},"fixed":{"translation":[0.0,-3.25,-7.5]}},"credit":"Made with Blockbench","gui_light":"front"}