{"textures":{"0":"mcc:island_furniture/music/music_4","particle":"mcc:island_furniture/music/music_4"},"elements":[{"from":[0.0,0.0,0.0],"to":[16.0,28.0,16.0],"rotation":{"angle":0.0,"axis":"y","origin":[16.0,8.0,12.0]},"faces":{"north":{"uv":[4.0,8.875,6.0,12.375],"texture":"#0"},"east":{"uv":[8.0,8.875,6.0,12.375],"texture":"#0"},"south":{"uv":[8.0,8.875,6.0,12.375],"texture":"#0"},"west":{"uv":[8.0,8.875,6.0,12.375],"texture":"#0"},"up":{"uv":[4.0,12.375,6.0,14.375],"texture":"#0"},"down":{"uv":[6.25,11.375,6.375,11.5],"texture":"#0"}}}],"display":{"thirdperson_righthand":{"translation":[0.0,1.0,-1.0],"rotation":[63.0,34.0,0.0],"scale":[0.32422,0.32422,0.32422]},"thirdperson_lefthand":{"translation":[0.0,1.0,-1.0],"rotation":[63.0,34.0,0.0],"scale":[0.32422,0.32422,0.32422]},"firstperson_righthand":{"translation":[9.5,-1.5,-5.25],"rotation":[3.0,112.0,-13.0],"scale":[0.26563,0.26563,0.26563]},"firstperson_lefthand":{"translation":[9.5,-1.5,-5.25],"rotation":[3.0,112.0,-13.0],"scale":[0.26563,0.26563,0.26563]},"ground":{"translation":[0.0,4.25,0.0],"scale":[0.32226,0.32226,0.32226]},"gui":{"translation":[-0.25,-2.25,0.0],"rotation":[30.0,-158.0,0.0],"scale":[0.43125,0.43125,0.43125]},"head":{"translation":[0.0,-30.5,-0.75],"scale":[1.6,1.6,1.6]},"fixed":{"translation":[0.0,-3.25,-7.5]}},"credit":"Made with Blockbench","gui_light":"front"}