{"textures":{"0":"mcc:island_furniture/music/music_4","particle":"mcc:island_furniture/music/music_4"},"elements":[{"from":[-1.0,0.0,-1.0],"to":[17.0,2.0,17.0],"faces":{"north":{"uv":[10.25,12.125,12.5,12.375],"texture":"#0"},"east":{"uv":[10.25,12.125,12.5,12.375],"texture":"#0"},"south":{"uv":[10.25,12.125,12.5,12.375],"texture":"#0"},"west":{"uv":[10.25,12.125,12.5,12.375],"texture":"#0"},"up":{"uv":[8.0,10.125,10.25,12.375],"texture":"#0"},"down":{"uv":[10.25,12.25,12.5,12.375],"texture":"#0"}}},{"from":[0.0,2.25,0.0],"to":[16.0,2.25,16.0],"faces":{"up":{"uv":[8.0,7.875,10.25,10.125],"texture":"#0"},"down":{"uv":[0.0,0.0,0.125,0.125],"texture":"#0"}}}],"display":{"thirdperson_righthand":{"translation":[0.0,1.0,1.75],"rotation":[63.0,34.0,0.0],"scale":[0.4043,0.4043,0.4043]},"thirdperson_lefthand":{"translation":[0.0,1.0,1.75],"rotation":[63.0,34.0,0.0],"scale":[0.4043,0.4043,0.4043]},"firstperson_righthand":{"translation":[10.75,0.0,-5.75],"rotation":[18.25,112.0,-13.0],"scale":[0.41992,0.41992,0.41992]},"firstperson_lefthand":{"translation":[10.75,0.0,-5.75],"rotation":[18.25,112.0,-13.0],"scale":[0.41992,0.41992,0.41992]},"ground":{"translation":[0.0,4.25,0.0],"scale":[0.35156,0.35156,0.35156]},"gui":{"translation":[-0.25,3.25,0.0],"rotation":[30.0,-158.0,0.0],"scale":[0.5875,0.5875,0.5875]},"head":{"translation":[0.0,-34.25,-0.75],"scale":[1.13516,1.13516,1.13516]},"fixed":{"translation":[0.0,-3.25,-7.5]}},"credit":"Made with Blockbench","gui_light":"front"}