{"textures":{"0":"mcc:island_furniture/music/music_3","particle":"mcc:island_furniture/music/music_3"},"elements":[{"from":[4.0,0.0,4.0],"to":[12.0,2.0,12.0],"rotation":{"angle":-45.0,"axis":"y","origin":[8.0,1.0,8.0]},"faces":{"north":{"uv":[4.5,4.0,5.5,4.25],"texture":"#0"},"east":{"uv":[4.5,4.0,5.5,4.25],"texture":"#0"},"south":{"uv":[4.5,4.0,5.5,4.25],"texture":"#0"},"west":{"uv":[4.5,4.0,5.5,4.25],"texture":"#0"},"up":{"uv":[4.5,4.25,5.5,5.25],"texture":"#0"},"down":{"uv":[4.5,4.125,4.625,4.25],"texture":"#0"}}},{"from":[7.2,1.2,7.2],"to":[8.8,27.8,8.8],"rotation":{"angle":-45.0,"axis":"y","origin":[8.0,14.5,8.0]},"faces":{"north":{"uv":[6.375,0.5,6.25,3.625],"texture":"#0"},"east":{"uv":[6.125,0.5,6.375,3.625],"texture":"#0"},"south":{"uv":[6.25,0.5,6.125,3.625],"texture":"#0"},"west":{"uv":[6.375,0.5,6.125,3.625],"texture":"#0"},"up":{"uv":[6.375,0.625,6.875,0.75],"texture":"#0"},"down":{"uv":[6.375,0.625,6.875,0.75],"texture":"#0"}}},{"from":[6.0,25.0,7.0],"to":[10.0,27.0,10.0],"rotation":{"angle":22.5,"axis":"x","origin":[8.0,27.5,9.0]},"faces":{"north":{"uv":[6.375,0.5,6.875,0.75],"texture":"#0"},"east":{"uv":[6.375,0.5,6.875,0.75],"texture":"#0"},"south":{"uv":[6.375,0.5,6.875,0.75],"texture":"#0"},"west":{"uv":[6.375,0.5,6.875,0.75],"texture":"#0"},"up":{"uv":[6.375,0.5,6.875,0.625],"texture":"#0"},"down":{"uv":[6.375,0.625,6.875,0.75],"texture":"#0"}}},{"from":[6.5,25.25,1.5],"to":[9.5,28.25,8.5],"rotation":{"angle":22.5,"axis":"x","origin":[7.5,17.25,7.5]},"faces":{"east":{"uv":[4.5,3.5,5.375,3.875],"texture":"#0"},"south":{"uv":[4.5,3.5,4.625,3.875],"texture":"#0"},"west":{"uv":[5.375,3.5,4.5,3.875],"texture":"#0"},"up":{"uv":[5.375,3.625,4.5,3.5],"texture":"#0","rotation":90},"down":{"uv":[5.375,3.75,4.5,3.875],"texture":"#0","rotation":270}}},{"from":[7.0,25.75,8.5],"to":[9.0,27.75,11.5],"rotation":{"angle":22.5,"axis":"x","origin":[7.0,17.25,7.5]},"faces":{"north":{"uv":[4.75,3.5,4.875,3.75],"texture":"#0"},"east":{"uv":[4.5,3.5,4.875,3.75],"texture":"#0"},"south":{"uv":[4.5,3.5,4.625,3.75],"texture":"#0"},"west":{"uv":[4.875,3.5,4.5,3.75],"texture":"#0"},"up":{"uv":[4.625,3.5,4.75,3.625],"texture":"#0"},"down":{"uv":[4.5,3.625,4.875,3.75],"texture":"#0","rotation":90}}},{"from":[9.25,2.5,1.75],"to":[9.25,27.5,14.75],"rotation":{"angle":22.5,"axis":"x","origin":[7.5,17.75,7.5]},"faces":{"east":{"uv":[4.5,0.5,6.125,3.5],"texture":"#0"},"west":{"uv":[6.125,0.5,4.5,3.5],"texture":"#0"}}},{"from":[7.83102,21.75,11.23252],"to":[7.83102,28.75,17.23252],"rotation":{"angle":45.0,"axis":"y","origin":[8.33102,25.25,14.73252]},"faces":{"east":{"uv":[2.375,12.25,3.125,13.125],"texture":"#0"},"west":{"uv":[3.125,12.25,2.375,13.125],"texture":"#0"}}},{"from":[6.0,24.75,-2.5],"to":[10.0,28.75,1.5],"rotation":{"angle":22.5,"axis":"x","origin":[7.0,16.75,7.5]},"faces":{"north":{"uv":[5.5,4.0,6.0,4.5],"texture":"#0"},"east":{"uv":[5.375,3.5,5.875,4.0],"texture":"#0"},"south":{"uv":[5.375,3.625,5.5,3.5],"texture":"#0","rotation":270},"west":{"uv":[5.875,3.5,5.375,4.0],"texture":"#0"},"up":{"uv":[5.375,3.625,5.875,3.5],"texture":"#0","rotation":270},"down":{"uv":[5.375,4.0,5.875,3.875],"texture":"#0","rotation":270}}}],"display":{"thirdperson_righthand":{"translation":[0.0,-0.75,-1.0],"rotation":[63.0,47.5,0.0],"scale":[0.4043,0.4043,0.4043]},"thirdperson_lefthand":{"translation":[0.0,-0.75,-1.0],"rotation":[63.0,47.5,0.0],"scale":[0.4043,0.4043,0.4043]},"firstperson_righthand":{"translation":[11.0,-3.0,-5.75],"rotation":[-32.5,448.75,26.5],"scale":[0.29297,0.29297,0.29297]},"firstperson_lefthand":{"translation":[11.0,-3.0,-5.75],"rotation":[-32.5,448.75,26.5],"scale":[0.29297,0.29297,0.29297]},"ground":{"translation":[0.0,-0.25,0.0],"scale":[0.43945,0.43945,0.43945]},"gui":{"translation":[0.25,-2.5,0.0],"rotation":[30.0,-135.75,0.0],"scale":[0.50156,0.50156,0.50156]},"head":{"translation":[0.0,-33.75,0.0],"scale":[1.2,1.2,1.2]},"fixed":{"translation":[0.0,-3.25,-7.5]}},"credit":"Made with Blockbench","gui_light":"front"}