{"textures":{"0":"mcc:island_furniture/music/music_3","particle":"mcc:island_furniture/music/music_3"},"elements":[{"from":[6.0,-3.0,6.0],"to":[10.0,-1.0,10.0],"rotation":{"angle":0.0,"axis":"y","origin":[7.70966,-3.125,8.29034]},"faces":{"north":{"uv":[4.5,4.0,5.5,4.25],"texture":"#0"},"east":{"uv":[4.5,4.0,5.5,4.25],"texture":"#0"},"south":{"uv":[4.5,4.0,5.5,4.25],"texture":"#0"},"west":{"uv":[4.5,4.0,5.5,4.25],"texture":"#0"},"up":{"uv":[4.625,4.375,4.75,4.625],"texture":"#0","rotation":90},"down":{"uv":[4.5,4.125,4.625,4.25],"texture":"#0","rotation":270}}},{"from":[8.0,-6.5,-3.0],"to":[8.0,-1.5,7.0],"rotation":{"angle":0.0,"axis":"y","origin":[8.0,-4.0,2.0]},"faces":{"north":{"uv":[4.5,4.0,5.5,4.25],"texture":"#0"},"east":{"uv":[6.75,4.5,5.5,5.125],"texture":"#0"},"south":{"uv":[4.5,4.0,5.5,4.25],"texture":"#0"},"west":{"uv":[5.5,4.5,6.75,5.125],"texture":"#0"},"up":{"uv":[4.5,4.25,5.5,5.25],"texture":"#0","rotation":270},"down":{"uv":[4.5,4.125,4.625,4.25],"texture":"#0","rotation":90}}},{"from":[4.0,-6.5,7.0],"to":[4.0,-1.5,17.0],"rotation":{"angle":-45.0,"axis":"y","origin":[4.0,-4.0,12.0]},"faces":{"north":{"uv":[5.5,4.0,4.5,4.25],"texture":"#0"},"east":{"uv":[5.5,4.5,6.75,5.125],"texture":"#0"},"south":{"uv":[5.5,4.0,4.5,4.25],"texture":"#0"},"west":{"uv":[6.75,4.5,5.5,5.125],"texture":"#0"},"up":{"uv":[5.5,4.25,4.5,5.25],"texture":"#0","rotation":270},"down":{"uv":[4.625,4.125,4.5,4.25],"texture":"#0","rotation":90}}},{"from":[12.0,-6.5,7.0],"to":[12.0,-1.5,17.0],"rotation":{"angle":45.0,"axis":"y","origin":[12.0,-4.0,12.0]},"faces":{"north":{"uv":[4.5,4.0,5.5,4.25],"texture":"#0"},"east":{"uv":[5.5,4.5,6.75,5.125],"texture":"#0"},"south":{"uv":[4.5,4.0,5.5,4.25],"texture":"#0"},"west":{"uv":[6.75,4.5,5.5,5.125],"texture":"#0"},"up":{"uv":[5.5,5.25,4.5,4.25],"texture":"#0","rotation":270},"down":{"uv":[4.625,4.25,4.5,4.125],"texture":"#0","rotation":90}}},{"from":[7.2,-1.8,7.2],"to":[8.8,18.8,8.8],"rotation":{"angle":-45.0,"axis":"y","origin":[8.0,11.5,8.0]},"faces":{"north":{"uv":[6.625,0.75,6.5,3.875],"texture":"#0"},"east":{"uv":[6.375,0.75,6.625,3.875],"texture":"#0"},"south":{"uv":[6.5,0.75,6.375,3.875],"texture":"#0"},"west":{"uv":[6.625,0.75,6.375,3.875],"texture":"#0"},"up":{"uv":[6.375,0.625,6.875,0.75],"texture":"#0"},"down":{"uv":[6.375,0.625,6.875,0.75],"texture":"#0"}}},{"from":[6.5,17.2,6.45],"to":[9.5,20.2,9.45],"rotation":{"angle":45.0,"axis":"x","origin":[8.0,18.7,7.95]},"faces":{"north":{"uv":[6.0,4.125,6.125,4.5],"texture":"#0"},"east":{"uv":[6.0,4.125,6.375,4.5],"texture":"#0"},"south":{"uv":[6.0,4.125,6.125,4.5],"texture":"#0"},"west":{"uv":[6.0,4.125,6.375,4.5],"texture":"#0"},"up":{"uv":[6.0,4.125,6.125,4.25],"texture":"#0"},"down":{"uv":[6.0,4.375,6.375,4.5],"texture":"#0"}}},{"from":[7.2,10.2,7.2],"to":[8.8,30.8,8.8],"rotation":{"angle":-45.0,"axis":"x","origin":[8.0,20.5,8.0]},"faces":{"north":{"uv":[6.5,0.75,6.375,3.875],"texture":"#0"},"east":{"uv":[6.625,0.75,6.375,3.875],"texture":"#0"},"south":{"uv":[6.625,0.75,6.5,3.875],"texture":"#0"},"west":{"uv":[6.375,0.75,6.625,3.875],"texture":"#0"},"up":{"uv":[6.375,0.625,6.875,0.75],"texture":"#0","rotation":180},"down":{"uv":[6.5,3.75,6.375,3.875],"texture":"#0","rotation":270}}},{"from":[6.0,24.75,1.0],"to":[10.0,26.75,4.0],"rotation":{"angle":-22.5,"axis":"x","origin":[8.0,27.25,3.0]},"faces":{"north":{"uv":[6.375,0.5,6.875,0.75],"texture":"#0"},"east":{"uv":[6.375,0.5,6.875,0.75],"texture":"#0"},"south":{"uv":[6.375,0.5,6.875,0.75],"texture":"#0"},"west":{"uv":[6.375,0.5,6.875,0.75],"texture":"#0"},"up":{"uv":[6.375,0.5,6.875,0.625],"texture":"#0"},"down":{"uv":[6.375,0.625,6.875,0.75],"texture":"#0"}}},{"from":[6.5,25.29734,-0.66152],"to":[9.5,28.29734,6.33848],"rotation":{"angle":0.0,"axis":"x","origin":[8.08333,26.79734,2.67181]},"faces":{"east":{"uv":[4.5,3.5,5.375,3.875],"texture":"#0"},"south":{"uv":[4.5,3.5,4.625,3.875],"texture":"#0"},"west":{"uv":[5.375,3.5,4.5,3.875],"texture":"#0"},"up":{"uv":[5.375,3.625,4.5,3.5],"texture":"#0","rotation":90},"down":{"uv":[5.375,3.75,4.5,3.875],"texture":"#0"}}},{"from":[8.25,5.50928,0.14714],"to":[8.25,28.50928,12.39714],"rotation":{"angle":0.0,"axis":"x","origin":[8.08333,5.54734,-3.32819]},"faces":{"east":{"uv":[4.5,0.5,6.0,3.375],"texture":"#0"},"west":{"uv":[6.0,0.5,4.5,3.375],"texture":"#0"}}},{"from":[8.25,-5.49072,0.14714],"to":[8.25,5.50928,12.39714],"rotation":{"angle":0.0,"axis":"x","origin":[8.08333,-17.45266,-3.32819]},"faces":{"east":{"uv":[4.5,3.125,6.0,1.75],"texture":"#0"},"west":{"uv":[6.0,3.125,4.5,1.75],"texture":"#0"}}},{"from":[6.0,24.75,-4.47018],"to":[10.0,28.75,-0.47018],"rotation":{"angle":0.0,"axis":"x","origin":[8.08333,26.79734,2.67181]},"faces":{"north":{"uv":[5.5,4.0,6.0,4.5],"texture":"#0"},"east":{"uv":[5.375,3.5,5.875,4.0],"texture":"#0"},"south":{"uv":[5.375,3.625,5.5,3.5],"texture":"#0","rotation":270},"west":{"uv":[5.875,3.5,5.375,4.0],"texture":"#0"},"up":{"uv":[5.375,3.625,5.875,3.5],"texture":"#0","rotation":270},"down":{"uv":[5.875,3.875,5.375,4.0],"texture":"#0","rotation":270}}}],"display":{"thirdperson_righthand":{"translation":[0.0,-0.75,-1.0],"rotation":[63.0,47.5,0.0],"scale":[0.4043,0.4043,0.4043]},"thirdperson_lefthand":{"translation":[0.0,-0.75,-1.0],"rotation":[63.0,47.5,0.0],"scale":[0.4043,0.4043,0.4043]},"firstperson_righthand":{"translation":[9.75,-0.75,-5.75],"rotation":[-29.0,448.75,29.75],"scale":[0.29297,0.29297,0.29297]},"firstperson_lefthand":{"translation":[9.75,-0.75,-5.75],"rotation":[-29.0,448.75,29.75],"scale":[0.29297,0.29297,0.29297]},"ground":{"translation":[0.0,4.25,0.0],"scale":[0.34961,0.34961,0.34961]},"gui":{"translation":[-0.25,-0.75,0.0],"rotation":[30.0,-135.75,0.0],"scale":[0.40586,0.40586,0.40586]},"head":{"translation":[0.0,-27.0,0.0],"scale":[1.2,1.2,1.2]},"fixed":{"translation":[0.0,-3.25,-7.5]}},"credit":"Made with Blockbench","gui_light":"front"}