{"textures":{"1":"mcc:island_furniture/music/music_3"},"elements":[{"from":[-16.0,-1.0,0.0],"to":[16.0,3.0,16.0],"faces":{"north":{"uv":[11.625,11.5,15.625,12.0],"texture":"#1"},"east":{"uv":[13.625,11.5,11.625,12.0],"texture":"#1"},"south":{"uv":[7.625,15.375,11.625,15.875],"texture":"#1"},"west":{"uv":[11.625,11.5,13.625,12.0],"texture":"#1"},"up":{"uv":[11.625,14.0,15.625,16.0],"texture":"#1"},"down":{"uv":[11.625,9.5,15.625,11.5],"texture":"#1"}}},{"from":[4.0,3.0,4.0],"to":[7.0,4.0,4.0],"faces":{"north":{"uv":[11.25,15.875,11.625,16.0],"texture":"#1"},"south":{"uv":[11.625,15.875,11.25,16.0],"texture":"#1"},"up":{"uv":[11.625,14.0,15.625,16.0],"texture":"#1"}}},{"from":[-8.0,3.0,4.0],"to":[-5.0,4.0,4.0],"faces":{"north":{"uv":[11.25,15.875,11.625,16.0],"texture":"#1"},"south":{"uv":[11.625,15.875,11.25,16.0],"texture":"#1"},"up":{"uv":[11.625,14.0,15.625,16.0],"texture":"#1"}}},{"from":[-16.0,3.25,0.0],"to":[16.0,3.25,16.0],"faces":{"up":{"uv":[11.625,12.0,15.625,14.0],"texture":"#1"},"down":{"uv":[11.625,14.0,15.625,12.0],"texture":"#1"}}},{"from":[-4.0,3.0,3.0],"to":[-1.0,4.0,3.0],"faces":{"north":{"uv":[11.25,15.875,11.625,16.0],"texture":"#1"},"south":{"uv":[11.625,15.875,11.25,16.0],"texture":"#1"},"up":{"uv":[11.625,14.0,15.625,16.0],"texture":"#1"}}},{"from":[0.0,3.0,5.25],"to":[3.0,4.0,5.25],"faces":{"north":{"uv":[11.25,15.875,11.625,16.0],"texture":"#1"},"south":{"uv":[11.625,15.875,11.25,16.0],"texture":"#1"},"up":{"uv":[11.625,14.0,15.625,16.0],"texture":"#1"}}},{"from":[8.0,3.0,5.25],"to":[11.0,4.0,5.25],"faces":{"north":{"uv":[11.25,15.875,11.625,16.0],"texture":"#1"},"south":{"uv":[11.625,15.875,11.25,16.0],"texture":"#1"},"up":{"uv":[11.625,14.0,15.625,16.0],"texture":"#1"}}},{"from":[12.0,3.0,3.0],"to":[15.0,4.0,3.0],"faces":{"north":{"uv":[11.25,15.875,11.625,16.0],"texture":"#1"},"south":{"uv":[11.625,15.875,11.25,16.0],"texture":"#1"},"up":{"uv":[11.625,14.0,15.625,16.0],"texture":"#1"}}},{"from":[-15.99,0.22371,5.8536],"to":[15.99,2.20371,15.8336],"rotation":{"angle":22.5,"axis":"x","origin":[0.0,0.21371,7.8436]},"faces":{"north":{"uv":[12.5,11.875,12.625,12.0],"texture":"#1"},"east":{"uv":[12.5,11.875,12.625,12.0],"texture":"#1"},"south":{"uv":[12.5,11.875,12.625,12.0],"texture":"#1"},"west":{"uv":[12.5,11.875,12.625,12.0],"texture":"#1"},"up":{"uv":[12.5,11.875,12.625,12.0],"texture":"#1"},"down":{"uv":[11.625,9.5,15.625,10.75],"texture":"#1"}}}],"display":{"thirdperson_righthand":{"translation":[1.25,3.0,0.0],"rotation":[46.25,34.0,0.0],"scale":[0.31641,0.31641,0.31641]},"thirdperson_lefthand":{"translation":[-2.5,0.0,1.25],"rotation":[46.25,34.0,0.0],"scale":[0.31641,0.31641,0.31641]},"firstperson_righthand":{"translation":[8.0,0.0,-8.5],"rotation":[-105.25,61.5,457.25],"scale":[0.41992,0.41992,0.41992]},"firstperson_lefthand":{"translation":[9.5,0.0,-3.75],"rotation":[-105.25,61.5,457.25],"scale":[0.41992,0.41992,0.41992]},"ground":{"translation":[2.0,4.25,0.0],"scale":[0.26562,0.26562,0.26562]},"gui":{"translation":[-2.75,1.0,0.0],"rotation":[44.0,-158.0,0.0],"scale":[0.4,0.4,0.4]},"head":{"translation":[0.0,-28.0,-1.75],"rotation":[-11.0,0.0,0.0],"scale":[1.6,1.6,1.6]},"fixed":{"translation":[0.0,-3.25,-7.5]}},"credit":"Made with Blockbench","gui_light":"front"}