{"textures":{"0":"mcc:island_furniture/music/music_furni_1","1":"mcc:island_furniture/music/vinyl_anim","particle":"mcc:island_furniture/music/music_furni_1"},"elements":[{"from":[0.0,1.0,2.0],"to":[16.0,4.0,14.0],"faces":{"north":{"uv":[1.125,5.625,1.25,5.75],"texture":"#0"},"east":{"uv":[1.125,5.625,1.25,5.75],"texture":"#0"},"south":{"uv":[1.125,5.625,1.25,5.75],"texture":"#0"},"west":{"uv":[1.125,5.625,1.25,5.75],"texture":"#0"},"up":{"uv":[2.0,3.5,4.0,5.0],"texture":"#0"},"down":{"uv":[1.125,5.625,1.25,5.75],"texture":"#0"}}},{"from":[0.0,1.0,2.0],"to":[16.0,4.0,14.0],"rotation":{"angle":0.0,"axis":"y","origin":[-17.0,0.0,0.0]},"faces":{"north":{"uv":[2.125,11.125,4.125,11.5],"texture":"#0"},"east":{"uv":[2.125,11.5,3.625,11.875],"texture":"#0"},"south":{"uv":[2.125,11.125,4.125,11.5],"texture":"#0"},"west":{"uv":[2.125,11.5,3.625,11.875],"texture":"#0"},"up":{"uv":[2.125,9.625,4.125,11.125],"texture":"#0"},"down":{"uv":[2.125,11.125,4.125,9.625],"texture":"#0"}}},{"from":[1.0,4.0,9.75],"to":[3.0,6.0,11.75],"rotation":{"angle":0.0,"axis":"y","origin":[1.0,0.0,0.0]},"faces":{"north":{"uv":[0.0,8.875,0.25,9.125],"texture":"#0"},"east":{"uv":[0.0,8.875,0.25,9.125],"texture":"#0"},"south":{"uv":[0.0,8.875,0.25,9.125],"texture":"#0"},"west":{"uv":[0.0,8.875,0.25,9.125],"texture":"#0"},"up":{"uv":[0.25,8.875,0.5,9.125],"texture":"#0"},"down":{"uv":[0.5,8.875,0.75,9.125],"texture":"#0"}}},{"from":[3.55133,5.0,4.45776],"to":[4.55133,5.0,13.45776],"rotation":{"angle":-45.0,"axis":"y","origin":[4.80133,5.25,8.95776]},"faces":{"up":{"uv":[1.375,3.75,1.5,4.875],"texture":"#0"},"down":{"uv":[1.375,4.875,1.5,3.75],"texture":"#0"}}},{"from":[0.0,7.8033,4.81802],"to":[16.0,10.8033,16.81802],"rotation":{"angle":45.0,"axis":"x","origin":[8.0,9.3033,10.81802]},"faces":{"north":{"uv":[2.0,5.125,4.0,5.5],"texture":"#0"},"east":{"uv":[2.0,6.25,3.5,6.625],"texture":"#0"},"south":{"uv":[2.0,5.5,4.0,5.875],"texture":"#0"},"west":{"uv":[2.0,6.25,3.5,6.625],"texture":"#0"},"up":{"uv":[2.0,6.625,4.0,8.125],"texture":"#0"},"down":{"uv":[0.0,5.0,0.125,5.125],"texture":"#0"}}},{"from":[0.0,7.8033,4.81802],"to":[16.0,10.8033,16.81802],"rotation":{"angle":45.0,"axis":"x","origin":[-9.0,9.3033,10.81802]},"faces":{"north":{"uv":[2.625,7.375,2.75,7.5],"texture":"#0"},"east":{"uv":[2.625,7.375,2.75,7.5],"texture":"#0"},"south":{"uv":[2.0,5.875,4.0,6.25],"texture":"#0"},"west":{"uv":[2.625,7.375,2.75,7.5],"texture":"#0"},"up":{"uv":[2.125,11.875,4.125,13.375],"texture":"#0"},"down":{"uv":[0.0,5.0,0.125,5.125],"texture":"#0"}}},{"from":[1.0,0.0,3.0],"to":[15.0,1.0,13.0],"faces":{"north":{"uv":[0.0,7.375,1.75,7.5],"texture":"#0"},"east":{"uv":[0.0,7.5,1.25,7.625],"texture":"#0"},"south":{"uv":[0.0,7.375,1.75,7.5],"texture":"#0"},"west":{"uv":[1.25,7.5,0.0,7.625],"texture":"#0"},"up":{"uv":[0.0,7.625,1.75,8.875],"texture":"#0"},"down":{"uv":[0.0,7.625,1.75,8.875],"texture":"#0"}}},{"from":[16.0,10.8033,16.81802],"to":[0.0,7.8033,4.81802],"rotation":{"angle":45.0,"axis":"x","origin":[8.0,9.3033,10.81802]},"faces":{"north":{"uv":[2.0,5.875,4.0,5.5],"texture":"#0"},"east":{"uv":[2.0,6.625,3.5,6.25],"texture":"#0"},"south":{"uv":[2.0,5.5,4.0,5.125],"texture":"#0"},"west":{"uv":[2.0,6.625,3.5,6.25],"texture":"#0"},"up":{"uv":[0.125,5.0,0.0,5.125],"texture":"#0"},"down":{"uv":[4.0,6.625,2.0,8.125],"texture":"#0"}}},{"from":[16.0,10.8033,16.81802],"to":[0.0,7.8033,4.81802],"rotation":{"angle":45.0,"axis":"x","origin":[-9.0,9.3033,10.81802]},"faces":{"north":{"uv":[2.0,6.25,4.0,5.875],"texture":"#0"},"east":{"uv":[2.625,7.5,2.75,7.375],"texture":"#0"},"south":{"uv":[2.625,7.5,2.75,7.375],"texture":"#0"},"west":{"uv":[2.625,7.5,2.75,7.375],"texture":"#0"},"up":{"uv":[0.125,5.0,0.0,5.125],"texture":"#0"},"down":{"uv":[4.125,11.875,2.125,13.375],"texture":"#0"}}},{"from":[5.0,4.5,3.0],"to":[15.0,4.5,13.0],"rotation":{"angle":0.0,"axis":"y","origin":[-11.0,4.5,8.0]},"faces":{"north":{"uv":[0.0,0.0,0.125,0.125],"texture":"#1"},"east":{"uv":[0.0,0.0,0.125,0.125],"texture":"#1"},"south":{"uv":[0.0,0.0,0.125,0.125],"texture":"#1"},"west":{"uv":[0.0,0.0,0.125,0.125],"texture":"#1"},"up":{"uv":[0.0,0.0,2.75,2.75],"texture":"#1"},"down":{"uv":[0.0,0.0,2.75,2.75],"texture":"#1"}}},{"from":[5.0,4.5,3.0],"to":[15.0,4.5,13.0],"rotation":{"angle":-22.5,"axis":"y","origin":[10.0,4.5,8.0]},"faces":{"north":{"uv":[0.0,0.0,0.125,0.125],"texture":"#1"},"east":{"uv":[0.0,0.0,0.125,0.125],"texture":"#1"},"south":{"uv":[0.0,0.0,0.125,0.125],"texture":"#1"},"west":{"uv":[0.0,0.0,0.125,0.125],"texture":"#1"},"up":{"uv":[0.0,3.0,2.75,5.75],"texture":"#1"},"down":{"uv":[0.0,3.0,2.75,5.75],"texture":"#1"}}},{"from":[5.0,4.5,3.0],"to":[15.0,4.5,13.0],"rotation":{"angle":-45.0,"axis":"y","origin":[10.0,4.5,8.0]},"faces":{"north":{"uv":[0.0,0.0,0.125,0.125],"texture":"#1"},"east":{"uv":[0.0,0.0,0.125,0.125],"texture":"#1"},"south":{"uv":[0.0,0.0,0.125,0.125],"texture":"#1"},"west":{"uv":[0.0,0.0,0.125,0.125],"texture":"#1"},"up":{"uv":[0.0,6.0,2.75,8.75],"texture":"#1"},"down":{"uv":[0.0,6.0,2.75,8.75],"texture":"#1"}}},{"from":[5.0,4.5,3.0],"to":[15.0,4.5,13.0],"rotation":{"angle":22.5,"axis":"y","origin":[10.0,4.5,8.0]},"faces":{"north":{"uv":[0.0,0.0,0.125,0.125],"texture":"#1"},"east":{"uv":[0.0,0.0,0.125,0.125],"texture":"#1"},"south":{"uv":[0.0,0.0,0.125,0.125],"texture":"#1"},"west":{"uv":[0.0,0.0,0.125,0.125],"texture":"#1"},"up":{"uv":[0.0,9.0,2.75,11.75],"texture":"#1","rotation":90},"down":{"uv":[0.0,9.0,2.75,11.75],"texture":"#1","rotation":90}}},{"from":[5.0,4.5,3.0],"to":[15.0,4.5,13.0],"rotation":{"angle":0.0,"axis":"y","origin":[10.0,4.5,8.0]},"faces":{"north":{"uv":[0.0,0.0,0.125,0.125],"texture":"#1"},"east":{"uv":[0.0,0.0,0.125,0.125],"texture":"#1"},"south":{"uv":[0.0,0.0,0.125,0.125],"texture":"#1"},"west":{"uv":[0.0,0.0,0.125,0.125],"texture":"#1"},"up":{"uv":[6.0,0.0,8.75,2.75],"texture":"#1","rotation":90},"down":{"uv":[6.0,0.0,8.75,2.75],"texture":"#1","rotation":90}}},{"from":[5.0,4.5,3.0],"to":[15.0,4.5,13.0],"rotation":{"angle":-22.5,"axis":"y","origin":[10.0,4.5,8.0]},"faces":{"north":{"uv":[0.0,0.0,0.125,0.125],"texture":"#1"},"east":{"uv":[0.0,0.0,0.125,0.125],"texture":"#1"},"south":{"uv":[0.0,0.0,0.125,0.125],"texture":"#1"},"west":{"uv":[0.0,0.0,0.125,0.125],"texture":"#1"},"up":{"uv":[6.0,3.0,8.75,5.75],"texture":"#1","rotation":90},"down":{"uv":[6.0,3.0,8.75,5.75],"texture":"#1","rotation":90}}},{"from":[5.0,4.5,3.0],"to":[15.0,4.5,13.0],"rotation":{"angle":-45.0,"axis":"y","origin":[10.0,4.5,8.0]},"faces":{"north":{"uv":[0.0,0.0,0.125,0.125],"texture":"#1"},"east":{"uv":[0.0,0.0,0.125,0.125],"texture":"#1"},"south":{"uv":[0.0,0.0,0.125,0.125],"texture":"#1"},"west":{"uv":[0.0,0.0,0.125,0.125],"texture":"#1"},"up":{"uv":[6.0,6.0,8.75,8.75],"texture":"#1","rotation":90},"down":{"uv":[6.0,6.0,8.75,8.75],"texture":"#1","rotation":90}}},{"from":[5.0,4.5,3.0],"to":[15.0,4.5,13.0],"rotation":{"angle":22.5,"axis":"y","origin":[10.0,4.5,8.0]},"faces":{"north":{"uv":[0.0,0.0,0.125,0.125],"texture":"#1"},"east":{"uv":[0.0,0.0,0.125,0.125],"texture":"#1"},"south":{"uv":[0.0,0.0,0.125,0.125],"texture":"#1"},"west":{"uv":[0.0,0.0,0.125,0.125],"texture":"#1"},"up":{"uv":[6.0,9.0,8.75,11.75],"texture":"#1","rotation":180},"down":{"uv":[6.0,9.0,8.75,11.75],"texture":"#1","rotation":180}}},{"from":[5.0,4.5,3.0],"to":[15.0,4.5,13.0],"rotation":{"angle":22.5,"axis":"y","origin":[10.0,4.5,8.0]},"faces":{"north":{"uv":[0.0,0.0,0.125,0.125],"texture":"#1"},"east":{"uv":[0.0,0.0,0.125,0.125],"texture":"#1"},"south":{"uv":[0.0,0.0,0.125,0.125],"texture":"#1"},"west":{"uv":[0.0,0.0,0.125,0.125],"texture":"#1"},"up":{"uv":[8.75,9.0,11.5,11.75],"texture":"#1","tintindex":0,"rotation":180},"down":{"uv":[8.75,9.0,11.5,11.75],"texture":"#1","tintindex":0,"rotation":180}}},{"from":[5.0,4.5,3.0],"to":[15.0,4.5,13.0],"rotation":{"angle":-45.0,"axis":"y","origin":[10.0,4.5,8.0]},"faces":{"north":{"uv":[0.0,0.0,0.125,0.125],"texture":"#1"},"east":{"uv":[0.0,0.0,0.125,0.125],"texture":"#1"},"south":{"uv":[0.0,0.0,0.125,0.125],"texture":"#1"},"west":{"uv":[0.0,0.0,0.125,0.125],"texture":"#1"},"up":{"uv":[8.75,6.0,11.5,8.75],"texture":"#1","tintindex":0,"rotation":90},"down":{"uv":[8.75,6.0,11.5,8.75],"texture":"#1","tintindex":0,"rotation":90}}},{"from":[5.0,4.5,3.0],"to":[15.0,4.5,13.0],"rotation":{"angle":-22.5,"axis":"y","origin":[10.0,4.5,8.0]},"faces":{"north":{"uv":[0.0,0.0,0.125,0.125],"texture":"#1"},"east":{"uv":[0.0,0.0,0.125,0.125],"texture":"#1"},"south":{"uv":[0.0,0.0,0.125,0.125],"texture":"#1"},"west":{"uv":[0.0,0.0,0.125,0.125],"texture":"#1"},"up":{"uv":[8.75,3.0,11.5,5.75],"texture":"#1","tintindex":0,"rotation":90},"down":{"uv":[8.75,3.0,11.5,5.75],"texture":"#1","tintindex":0,"rotation":90}}},{"from":[5.0,4.5,3.0],"to":[15.0,4.5,13.0],"rotation":{"angle":0.0,"axis":"y","origin":[10.0,4.5,8.0]},"faces":{"north":{"uv":[0.0,0.0,0.125,0.125],"texture":"#1"},"east":{"uv":[0.0,0.0,0.125,0.125],"texture":"#1"},"south":{"uv":[0.0,0.0,0.125,0.125],"texture":"#1"},"west":{"uv":[0.0,0.0,0.125,0.125],"texture":"#1"},"up":{"uv":[8.75,0.0,11.5,2.75],"texture":"#1","tintindex":0,"rotation":90},"down":{"uv":[8.75,0.0,11.5,2.75],"texture":"#1","tintindex":0,"rotation":90}}},{"from":[5.0,4.5,3.0],"to":[15.0,4.5,13.0],"rotation":{"angle":22.5,"axis":"y","origin":[10.0,4.5,8.0]},"faces":{"north":{"uv":[0.0,0.0,0.125,0.125],"texture":"#1"},"east":{"uv":[0.0,0.0,0.125,0.125],"texture":"#1"},"south":{"uv":[0.0,0.0,0.125,0.125],"texture":"#1"},"west":{"uv":[0.0,0.0,0.125,0.125],"texture":"#1"},"up":{"uv":[2.75,9.0,5.5,11.75],"texture":"#1","tintindex":0,"rotation":90},"down":{"uv":[2.75,9.0,5.5,11.75],"texture":"#1","tintindex":0,"rotation":90}}},{"from":[5.0,4.5,3.0],"to":[15.0,4.5,13.0],"rotation":{"angle":-45.0,"axis":"y","origin":[10.0,4.5,8.0]},"faces":{"north":{"uv":[0.0,0.0,0.125,0.125],"texture":"#1"},"east":{"uv":[0.0,0.0,0.125,0.125],"texture":"#1"},"south":{"uv":[0.0,0.0,0.125,0.125],"texture":"#1"},"west":{"uv":[0.0,0.0,0.125,0.125],"texture":"#1"},"up":{"uv":[2.75,6.0,5.5,8.75],"texture":"#1","tintindex":0},"down":{"uv":[2.75,6.0,5.5,8.75],"texture":"#1","tintindex":0}}},{"from":[5.0,4.5,3.0],"to":[15.0,4.5,13.0],"rotation":{"angle":-22.5,"axis":"y","origin":[10.0,4.5,8.0]},"faces":{"north":{"uv":[0.0,0.0,0.125,0.125],"texture":"#1"},"east":{"uv":[0.0,0.0,0.125,0.125],"texture":"#1"},"south":{"uv":[0.0,0.0,0.125,0.125],"texture":"#1"},"west":{"uv":[0.0,0.0,0.125,0.125],"texture":"#1"},"up":{"uv":[2.75,3.0,5.5,5.75],"texture":"#1","tintindex":0},"down":{"uv":[2.75,3.0,5.5,5.75],"texture":"#1","tintindex":0}}},{"from":[5.0,4.5,3.0],"to":[15.0,4.5,13.0],"rotation":{"angle":0.0,"axis":"y","origin":[-11.0,4.5,8.0]},"faces":{"north":{"uv":[0.0,0.0,0.125,0.125],"texture":"#1"},"east":{"uv":[0.0,0.0,0.125,0.125],"texture":"#1"},"south":{"uv":[0.0,0.0,0.125,0.125],"texture":"#1"},"west":{"uv":[0.0,0.0,0.125,0.125],"texture":"#1"},"up":{"uv":[2.75,0.0,5.5,2.75],"texture":"#1","tintindex":0},"down":{"uv":[2.75,0.0,5.5,2.75],"texture":"#1","tintindex":0}}}],"display":{"thirdperson_righthand":{"translation":[-0.25,3.5,0.5],"rotation":[63.0,34.0,0.0],"scale":[0.56836,0.56836,0.56836]},"thirdperson_lefthand":{"translation":[-0.25,3.5,0.5],"rotation":[63.0,34.0,0.0],"scale":[0.56836,0.56836,0.56836]},"firstperson_righthand":{"translation":[9.0,0.0,-6.25],"rotation":[3.0,112.0,-13.0],"scale":[0.42578,0.42578,0.42578]},"firstperson_lefthand":{"translation":[9.0,0.0,-6.25],"rotation":[3.0,112.0,-13.0],"scale":[0.42578,0.42578,0.42578]},"ground":{"translation":[0.0,4.25,0.0],"scale":[0.48828,0.48828,0.48828]},"gui":{"translation":[0.0,1.5,0.0],"rotation":[30.0,-158.0,0.0],"scale":[0.68125,0.68125,0.68125]},"head":{"translation":[0.0,-30.5,0.0],"scale":[1.6,1.6,1.6]},"fixed":{"translation":[0.0,-3.25,-7.5]}},"credit":"Made with Blockbench","gui_light":"front"}