{"textures":{"0":"mcc:island_furniture/music/music_furni_1","particle":"mcc:island_furniture/music/music_furni_1"},"elements":[{"from":[1.0,0.0,3.0],"to":[15.0,4.0,14.0],"rotation":{"angle":0.0,"axis":"y","origin":[8.0,2.0,8.0]},"faces":{"north":{"uv":[5.875,10.75,4.125,10.25],"texture":"#0"},"east":{"uv":[4.125,9.625,4.625,8.25],"texture":"#0","rotation":90},"south":{"uv":[4.625,8.75,6.375,8.25],"texture":"#0"},"west":{"uv":[4.125,8.25,4.625,9.625],"texture":"#0","rotation":90},"up":{"uv":[4.0,6.25,5.75,7.625],"texture":"#0","tintindex":0},"down":{"uv":[5.875,10.75,4.125,12.125],"texture":"#0","rotation":180}}},{"from":[5.5,0.7294,3.09672],"to":[10.5,3.7294,3.09672],"rotation":{"angle":22.5,"axis":"x","origin":[7.5,3.7294,2.34672]},"faces":{"north":{"uv":[6.0,7.875,6.625,8.25],"texture":"#0","tintindex":0,"rotation":180},"east":{"uv":[4.125,9.75,4.625,8.25],"texture":"#0","rotation":180},"south":{"uv":[6.0,7.875,6.625,8.25],"texture":"#0","tintindex":0,"rotation":180},"west":{"uv":[4.125,8.25,4.625,9.75],"texture":"#0"},"up":{"uv":[4.625,8.75,6.625,8.25],"texture":"#0"},"down":{"uv":[6.125,10.75,4.125,10.25],"texture":"#0","rotation":180}}},{"from":[1.0,4.30864,11.55166],"to":[15.0,15.30864,15.55166],"rotation":{"angle":-22.5,"axis":"x","origin":[8.0,10.30864,13.55166]},"faces":{"north":{"uv":[5.75,6.125,4.0,4.75],"texture":"#0"},"east":{"uv":[4.625,9.625,4.125,8.25],"texture":"#0"},"south":{"uv":[6.375,8.75,4.625,10.125],"texture":"#0","rotation":180},"west":{"uv":[4.125,9.625,4.625,8.25],"texture":"#0"},"up":{"uv":[5.75,8.25,4.0,7.75],"texture":"#0"},"down":{"uv":[4.625,8.25,6.375,8.75],"texture":"#0"}}},{"from":[1.0,4.30864,11.55166],"to":[15.0,15.30864,15.55166],"rotation":{"angle":-22.5,"axis":"x","origin":[8.0,10.30864,13.55166]},"faces":{"north":{"uv":[8.375,8.875,6.625,7.5],"texture":"#0","tintindex":0},"east":{"uv":[6.5,5.0,6.0,3.625],"texture":"#0","tintindex":0},"south":{"uv":[8.25,4.125,6.5,5.5],"texture":"#0","tintindex":0,"rotation":180},"west":{"uv":[6.0,5.0,6.5,3.625],"texture":"#0","tintindex":0},"up":{"uv":[7.625,3.625,5.875,3.125],"texture":"#0","tintindex":0},"down":{"uv":[6.5,3.625,8.25,4.125],"texture":"#0","tintindex":0}}},{"from":[1.0,0.0,3.0],"to":[15.0,4.0,14.0],"rotation":{"angle":0.0,"axis":"y","origin":[8.0,2.0,8.0]},"faces":{"north":{"uv":[7.75,6.125,6.0,5.625],"texture":"#0","tintindex":0},"east":{"uv":[6.0,5.0,6.5,3.625],"texture":"#0","tintindex":0,"rotation":90},"south":{"uv":[6.5,4.125,8.25,3.625],"texture":"#0","tintindex":0},"west":{"uv":[6.0,3.625,6.5,5.0],"texture":"#0","tintindex":0,"rotation":90},"up":{"uv":[6.625,9.0,8.375,10.375],"texture":"#0","tintindex":0},"down":{"uv":[7.75,6.125,6.0,7.5],"texture":"#0","tintindex":0,"rotation":180}}},{"from":[5.0,4.5,3.0],"to":[15.0,4.5,13.0],"rotation":{"angle":0.0,"axis":"y","origin":[10.0,4.5,8.0]},"faces":{"north":{"uv":[0.0,0.0,0.125,0.125],"texture":"#0"},"east":{"uv":[0.0,0.0,0.125,0.125],"texture":"#0"},"south":{"uv":[0.0,0.0,0.125,0.125],"texture":"#0"},"west":{"uv":[0.0,0.0,0.125,0.125],"texture":"#0"},"up":{"uv":[0.0,3.75,1.375,5.125],"texture":"#0"},"down":{"uv":[0.0,3.75,1.375,5.125],"texture":"#0"}}},{"from":[5.0,4.5,3.0],"to":[15.0,4.5,13.0],"rotation":{"angle":0.0,"axis":"y","origin":[10.0,4.5,8.0]},"faces":{"north":{"uv":[0.0,0.0,0.125,0.125],"texture":"#0"},"east":{"uv":[0.0,0.0,0.125,0.125],"texture":"#0"},"south":{"uv":[0.0,0.0,0.125,0.125],"texture":"#0"},"west":{"uv":[0.0,0.0,0.125,0.125],"texture":"#0"},"up":{"uv":[4.5,3.375,5.875,4.75],"texture":"#0","tintindex":0},"down":{"uv":[4.5,3.375,5.875,4.75],"texture":"#0","tintindex":0}}},{"from":[4.30133,5.0,3.95776],"to":[5.30133,5.0,12.95776],"rotation":{"angle":-45.0,"axis":"y","origin":[4.80133,5.25,8.95776]},"faces":{"north":{"uv":[0.0,0.0,0.125,0.125],"texture":"#0"},"east":{"uv":[0.0,0.0,0.125,0.125],"texture":"#0"},"south":{"uv":[0.0,0.0,0.125,0.125],"texture":"#0"},"west":{"uv":[0.0,0.0,0.125,0.125],"texture":"#0"},"up":{"uv":[1.5,3.75,1.625,4.875],"texture":"#0"},"down":{"uv":[1.5,4.875,1.625,3.75],"texture":"#0"}}},{"from":[2.0,4.0,9.75],"to":[4.0,6.0,11.75],"rotation":{"angle":0.0,"axis":"y","origin":[1.0,0.0,0.0]},"faces":{"north":{"uv":[0.0,8.875,0.25,9.125],"texture":"#0"},"east":{"uv":[0.0,8.875,0.25,9.125],"texture":"#0"},"south":{"uv":[0.0,8.875,0.25,9.125],"texture":"#0"},"west":{"uv":[0.0,8.875,0.25,9.125],"texture":"#0"},"up":{"uv":[0.25,8.875,0.5,9.125],"texture":"#0"},"down":{"uv":[0.5,8.875,0.75,9.125],"texture":"#0"}}}],"display":{"thirdperson_righthand":{"translation":[-0.25,3.5,0.5],"rotation":[63.0,34.0,0.0],"scale":[0.56836,0.56836,0.56836]},"thirdperson_lefthand":{"translation":[-0.25,3.5,0.5],"rotation":[63.0,34.0,0.0],"scale":[0.56836,0.56836,0.56836]},"firstperson_righthand":{"translation":[9.0,0.0,-6.25],"rotation":[3.0,112.0,-13.0],"scale":[0.42578,0.42578,0.42578]},"firstperson_lefthand":{"translation":[9.0,0.0,-6.25],"rotation":[3.0,112.0,-13.0],"scale":[0.42578,0.42578,0.42578]},"ground":{"translation":[0.0,4.25,0.0],"scale":[0.48828,0.48828,0.48828]},"gui":{"translation":[0.0,1.5,0.0],"rotation":[30.0,-158.0,0.0],"scale":[0.68125,0.68125,0.68125]},"head":{"translation":[0.0,-30.5,0.0],"scale":[1.6,1.6,1.6]},"fixed":{"translation":[0.0,-3.25,-7.5]}},"credit":"Made with Blockbench","gui_light":"front"}