{"textures":{"0":"mcc:island_furniture/music/music_2","particle":"mcc:island_furniture/music/music_2"},"elements":[{"from":[5.5,-6.0,3.0],"to":[10.5,6.0,8.0],"rotation":{"angle":0.0,"axis":"x","origin":[7.5,0.0,6.0]},"faces":{"north":{"uv":[7.125,1.375,7.75,2.875],"texture":"#0"},"east":{"uv":[5.125,1.25,4.5,2.75],"texture":"#0"},"south":{"uv":[8.375,0.625,9.0,2.125],"texture":"#0"},"west":{"uv":[4.5,1.25,5.125,2.75],"texture":"#0"},"down":{"uv":[4.5,2.625,4.625,2.75],"texture":"#0"}}},{"from":[11.5,-2.0,3.0],"to":[11.5,6.0,10.0],"rotation":{"angle":0.0,"axis":"x","origin":[11.5,2.0,6.5]},"faces":{"east":{"uv":[4.75,2.75,5.625,3.75],"texture":"#0"},"west":{"uv":[14.125,0.25,14.375,0.375],"texture":"#0"}}},{"from":[5.0,-4.75,5.25],"to":[5.0,3.25,12.25],"rotation":{"angle":-45.0,"axis":"y","origin":[5.0,-0.75,8.75]},"faces":{"east":{"uv":[5.625,2.75,4.75,3.75],"texture":"#0"},"west":{"uv":[4.75,2.75,5.625,3.75],"texture":"#0"}}},{"from":[10.75,-2.0,10.0],"to":[10.75,18.0,13.0],"rotation":{"angle":0.0,"axis":"x","origin":[10.75,2.0,9.5]},"faces":{"east":{"uv":[6.75,2.0,7.125,4.5],"texture":"#0"},"west":{"uv":[7.125,2.0,6.75,4.5],"texture":"#0"}}},{"from":[5.0,4.0,9.25],"to":[5.0,24.0,12.25],"rotation":{"angle":-22.5,"axis":"y","origin":[5.0,8.0,12.75]},"faces":{"east":{"uv":[14.25,0.0,14.5,0.25],"texture":"#0"},"west":{"uv":[10.0,0.0,10.375,2.5],"texture":"#0"}}},{"from":[5.4,-6.1,7.65],"to":[10.6,6.1,11.85],"rotation":{"angle":22.5,"axis":"x","origin":[8.0,0.0,9.75]},"faces":{"north":{"uv":[7.75,0.625,8.375,2.125],"texture":"#0"},"east":{"uv":[5.625,1.25,5.125,2.75],"texture":"#0"},"south":{"uv":[7.75,0.625,8.375,2.125],"texture":"#0"},"west":{"uv":[5.125,1.25,5.625,2.75],"texture":"#0"},"up":{"uv":[7.75,0.125,8.375,0.625],"texture":"#0"},"down":{"uv":[4.5,2.625,4.625,2.75],"texture":"#0"}}},{"from":[6.0,5.0,9.75],"to":[10.0,17.0,13.75],"rotation":{"angle":0.0,"axis":"x","origin":[7.5,11.0,11.75]},"faces":{"north":{"uv":[6.125,0.5,6.625,2.0],"texture":"#0"},"east":{"uv":[6.125,0.5,5.625,2.0],"texture":"#0"},"south":{"uv":[6.625,0.5,7.125,2.0],"texture":"#0"},"west":{"uv":[5.625,0.5,6.125,2.0],"texture":"#0"},"up":{"uv":[8.5,2.125,9.0,2.625],"texture":"#0"}}},{"from":[9.25,-1.0,10.25],"to":[12.25,22.0,12.25],"rotation":{"angle":-45.0,"axis":"y","origin":[8.25,11.0,10.25]},"faces":{"north":{"uv":[10.625,0.0,11.0,2.875],"texture":"#0"},"east":{"uv":[10.375,0.0,10.625,2.875],"texture":"#0"},"south":{"uv":[11.0,0.0,10.625,2.875],"texture":"#0"},"west":{"uv":[14.25,0.375,14.5,0.5],"texture":"#0"},"up":{"uv":[14.25,0.375,14.5,0.5],"texture":"#0"},"down":{"uv":[14.25,0.375,14.5,0.5],"texture":"#0"}}},{"from":[6.5,17.0,10.75],"to":[9.5,24.0,13.75],"rotation":{"angle":0.0,"axis":"x","origin":[7.0,18.0,11.75]},"faces":{"north":{"uv":[6.375,2.0,6.0,2.875],"texture":"#0"},"east":{"uv":[6.0,2.0,5.625,2.875],"texture":"#0"},"south":{"uv":[6.75,2.0,6.375,2.875],"texture":"#0"},"west":{"uv":[5.625,2.0,6.0,2.875],"texture":"#0"},"up":{"uv":[6.375,2.0,6.0,2.125],"texture":"#0"}}},{"from":[8.0,2.0,6.75],"to":[8.0,29.0,21.75],"rotation":{"angle":0.0,"axis":"x","origin":[7.0,18.0,11.75]},"faces":{"east":{"uv":[5.875,3.75,4.0,7.125],"texture":"#0"},"west":{"uv":[4.0,3.75,5.875,7.125],"texture":"#0"}}},{"from":[6.6,22.6,10.85],"to":[9.4,26.4,13.65],"rotation":{"angle":22.5,"axis":"x","origin":[7.5,23.0,12.75]},"faces":{"north":{"uv":[9.25,1.0,9.625,1.5],"texture":"#0"},"east":{"uv":[7.5,0.5,7.125,1.0],"texture":"#0"},"south":{"uv":[9.125,1.0,9.25,1.125],"texture":"#0","rotation":90},"west":{"uv":[7.125,0.5,7.5,1.0],"texture":"#0"},"up":{"uv":[7.125,0.5,7.5,0.625],"texture":"#0","rotation":90}}},{"from":[6.9,24.65,12.65],"to":[9.1,26.85,18.85],"rotation":{"angle":0.0,"axis":"x","origin":[8.0,24.75,18.25]},"faces":{"north":{"uv":[9.0,1.75,9.125,1.0],"texture":"#0"},"east":{"uv":[9.0,1.75,9.25,1.0],"texture":"#0","rotation":90},"south":{"uv":[9.0,1.125,9.25,1.0],"texture":"#0","rotation":90},"west":{"uv":[9.0,1.0,9.25,1.75],"texture":"#0","rotation":90},"up":{"uv":[9.0,1.75,9.125,1.0],"texture":"#0"},"down":{"uv":[9.125,1.0,9.25,1.75],"texture":"#0"}}},{"from":[5.0,4.0,2.0],"to":[11.0,10.0,8.0],"rotation":{"angle":-22.5,"axis":"x","origin":[8.5,6.0,5.5]},"faces":{"north":{"uv":[7.75,2.125,8.5,2.875],"texture":"#0"},"east":{"uv":[5.25,0.5,4.5,1.25],"texture":"#0"},"south":{"uv":[9.0,1.75,9.75,2.5],"texture":"#0"},"west":{"uv":[4.5,0.5,5.25,1.25],"texture":"#0"},"down":{"uv":[9.0,1.75,9.125,1.875],"texture":"#0"}}},{"from":[4.0,10.0,1.0],"to":[12.0,12.0,9.0],"rotation":{"angle":-22.5,"axis":"x","origin":[8.5,6.0,5.5]},"faces":{"north":{"uv":[6.75,0.25,6.875,0.5],"texture":"#0"},"east":{"uv":[7.75,0.25,6.75,0.5],"texture":"#0"},"south":{"uv":[7.625,0.25,7.75,0.5],"texture":"#0"},"west":{"uv":[6.75,0.25,7.75,0.5],"texture":"#0"},"up":{"uv":[9.0,0.0,10.0,1.0],"texture":"#0"},"down":{"uv":[9.0,1.75,9.125,1.875],"texture":"#0"}}},{"from":[5.0,-2.7954,4.08105],"to":[11.0,-0.7954,7.08105],"rotation":{"angle":-22.5,"axis":"x","origin":[8.0,-6.00035,2.66614]},"faces":{"north":{"uv":[6.0,0.375,6.25,0.5],"texture":"#0","rotation":270},"east":{"uv":[6.0,0.375,6.25,0.5],"texture":"#0","rotation":270},"south":{"uv":[6.0,0.0,6.125,0.5],"texture":"#0","rotation":270},"west":{"uv":[6.0,0.375,6.25,0.5],"texture":"#0","rotation":270},"up":{"uv":[6.125,0.375,6.25,0.5],"texture":"#0","rotation":270},"down":{"uv":[6.0,0.0,6.125,0.5],"texture":"#0","rotation":270}}},{"from":[6.0,-8.0,-0.45],"to":[10.0,-5.0,3.55],"rotation":{"angle":22.5,"axis":"x","origin":[8.0,-6.00035,0.96614]},"faces":{"north":{"uv":[6.0,0.0,6.375,0.5],"texture":"#0","rotation":270},"east":{"uv":[6.0,0.0,6.375,0.5],"texture":"#0","rotation":270},"south":{"uv":[6.0,0.0,6.375,0.5],"texture":"#0","rotation":270},"west":{"uv":[6.0,0.0,6.375,0.5],"texture":"#0","rotation":270},"up":{"uv":[6.25,0.0,6.375,0.5],"texture":"#0","rotation":270},"down":{"uv":[6.0,0.0,6.125,0.5],"texture":"#0","rotation":270}}},{"from":[8.41285,-11.5,-9.27786],"to":[8.41285,-6.5,0.72214],"rotation":{"angle":-45.0,"axis":"y","origin":[8.0,-6.00035,0.96614]},"faces":{"east":{"uv":[8.25,2.875,7.625,4.125],"texture":"#0","rotation":90},"west":{"uv":[7.625,2.875,8.25,4.125],"texture":"#0","rotation":90}}},{"from":[7.58715,-11.5,-9.27786],"to":[7.58715,-6.5,0.72214],"rotation":{"angle":45.0,"axis":"y","origin":[8.0,-6.00035,0.96614]},"faces":{"east":{"uv":[7.625,4.125,8.25,2.875],"texture":"#0","rotation":90},"west":{"uv":[7.625,2.875,8.25,4.125],"texture":"#0","rotation":90}}},{"from":[8.0,-11.5,1.05],"to":[8.0,-6.5,11.05],"rotation":{"angle":45.0,"axis":"x","origin":[8.0,-6.00035,1.46614]},"faces":{"east":{"uv":[7.625,2.875,8.25,4.125],"texture":"#0","rotation":90},"west":{"uv":[7.625,4.125,8.25,2.875],"texture":"#0","rotation":90}}},{"from":[8.0,-5.62227,-1.21875],"to":[8.0,2.37773,0.78125],"rotation":{"angle":45.0,"axis":"x","origin":[8.0,-6.00035,0.96614]},"faces":{"east":{"uv":[6.75,0.25,7.75,0.0],"texture":"#0","rotation":90},"west":{"uv":[6.75,0.0,7.75,0.25],"texture":"#0","rotation":90}}}],"display":{"thirdperson_righthand":{"translation":[0.0,1.0,0.0],"rotation":[34.0,34.0,0.0],"scale":[0.38086,0.38086,0.38086]},"thirdperson_lefthand":{"translation":[0.0,1.0,0.0],"rotation":[34.0,34.0,0.0],"scale":[0.38086,0.38086,0.38086]},"firstperson_righthand":{"translation":[9.5,0.75,-5.75],"rotation":[1.5,90.0,-13.25],"scale":[0.27148,0.27148,0.27148]},"firstperson_lefthand":{"translation":[9.5,0.75,-5.75],"rotation":[1.5,90.0,-13.25],"scale":[0.27148,0.27148,0.27148]},"ground":{"translation":[0.0,5.75,0.0],"rotation":[-25.0,0.0,0.0],"scale":[0.25195,0.25195,0.25195]},"gui":{"translation":[0.0,0.25,0.0],"rotation":[54.0,-141.0,26.0],"scale":[0.33,0.33,0.33]},"head":{"translation":[0.0,-15.75,-0.25],"rotation":[-22.0,0.0,0.0],"scale":[1.2,1.2,1.2]}},"credit":"Made with Blockbench","gui_light":"front"}