{"textures":{"0":"mcc:island_furniture/music/music_4","particle":"mcc:island_furniture/music/music_4"},"elements":[{"from":[3.0,0.0,3.0],"to":[13.0,16.0,13.0],"rotation":{"angle":0.0,"axis":"y","origin":[16.0,8.0,12.0]},"faces":{"north":{"uv":[2.625,6.875,3.875,8.875],"texture":"#0"},"east":{"uv":[3.875,6.875,5.125,8.875],"texture":"#0"},"south":{"uv":[5.125,6.875,3.875,8.875],"texture":"#0"},"west":{"uv":[5.125,6.875,3.875,8.875],"texture":"#0"},"up":{"uv":[6.375,7.625,5.125,8.875],"texture":"#0"},"down":{"uv":[1.625,8.75,1.75,8.875],"texture":"#0"}}}],"display":{"thirdperson_righthand":{"translation":[0.0,0.25,-0.75],"rotation":[63.0,34.0,0.0],"scale":[0.35547,0.35547,0.35547]},"thirdperson_lefthand":{"translation":[0.0,0.25,-0.75],"rotation":[63.0,34.0,0.0],"scale":[0.35547,0.35547,0.35547]},"firstperson_righthand":{"translation":[9.5,-1.5,-5.25],"rotation":[3.0,112.0,-13.0],"scale":[0.29688,0.29688,0.29688]},"firstperson_lefthand":{"translation":[9.5,-1.5,-5.25],"rotation":[3.0,112.0,-13.0],"scale":[0.29688,0.29688,0.29688]},"ground":{"translation":[0.0,2.75,0.0],"scale":[0.32226,0.32226,0.32226]},"gui":{"translation":[-0.25,0.0,0.0],"rotation":[30.0,-158.0,0.0],"scale":[0.4957,0.4957,0.4957]},"head":{"translation":[0.0,-30.5,-0.75],"scale":[1.6,1.6,1.6]},"fixed":{"translation":[0.0,-3.25,-7.5]}},"credit":"Made with Blockbench","gui_light":"front"}