{"textures":{"0":"mcc:island_furniture/music/music_4","particle":"mcc:island_furniture/music/music_4"},"elements":[{"from":[-2.0,1.0,3.0],"to":[18.0,20.0,13.0],"rotation":{"angle":0.0,"axis":"y","origin":[8.0,9.0,8.0]},"faces":{"north":{"uv":[1.5,0.0,4.0,2.375],"texture":"#0"},"east":{"uv":[4.0,0.0,5.25,2.375],"texture":"#0"},"south":{"uv":[5.25,0.0,7.75,2.375],"texture":"#0"},"west":{"uv":[5.25,0.0,4.0,2.375],"texture":"#0"},"up":{"uv":[5.25,1.25,7.75,0.0],"texture":"#0"},"down":{"uv":[1.5,2.25,4.0,2.375],"texture":"#0"}}},{"from":[14.5,0.0,3.5],"to":[17.5,1.0,5.5],"rotation":{"angle":0.0,"axis":"y","origin":[7.5,8.0,8.5]},"faces":{"north":{"uv":[1.875,0.375,2.125,0.5],"texture":"#0"},"east":{"uv":[1.875,0.375,2.125,0.5],"texture":"#0"},"south":{"uv":[1.875,0.375,2.125,0.5],"texture":"#0"},"west":{"uv":[1.875,0.375,2.125,0.5],"texture":"#0"},"up":{"uv":[1.875,0.375,2.125,0.5],"texture":"#0"},"down":{"uv":[1.875,0.375,2.125,0.5],"texture":"#0"}}},{"from":[14.5,0.0,10.5],"to":[17.5,1.0,12.5],"rotation":{"angle":0.0,"axis":"y","origin":[7.5,8.0,15.5]},"faces":{"north":{"uv":[1.875,0.375,2.125,0.5],"texture":"#0"},"east":{"uv":[1.875,0.375,2.125,0.5],"texture":"#0"},"south":{"uv":[1.875,0.375,2.125,0.5],"texture":"#0"},"west":{"uv":[1.875,0.375,2.125,0.5],"texture":"#0"},"up":{"uv":[1.875,0.375,2.125,0.5],"texture":"#0"},"down":{"uv":[1.875,0.375,2.125,0.5],"texture":"#0"}}},{"from":[-1.5,0.0,3.5],"to":[1.5,1.0,5.5],"rotation":{"angle":0.0,"axis":"y","origin":[8.5,8.0,8.5]},"faces":{"north":{"uv":[2.125,0.375,1.875,0.5],"texture":"#0"},"east":{"uv":[2.125,0.375,1.875,0.5],"texture":"#0"},"south":{"uv":[2.125,0.375,1.875,0.5],"texture":"#0"},"west":{"uv":[2.125,0.375,1.875,0.5],"texture":"#0"},"up":{"uv":[2.125,0.375,1.875,0.5],"texture":"#0"},"down":{"uv":[2.125,0.375,1.875,0.5],"texture":"#0"}}},{"from":[-1.5,0.0,10.5],"to":[1.5,1.0,12.5],"rotation":{"angle":0.0,"axis":"y","origin":[8.5,8.0,15.5]},"faces":{"north":{"uv":[2.125,0.375,1.875,0.5],"texture":"#0"},"east":{"uv":[2.125,0.375,1.875,0.5],"texture":"#0"},"south":{"uv":[2.125,0.375,1.875,0.5],"texture":"#0"},"west":{"uv":[2.125,0.375,1.875,0.5],"texture":"#0"},"up":{"uv":[2.125,0.375,1.875,0.5],"texture":"#0"},"down":{"uv":[2.125,0.375,1.875,0.5],"texture":"#0"}}},{"from":[5.0,7.0,1.0],"to":[11.0,11.0,3.0],"faces":{"north":{"uv":[0.75,1.5,1.5,2.0],"texture":"#0"},"east":{"uv":[0.75,1.5,0.875,2.0],"texture":"#0"},"south":{"uv":[0.75,1.5,1.5,2.0],"texture":"#0"},"west":{"uv":[0.75,1.5,0.875,2.0],"texture":"#0"},"up":{"uv":[0.75,1.5,1.5,1.625],"texture":"#0"},"down":{"uv":[0.75,1.875,1.5,2.0],"texture":"#0"}}},{"from":[13.5,7.5,1.0],"to":[15.5,9.5,3.0],"rotation":{"angle":-45.0,"axis":"z","origin":[14.5,8.5,2.0]},"faces":{"north":{"uv":[0.75,1.5,1.5,1.625],"texture":"#0","rotation":270},"east":{"uv":[0.75,1.5,1.5,1.625],"texture":"#0","rotation":270},"south":{"uv":[0.75,1.5,1.5,1.625],"texture":"#0","rotation":270},"west":{"uv":[0.75,1.5,1.5,1.625],"texture":"#0","rotation":270},"up":{"uv":[0.75,1.5,1.5,1.625],"texture":"#0","rotation":270},"down":{"uv":[0.75,1.5,1.5,1.625],"texture":"#0","rotation":270}}},{"from":[0.5,7.5,1.0],"to":[2.5,9.5,3.0],"rotation":{"angle":45.0,"axis":"z","origin":[1.5,8.5,2.0]},"faces":{"north":{"uv":[0.75,1.5,1.5,1.625],"texture":"#0","rotation":270},"east":{"uv":[0.75,1.625,1.5,1.5],"texture":"#0","rotation":270},"south":{"uv":[0.75,1.625,1.5,1.5],"texture":"#0","rotation":270},"west":{"uv":[0.75,1.625,1.5,1.5],"texture":"#0","rotation":270},"up":{"uv":[0.75,1.625,1.5,1.5],"texture":"#0","rotation":270},"down":{"uv":[0.75,1.625,1.5,1.5],"texture":"#0","rotation":270}}},{"from":[1.0,8.0,1.25],"to":[15.0,8.0,2.75],"rotation":{"angle":0.0,"axis":"y","origin":[8.0,9.0,7.5]},"faces":{"up":{"uv":[0.625,0.125,0.75,0.25],"texture":"#0"},"down":{"uv":[0.75,0.5,0.625,0.625],"texture":"#0"}}},{"from":[-2.0,18.25,1.25],"to":[18.0,18.25,2.75],"rotation":{"angle":0.0,"axis":"y","origin":[11.0,19.25,7.5]},"faces":{"up":{"uv":[0.625,0.125,0.75,0.25],"texture":"#0"},"down":{"uv":[0.75,0.5,0.625,0.625],"texture":"#0"}}},{"from":[18.0,15.25,1.25],"to":[18.0,18.25,2.75],"rotation":{"angle":0.0,"axis":"y","origin":[11.0,19.25,7.5]},"faces":{"east":{"uv":[0.75,0.5,0.625,0.625],"texture":"#0"},"west":{"uv":[0.625,0.5,0.75,0.625],"texture":"#0"},"up":{"uv":[0.625,0.125,0.75,0.25],"texture":"#0"},"down":{"uv":[0.0,0.0,0.125,0.125],"texture":"#0"}}},{"from":[-2.0,15.25,1.25],"to":[-2.0,18.25,2.75],"rotation":{"angle":0.0,"axis":"y","origin":[5.0,19.25,7.5]},"faces":{"east":{"uv":[0.75,0.5,0.625,0.625],"texture":"#0"},"west":{"uv":[0.75,0.5,0.625,0.625],"texture":"#0"},"up":{"uv":[0.75,0.125,0.625,0.25],"texture":"#0"},"down":{"uv":[0.125,0.0,0.0,0.125],"texture":"#0"}}},{"from":[16.75,10.75,1.25],"to":[16.75,18.75,2.75],"rotation":{"angle":-22.5,"axis":"z","origin":[8.75,13.75,2.0]},"faces":{"east":{"uv":[0.75,0.5,0.625,0.625],"texture":"#0"},"west":{"uv":[0.625,0.125,0.75,0.25],"texture":"#0"}}},{"from":[-0.75,10.75,1.25],"to":[-0.75,18.75,2.75],"rotation":{"angle":22.5,"axis":"z","origin":[7.25,13.75,2.0]},"faces":{"east":{"uv":[0.75,0.125,0.625,0.25],"texture":"#0"},"west":{"uv":[0.75,0.5,0.625,0.625],"texture":"#0"}}},{"from":[9.0,11.0,2.75],"to":[20.0,22.0,2.75],"rotation":{"angle":-45.0,"axis":"z","origin":[14.5,16.5,1.75]},"faces":{"north":{"uv":[0.0,0.0,1.5,1.5],"texture":"#0"},"east":{"uv":[0.0,0.0,0.125,0.125],"texture":"#0"},"south":{"uv":[0.0,1.5,1.5,0.0],"texture":"#0","rotation":180},"west":{"uv":[0.0,0.0,0.125,0.125],"texture":"#0"},"up":{"uv":[0.0,0.0,0.125,0.125],"texture":"#0"},"down":{"uv":[0.0,0.0,0.125,0.125],"texture":"#0"}}},{"from":[9.0,11.0,1.25],"to":[20.0,22.0,1.25],"rotation":{"angle":-45.0,"axis":"z","origin":[14.5,16.5,1.75]},"faces":{"north":{"uv":[0.0,0.0,1.5,1.5],"texture":"#0"},"east":{"uv":[0.0,0.0,0.125,0.125],"texture":"#0"},"south":{"uv":[0.0,1.5,1.5,0.0],"texture":"#0","rotation":180},"west":{"uv":[0.0,0.0,0.125,0.125],"texture":"#0"},"up":{"uv":[0.0,0.0,0.125,0.125],"texture":"#0"},"down":{"uv":[0.0,0.0,0.125,0.125],"texture":"#0"}}},{"from":[-4.0,11.0,2.75],"to":[7.0,22.0,2.75],"rotation":{"angle":45.0,"axis":"z","origin":[1.5,16.5,1.75]},"faces":{"north":{"uv":[1.5,0.0,0.0,1.5],"texture":"#0"},"east":{"uv":[0.125,0.0,0.0,0.125],"texture":"#0"},"south":{"uv":[1.5,1.5,0.0,0.0],"texture":"#0","rotation":180},"west":{"uv":[0.125,0.0,0.0,0.125],"texture":"#0"},"up":{"uv":[0.125,0.0,0.0,0.125],"texture":"#0"},"down":{"uv":[0.125,0.0,0.0,0.125],"texture":"#0"}}},{"from":[-4.0,11.0,1.25],"to":[7.0,22.0,1.25],"rotation":{"angle":45.0,"axis":"z","origin":[1.5,16.5,1.75]},"faces":{"north":{"uv":[1.5,0.0,0.0,1.5],"texture":"#0"},"east":{"uv":[0.125,0.0,0.0,0.125],"texture":"#0"},"south":{"uv":[1.5,1.5,0.0,0.0],"texture":"#0","rotation":180},"west":{"uv":[0.125,0.0,0.0,0.125],"texture":"#0"},"up":{"uv":[0.125,0.0,0.0,0.125],"texture":"#0"},"down":{"uv":[0.125,0.0,0.0,0.125],"texture":"#0"}}},{"from":[13.5,12.0,1.2],"to":[15.5,14.0,1.2],"rotation":{"angle":0.0,"axis":"z","origin":[15.0,16.5,1.5]},"faces":{"north":{"uv":[0.625,0.125,0.875,0.375],"texture":"#0","rotation":270},"south":{"uv":[0.625,0.125,0.875,0.375],"texture":"#0","rotation":270}}},{"from":[0.5,12.0,1.2],"to":[2.5,14.0,1.2],"rotation":{"angle":0.0,"axis":"z","origin":[1.0,16.5,1.5]},"faces":{"north":{"uv":[0.625,0.375,0.875,0.125],"texture":"#0","rotation":270},"south":{"uv":[0.625,0.125,0.875,0.375],"texture":"#0","rotation":270}}}],"display":{"thirdperson_righthand":{"translation":[0.0,1.0,-1.0],"rotation":[63.0,34.0,0.0],"scale":[0.33008,0.33008,0.33008]},"thirdperson_lefthand":{"translation":[0.0,1.0,-1.0],"rotation":[63.0,34.0,0.0],"scale":[0.33008,0.33008,0.33008]},"firstperson_righthand":{"translation":[9.5,-1.0,-5.75],"rotation":[3.0,112.0,-13.0],"scale":[0.32422,0.32422,0.32422]},"firstperson_lefthand":{"translation":[9.5,-1.0,-5.75],"rotation":[3.0,112.0,-13.0],"scale":[0.32422,0.32422,0.32422]},"ground":{"translation":[0.0,4.25,0.0],"scale":[0.30664,0.30664,0.30664]},"gui":{"translation":[-0.25,-1.0,0.0],"rotation":[30.0,-158.0,0.0],"scale":[0.50156,0.50156,0.50156]},"head":{"translation":[0.0,-30.5,-0.75],"scale":[1.6,1.6,1.6]},"fixed":{"translation":[0.0,-3.25,-7.5]}},"credit":"Made with Blockbench","gui_light":"front"}