{"textures":{"0":"mcc:island_furniture/music/music_2","particle":"mcc:island_furniture/music/music_2"},"elements":[{"from":[16.9,8.4,4.4],"to":[24.1,11.6,7.6],"rotation":{"angle":-45.0,"axis":"x","origin":[20.5,10.0,6.0]},"faces":{"north":{"uv":[3.5,7.25,4.375,7.625],"texture":"#0"},"south":{"uv":[2.625,7.625,3.5,7.25],"texture":"#0"},"west":{"uv":[3.875,7.25,4.125,7.5],"texture":"#0"},"up":{"uv":[2.625,7.25,3.5,7.625],"texture":"#0"},"down":{"uv":[4.375,7.25,3.5,7.625],"texture":"#0"}}},{"from":[-2.0,1.0,9.0],"to":[19.0,11.0,11.0],"rotation":{"angle":0.0,"axis":"y","origin":[8.0,17.0,9.0]},"faces":{"north":{"uv":[2.625,8.0,0.0,9.25],"texture":"#0"},"east":{"uv":[2.5,8.0,2.625,9.25],"texture":"#0"},"south":{"uv":[0.0,8.0,2.625,9.25],"texture":"#0"},"west":{"uv":[0.0,8.0,0.125,9.25],"texture":"#0"},"up":{"uv":[0.0,8.0,2.625,8.125],"texture":"#0"},"down":{"uv":[0.0,9.125,2.625,9.25],"texture":"#0"}}},{"from":[-2.0,1.0,5.0],"to":[19.0,11.0,7.0],"rotation":{"angle":0.0,"axis":"y","origin":[8.0,17.0,5.0]},"faces":{"north":{"uv":[0.0,6.75,2.625,8.0],"texture":"#0"},"east":{"uv":[0.0,6.75,0.125,8.0],"texture":"#0"},"south":{"uv":[2.625,6.75,0.0,8.0],"texture":"#0"},"west":{"uv":[2.5,6.75,2.625,8.0],"texture":"#0"},"up":{"uv":[2.625,6.75,0.0,6.875],"texture":"#0"},"down":{"uv":[2.625,7.875,0.0,8.0],"texture":"#0"}}},{"from":[2.0,1.0,7.25],"to":[10.0,12.0,9.25],"rotation":{"angle":0.0,"axis":"y","origin":[8.0,17.0,7.25]},"faces":{"north":{"uv":[0.0,9.25,1.0,10.625],"texture":"#0"},"east":{"uv":[0.0,9.25,0.125,10.625],"texture":"#0"},"south":{"uv":[0.0,9.25,1.0,10.625],"texture":"#0"},"west":{"uv":[0.0,9.25,0.125,10.625],"texture":"#0"},"up":{"uv":[0.0,9.25,1.0,9.375],"texture":"#0"},"down":{"uv":[0.0,10.5,1.0,10.625],"texture":"#0"}}},{"from":[2.0,12.0,8.25],"to":[10.0,15.0,8.25],"rotation":{"angle":0.0,"axis":"y","origin":[8.0,18.0,7.25]},"faces":{"north":{"uv":[1.0,9.25,2.0,9.625],"texture":"#0"},"south":{"uv":[2.0,9.25,1.0,9.625],"texture":"#0"}}},{"from":[-5.0,1.0,8.25],"to":[19.0,6.0,8.25],"rotation":{"angle":0.0,"axis":"y","origin":[8.0,7.0,7.25]},"faces":{"north":{"uv":[1.0,9.625,4.0,10.25],"texture":"#0"},"south":{"uv":[4.0,9.625,1.0,10.25],"texture":"#0"}}},{"from":[-13.0,7.0,10.0],"to":[-2.0,12.0,10.0],"rotation":{"angle":0.0,"axis":"y","origin":[8.0,17.0,10.0]},"faces":{"north":{"uv":[1.0,10.25,2.375,10.875],"texture":"#0"},"south":{"uv":[2.375,10.25,1.0,10.875],"texture":"#0"}}},{"from":[24.0,7.0,3.0],"to":[28.0,13.0,9.0],"rotation":{"angle":-45.0,"axis":"x","origin":[27.5,10.0,6.0]},"faces":{"north":{"uv":[3.125,8.375,2.625,9.125],"texture":"#0"},"east":{"uv":[3.0,7.625,3.125,8.375],"texture":"#0"},"south":{"uv":[2.625,8.375,3.125,7.625],"texture":"#0"},"west":{"uv":[0.0,10.625,0.75,11.375],"texture":"#0"},"up":{"uv":[2.625,7.625,3.125,8.375],"texture":"#0"},"down":{"uv":[2.625,8.375,3.125,9.125],"texture":"#0"}}},{"from":[28.0,5.0,1.0],"to":[30.0,15.0,11.0],"rotation":{"angle":-45.0,"axis":"x","origin":[27.5,10.0,6.0]},"faces":{"north":{"uv":[6.125,7.625,5.875,8.875],"texture":"#0"},"east":{"uv":[3.375,7.625,4.625,8.875],"texture":"#0"},"south":{"uv":[3.125,8.875,3.375,7.625],"texture":"#0"},"west":{"uv":[4.625,7.625,5.875,8.875],"texture":"#0"},"up":{"uv":[3.125,7.625,3.375,8.875],"texture":"#0"},"down":{"uv":[5.875,7.625,6.125,8.875],"texture":"#0"}}},{"from":[-9.0,-4.0,4.0],"to":[25.0,-1.0,12.0],"rotation":{"angle":0.0,"axis":"y","origin":[8.0,6.0,12.0]},"faces":{"north":{"uv":[0.0,12.625,4.25,13.0],"texture":"#0"},"east":{"uv":[0.0,12.625,0.125,13.0],"texture":"#0"},"south":{"uv":[0.0,12.625,0.125,13.0],"texture":"#0"},"west":{"uv":[0.0,12.625,0.125,13.0],"texture":"#0"},"up":{"uv":[0.0,12.625,4.25,12.75],"texture":"#0"},"down":{"uv":[0.0,12.875,4.25,13.0],"texture":"#0"}}},{"from":[19.0,-1.0,6.0],"to":[22.0,9.0,6.0],"rotation":{"angle":0.0,"axis":"y","origin":[8.0,6.0,13.0]},"faces":{"north":{"uv":[15.375,1.25,15.75,2.5],"texture":"#0"},"south":{"uv":[15.75,1.25,15.375,2.5],"texture":"#0"}}},{"from":[-4.0,-1.0,10.25],"to":[-1.0,10.0,10.25],"rotation":{"angle":0.0,"axis":"y","origin":[-16.0,6.0,17.25]},"faces":{"north":{"uv":[15.375,1.25,15.75,2.5],"texture":"#0"},"south":{"uv":[15.75,1.25,15.375,2.5],"texture":"#0"}}},{"from":[19.0,11.0,7.0],"to":[-2.0,1.0,5.0],"rotation":{"angle":0.0,"axis":"y","origin":[-8.0,-17.0,-5.0]},"faces":{"north":{"uv":[2.625,8.0,0.0,6.75],"texture":"#0"},"east":{"uv":[2.5,8.0,2.625,6.75],"texture":"#0"},"south":{"uv":[0.0,8.0,2.625,6.75],"texture":"#0"},"west":{"uv":[0.0,8.0,0.125,6.75],"texture":"#0"},"up":{"uv":[0.0,7.875,2.625,8.0],"texture":"#0"},"down":{"uv":[0.0,6.75,2.625,6.875],"texture":"#0"}}},{"from":[19.0,11.0,11.0],"to":[-2.0,1.0,9.0],"rotation":{"angle":0.0,"axis":"y","origin":[-8.0,-17.0,-9.0]},"faces":{"north":{"uv":[0.0,9.25,2.625,8.0],"texture":"#0"},"east":{"uv":[0.0,9.25,0.125,8.0],"texture":"#0"},"south":{"uv":[2.625,9.25,0.0,8.0],"texture":"#0"},"west":{"uv":[2.5,9.25,2.625,8.0],"texture":"#0"},"up":{"uv":[2.625,9.125,0.0,9.25],"texture":"#0"},"down":{"uv":[2.625,8.0,0.0,8.125],"texture":"#0"}}}],"display":{"thirdperson_righthand":{"translation":[-0.5,0.75,2.0],"rotation":[63.0,34.0,0.0],"scale":[0.30078,0.30078,0.30078]},"thirdperson_lefthand":{"translation":[-0.5,0.75,2.0],"rotation":[63.0,-149.0,0.0],"scale":[0.30078,0.30078,0.30078]},"firstperson_righthand":{"translation":[9.5,0.0,-5.75],"rotation":[3.0,112.0,-13.0],"scale":[0.2793,0.2793,0.2793]},"firstperson_lefthand":{"translation":[9.5,0.0,-5.75],"rotation":[-16.0,-79.0,-13.0],"scale":[0.2793,0.2793,0.2793]},"ground":{"translation":[0.0,4.25,0.0],"scale":[0.24023,0.24023,0.24023]},"gui":{"translation":[0.75,1.25,0.0],"rotation":[30.0,-158.0,0.0],"scale":[0.36094,0.36094,0.36094]},"head":{"translation":[0.0,-30.0,0.0],"scale":[1.1,1.1,1.1]},"fixed":{"translation":[0.0,-3.25,-7.5]}},"credit":"Made with Blockbench","gui_light":"front"}