{"textures":{"0":"mcc:island_furniture/music/music_1","particle":"mcc:island_furniture/music/music_1"},"elements":[{"from":[0.0,-11.0,6.0],"to":[16.0,-2.0,10.0],"rotation":{"angle":0.0,"axis":"y","origin":[8.0,-2.0,16.0]},"faces":{"north":{"uv":[13.125,12.375,15.125,13.5],"texture":"#0"},"east":{"uv":[13.125,12.375,13.25,13.5],"texture":"#0"},"south":{"uv":[13.75,8.25,15.75,9.375],"texture":"#0"},"west":{"uv":[13.125,12.375,13.25,13.5],"texture":"#0"},"up":{"uv":[13.125,12.375,15.125,12.5],"texture":"#0"},"down":{"uv":[13.375,13.375,13.625,13.5],"texture":"#0"}}},{"from":[6.0,-11.0,5.0],"to":[10.0,-2.0,6.0],"rotation":{"angle":0.0,"axis":"y","origin":[8.0,-2.0,16.0]},"faces":{"north":{"uv":[13.75,9.375,14.25,10.5],"texture":"#0"},"east":{"uv":[13.75,9.375,13.875,10.5],"texture":"#0"},"west":{"uv":[13.75,9.375,13.875,10.5],"texture":"#0"},"up":{"uv":[13.75,9.375,14.25,9.5],"texture":"#0"},"down":{"uv":[13.75,10.375,14.25,10.5],"texture":"#0"}}},{"from":[1.0,4.0,6.0],"to":[15.0,13.0,10.0],"rotation":{"angle":0.0,"axis":"y","origin":[8.0,13.0,16.0]},"faces":{"north":{"uv":[13.25,10.5,15.0,11.625],"texture":"#0"},"east":{"uv":[13.25,10.5,13.375,11.625],"texture":"#0"},"south":{"uv":[13.875,6.375,15.625,7.5],"texture":"#0"},"west":{"uv":[13.25,10.5,13.375,11.625],"texture":"#0"},"up":{"uv":[13.25,12.5,15.0,13.0],"texture":"#0"},"down":{"uv":[13.25,11.5,15.0,11.625],"texture":"#0"}}},{"from":[6.0,13.0,6.0],"to":[10.0,22.0,8.0],"rotation":{"angle":0.0,"axis":"y","origin":[8.0,13.0,16.0]},"faces":{"north":{"uv":[14.25,9.375,14.75,10.5],"texture":"#0"},"east":{"uv":[14.75,9.375,15.0,10.5],"texture":"#0"},"south":{"uv":[13.25,8.875,13.75,9.25],"texture":"#0"},"west":{"uv":[15.0,9.375,14.75,10.5],"texture":"#0"},"up":{"uv":[14.25,9.375,14.75,9.5],"texture":"#0"}}},{"from":[6.0,4.0,5.75],"to":[10.0,20.0,5.75],"rotation":{"angle":0.0,"axis":"y","origin":[8.0,13.0,15.75]},"faces":{"north":{"uv":[15.25,9.875,15.875,12.125],"texture":"#0"},"south":{"uv":[15.25,9.875,15.875,12.125],"texture":"#0"}}},{"from":[5.9,21.4,4.65],"to":[10.1,27.6,6.85],"rotation":{"angle":22.5,"axis":"x","origin":[8.0,18.0,6.75]},"faces":{"north":{"uv":[13.25,9.5,13.75,10.25],"texture":"#0"},"east":{"uv":[13.5,9.25,13.75,10.0],"texture":"#0"},"south":{"uv":[13.25,8.75,13.75,9.25],"texture":"#0"},"west":{"uv":[13.75,9.25,13.5,10.0],"texture":"#0"},"up":{"uv":[13.25,8.875,13.75,9.0],"texture":"#0"},"down":{"uv":[13.25,9.125,13.75,9.25],"texture":"#0"}}},{"from":[3.0,19.5,5.75],"to":[13.0,27.5,5.75],"rotation":{"angle":22.5,"axis":"x","origin":[8.0,18.0,6.75]},"faces":{"north":{"uv":[11.5,10.375,12.75,11.375],"texture":"#0"},"south":{"uv":[12.75,10.375,11.5,11.375],"texture":"#0"}}},{"from":[5.9,23.47654,2.46522],"to":[10.1,27.67654,4.66522],"rotation":{"angle":22.5,"axis":"x","origin":[8.0,18.07654,6.56522]},"faces":{"north":{"uv":[13.25,8.75,13.75,9.25],"texture":"#0"},"east":{"uv":[13.25,9.25,13.5,9.75],"texture":"#0"},"west":{"uv":[13.5,9.25,13.25,9.75],"texture":"#0"},"up":{"uv":[13.25,8.75,13.75,8.875],"texture":"#0"},"down":{"uv":[13.25,8.625,13.75,8.75],"texture":"#0"}}},{"from":[3.0,-2.0,6.0],"to":[13.0,4.0,10.0],"rotation":{"angle":0.0,"axis":"y","origin":[8.0,6.0,16.0]},"faces":{"north":{"uv":[13.5,11.625,14.75,12.375],"texture":"#0"},"east":{"uv":[13.5,11.625,13.625,12.375],"texture":"#0"},"south":{"uv":[14.125,7.5,15.375,8.25],"texture":"#0"},"west":{"uv":[13.5,11.625,13.625,12.375],"texture":"#0"}}},{"from":[6.0,0.0,3.75],"to":[10.0,0.0,6.25],"rotation":{"angle":0.0,"axis":"y","origin":[8.0,6.0,15.75]},"faces":{"up":{"uv":[13.25,10.25,13.75,10.5],"texture":"#0"},"down":{"uv":[5.375,0.125,5.875,0.375],"texture":"#0"}}},{"from":[6.0,-6.92326,4.13176],"to":[10.0,0.07674,4.13176],"rotation":{"angle":-22.5,"axis":"x","origin":[8.0,-0.92326,4.13176]},"faces":{"north":{"uv":[15.25,9.875,15.875,10.75],"texture":"#0"},"south":{"uv":[15.25,9.875,15.875,10.75],"texture":"#0"}}},{"from":[6.0,-0.45572,6.0461],"to":[10.0,6.54428,6.0461],"rotation":{"angle":22.5,"axis":"x","origin":[8.0,5.54428,6.0461]},"faces":{"north":{"uv":[15.25,9.875,15.875,10.75],"texture":"#0"},"south":{"uv":[15.25,9.875,15.875,10.75],"texture":"#0"}}},{"from":[0.0,-13.0,8.0],"to":[16.0,15.0,8.0],"rotation":{"angle":0.0,"axis":"y","origin":[8.0,7.0,16.0]},"faces":{"north":{"uv":[11.125,10.0,13.125,13.5],"texture":"#0"},"south":{"uv":[11.125,10.0,13.125,13.5],"texture":"#0"}}},{"from":[7.0,-9.0,12.0],"to":[9.0,11.0,14.0],"rotation":{"angle":-22.5,"axis":"x","origin":[8.0,0.5,13.5]},"faces":{"north":{"uv":[15.875,0.0,15.75,2.5],"texture":"#0"},"east":{"uv":[16.0,0.0,15.75,2.5],"texture":"#0"},"south":{"uv":[16.0,0.0,15.875,2.5],"texture":"#0"},"west":{"uv":[15.75,0.0,16.0,2.5],"texture":"#0"},"up":{"uv":[15.75,0.0,15.875,0.125],"texture":"#0"}}},{"from":[5.0,-10.25,4.0],"to":[11.0,-8.25,14.0],"rotation":{"angle":-22.5,"axis":"x","origin":[8.0,1.25,13.5]},"faces":{"north":{"uv":[14.75,0.0,14.875,0.25],"texture":"#0"},"east":{"uv":[15.75,0.0,14.75,0.25],"texture":"#0"},"south":{"uv":[14.75,0.0,14.875,0.25],"texture":"#0"},"west":{"uv":[14.75,0.0,15.75,0.25],"texture":"#0"},"up":{"uv":[15.0,0.25,15.75,1.25],"texture":"#0"},"down":{"uv":[15.75,0.125,14.75,0.25],"texture":"#0"}}}],"display":{"thirdperson_righthand":{"translation":[0.75,0.5,2.0],"rotation":[77.75,34.0,-8.0],"scale":[0.30469,0.30469,0.30469]},"thirdperson_lefthand":{"translation":[0.75,0.5,2.0],"rotation":[77.75,34.0,-8.0],"scale":[0.30469,0.30469,0.30469]},"firstperson_righthand":{"translation":[9.5,0.0,-5.75],"rotation":[3.0,112.0,-13.0],"scale":[0.27539,0.27539,0.27539]},"firstperson_lefthand":{"translation":[9.5,0.0,-5.75],"rotation":[3.0,112.0,-13.0],"scale":[0.27539,0.27539,0.27539]},"ground":{"translation":[0.0,4.25,0.0],"rotation":[11.0,0.0,0.0],"scale":[0.24804,0.24804,0.24804]},"gui":{"translation":[0.0,0.25,0.0],"rotation":[30.0,-158.0,0.0],"scale":[0.35313,0.35313,0.35313]},"head":{"translation":[0.0,-18.75,-0.5],"rotation":[11.0,0.0,0.0],"scale":[1.2,1.2,1.2]},"fixed":{"translation":[0.0,-3.25,-7.5]}},"credit":"Made with Blockbench","gui_light":"front"}