{"textures":{"0":"mcc:island_furniture/beds/beds_1","particle":"mcc:island_furniture/beds/beds_1"},"elements":[{"from":[0.01,3.01,0.01],"to":[15.99,5.99,32.0],"rotation":{"angle":0.0,"axis":"y","origin":[9.875,11.0,3.0]},"faces":{"north":{"uv":[11.625,13.625,12.0,15.625],"texture":"#0","tintindex":0,"rotation":90},"east":{"uv":[11.625,9.625,12.0,13.62625],"texture":"#0","tintindex":0,"rotation":90},"south":{"uv":[11.625,13.625,12.0,15.625],"texture":"#0","tintindex":0,"rotation":90},"west":{"uv":[11.625,9.625,12.0,13.62625],"texture":"#0","tintindex":0,"rotation":90},"up":{"uv":[13.625,5.625,15.625,9.625],"texture":"#0","tintindex":0},"down":{"uv":[13.625,5.625,15.625,9.625],"texture":"#0","tintindex":0}}},{"from":[-0.01,3.99,0.0],"to":[16.01,12.01,21.01],"rotation":{"angle":0.0,"axis":"y","origin":[9.875,13.0,3.0]},"faces":{"north":{"uv":[4.875,7.125,5.8775,9.1275],"texture":"#0","tintindex":0,"rotation":90},"east":{"uv":[14.25,0.0,15.25,2.625],"texture":"#0","tintindex":0,"rotation":90},"south":{"uv":[7.75,1.0,7.875,1.125],"texture":"#0","rotation":90},"west":{"uv":[14.25,2.625,15.25,0.0],"texture":"#0","tintindex":0,"rotation":90},"up":{"uv":[12.25,0.0,14.25,2.625],"texture":"#0","tintindex":0},"down":{"uv":[7.75,1.0,7.875,1.125],"texture":"#0","rotation":90}}},{"from":[0.0,6.0,21.0],"to":[16.0,12.0,32.0],"rotation":{"angle":0.0,"axis":"y","origin":[20.125,13.0,3.0]},"faces":{"north":{"uv":[3.625,5.875,3.75,5.75],"texture":"#0","rotation":90},"east":{"uv":[6.625,9.625,7.375,11.0],"texture":"#0","rotation":90},"south":{"uv":[6.375,15.125,7.125,13.125],"texture":"#0","rotation":90},"west":{"uv":[6.625,11.0,7.375,9.625],"texture":"#0","rotation":90},"up":{"uv":[7.125,15.125,8.5,13.125],"texture":"#0","rotation":90},"down":{"uv":[3.625,5.875,3.75,5.75],"texture":"#0","rotation":90}}},{"from":[2.0,10.35756,22.18432],"to":[14.0,14.35756,30.18432],"rotation":{"angle":-22.5,"axis":"x","origin":[1.0,13.60756,25.43432]},"faces":{"north":{"uv":[5.375,5.625,5.875,7.125],"texture":"#0","rotation":90},"east":{"uv":[4.375,7.125,4.875,8.125],"texture":"#0","rotation":90},"south":{"uv":[5.875,5.625,6.375,7.125],"texture":"#0","rotation":90},"west":{"uv":[4.375,8.125,4.875,7.125],"texture":"#0","rotation":90},"up":{"uv":[4.375,5.625,5.375,7.125],"texture":"#0","rotation":90},"down":{"uv":[5.625,5.625,5.75,5.75],"texture":"#0","rotation":90}}},{"from":[13.0,0.0,0.0],"to":[16.0,3.0,2.0],"rotation":{"angle":0.0,"axis":"y","origin":[11.125,6.0,-3.0]},"faces":{"north":{"uv":[6.125,1.5,5.75,1.875],"texture":"#0","tintindex":0},"east":{"uv":[6.0,1.5,6.125,1.875],"texture":"#0","tintindex":0},"south":{"uv":[5.75,1.5,6.125,1.875],"texture":"#0","tintindex":0},"west":{"uv":[6.0,1.5,5.75,1.875],"texture":"#0","tintindex":0},"down":{"uv":[6.0,1.375,6.125,1.5],"texture":"#0","tintindex":0}}},{"from":[0.0,0.0,0.0],"to":[3.0,3.0,2.0],"rotation":{"angle":0.0,"axis":"y","origin":[-7.125,6.0,-3.0]},"faces":{"north":{"uv":[5.75,1.5,6.125,1.875],"texture":"#0","tintindex":0},"east":{"uv":[6.0,1.5,5.75,1.875],"texture":"#0","tintindex":0},"south":{"uv":[6.125,1.5,5.75,1.875],"texture":"#0","tintindex":0},"west":{"uv":[6.0,1.5,6.125,1.875],"texture":"#0","tintindex":0},"down":{"uv":[6.0,1.375,6.125,1.5],"texture":"#0","tintindex":0}}},{"from":[13.0,0.0,30.0],"to":[16.0,3.0,32.0],"rotation":{"angle":0.0,"axis":"y","origin":[10.875,6.0,34.0]},"faces":{"north":{"uv":[6.125,1.5,5.75,1.875],"texture":"#0","tintindex":0},"east":{"uv":[6.0,1.5,6.125,1.875],"texture":"#0","tintindex":0},"south":{"uv":[5.75,1.5,6.125,1.875],"texture":"#0","tintindex":0},"west":{"uv":[5.875,1.5,6.0,1.875],"texture":"#0","tintindex":0},"down":{"uv":[6.0,1.375,6.125,1.5],"texture":"#0","tintindex":0}}},{"from":[0.0,0.0,30.0],"to":[3.0,3.0,32.0],"rotation":{"angle":0.0,"axis":"y","origin":[-6.875,6.0,34.0]},"faces":{"north":{"uv":[5.75,1.5,6.125,1.875],"texture":"#0","tintindex":0},"east":{"uv":[5.875,1.5,6.0,1.875],"texture":"#0","tintindex":0},"south":{"uv":[6.125,1.5,5.75,1.875],"texture":"#0","tintindex":0},"west":{"uv":[6.0,1.5,6.125,1.875],"texture":"#0","tintindex":0},"down":{"uv":[6.0,1.375,6.125,1.5],"texture":"#0","tintindex":0}}}],"display":{"thirdperson_righthand":{"translation":[-1.25,3.75,-1.5],"rotation":[63.0,34.0,0.0],"scale":[0.22657,0.22657,0.22657]},"thirdperson_lefthand":{"translation":[-1.25,3.75,-1.5],"rotation":[63.0,34.0,0.0],"scale":[0.22657,0.22657,0.22657]},"firstperson_righthand":{"translation":[8.0,-1.25,-5.5],"rotation":[3.0,112.0,-13.0],"scale":[0.23242,0.23242,0.23242]},"firstperson_lefthand":{"translation":[8.0,-1.25,-5.5],"rotation":[3.0,112.0,-13.0],"scale":[0.23242,0.23242,0.23242]},"ground":{"translation":[0.0,4.25,-1.5],"scale":[0.21289,0.21289,0.21289]},"gui":{"translation":[1.0,-1.0,0.0],"rotation":[30.0,-158.0,0.0],"scale":[0.38828,0.38828,0.38828]},"head":{"translation":[0.0,-30.5,0.0],"scale":[1.6,1.6,1.6]},"fixed":{"translation":[0.0,-3.25,-7.5]}},"credit":"Made with Blockbench","gui_light":"front"}