{"textures":{"0":"mcc:island_furniture/beds/beds_1","particle":"mcc:island_furniture/beds/beds_1"},"elements":[{"from":[-15.0,0.0,-14.0],"to":[15.0,5.0,30.0],"faces":{"north":{"uv":[3.75,0.625,7.5,1.25],"texture":"#0","tintindex":0},"east":{"uv":[3.75,0.0,9.25,0.625],"texture":"#0","tintindex":0},"south":{"uv":[3.75,0.625,7.5,1.25],"texture":"#0","tintindex":0},"west":{"uv":[3.75,0.0,9.25,0.625],"texture":"#0","tintindex":0},"up":{"uv":[0.0,0.0,3.75,5.5],"texture":"#0","tintindex":0},"down":{"uv":[0.0,0.0,3.75,5.5],"texture":"#0","tintindex":0,"rotation":180}}}],"display":{"thirdperson_righthand":{"translation":[1.0,2.0,-0.5],"rotation":[63.0,34.0,0.0],"scale":[0.1836,0.1836,0.1836]},"thirdperson_lefthand":{"translation":[-2.5,0.25,0.25],"rotation":[63.0,34.0,0.0],"scale":[0.1836,0.1836,0.1836]},"firstperson_righthand":{"translation":[6.75,1.75,-5.5],"rotation":[20.0,114.0,-31.0],"scale":[0.19531,0.19531,0.19531]},"firstperson_lefthand":{"translation":[6.75,1.75,-2.25],"rotation":[20.0,114.0,-31.0],"scale":[0.19531,0.19531,0.19531]},"ground":{"translation":[1.25,4.25,0.0],"scale":[0.18945,0.18945,0.18945]},"gui":{"translation":[-2.5,1.0,0.0],"rotation":[30.0,-158.0,0.0],"scale":[0.31211,0.31211,0.31211]},"head":{"translation":[0.0,-30.5,0.0],"scale":[1.6,1.6,1.6]},"fixed":{"translation":[0.0,-3.25,-7.5]}},"credit":"Made with Blockbench","gui_light":"front"}