{"textures":{"0":"mcc:island_furniture/beds/beds_1","1":"mcc:island_furniture/beds/beds_2","particle":"mcc:island_furniture/beds/beds_1"},"elements":[{"from":[0.0,3.0,2.0],"to":[16.0,6.0,30.0],"rotation":{"angle":0.0,"axis":"y","origin":[7.875,11.0,3.0]},"faces":{"north":{"uv":[0.0,9.875,0.125,10.0],"texture":"#1","rotation":90},"east":{"uv":[0.0,9.875,0.375,13.375],"texture":"#1","rotation":90},"south":{"uv":[0.0,9.875,0.125,10.0],"texture":"#1","rotation":90},"west":{"uv":[0.0,9.875,0.375,13.375],"texture":"#1","rotation":90},"up":{"uv":[0.25,9.875,2.25,13.375],"texture":"#1"},"down":{"uv":[0.25,9.875,2.25,13.375],"texture":"#1"}}},{"from":[-0.01,3.99,1.99],"to":[16.01,12.01,21.01],"rotation":{"angle":0.0,"axis":"y","origin":[7.875,13.0,3.0]},"faces":{"north":{"uv":[11.25,0.0,11.375,0.125],"texture":"#0","tintindex":0,"rotation":90},"east":{"uv":[11.25,0.0,12.2525,2.3775],"texture":"#0","tintindex":0,"rotation":90},"south":{"uv":[11.25,0.0,11.375,0.125],"texture":"#0","tintindex":0,"rotation":90},"west":{"uv":[11.25,0.0,12.2525,2.3775],"texture":"#0","tintindex":0,"rotation":90},"up":{"uv":[9.25,0.0,11.2525,2.3775],"texture":"#0","tintindex":0},"down":{"uv":[7.875,0.75,8.0,0.875],"texture":"#0","tintindex":0,"rotation":90}}},{"from":[0.0,6.0,21.0],"to":[16.0,12.0,30.0],"rotation":{"angle":0.0,"axis":"y","origin":[7.875,13.0,5.0]},"faces":{"north":{"uv":[3.625,5.75,3.75,5.875],"texture":"#0","rotation":90},"east":{"uv":[3.0,5.5,3.75,6.625],"texture":"#0","rotation":90},"south":{"uv":[3.625,5.75,3.75,5.875],"texture":"#0","rotation":90},"west":{"uv":[3.0,6.625,3.75,5.5],"texture":"#0","rotation":90},"up":{"uv":[8.125,0.625,9.25,2.625],"texture":"#0","rotation":90},"down":{"uv":[3.625,5.75,3.75,5.875],"texture":"#0","rotation":90}}},{"from":[0.0,2.0,30.0],"to":[16.0,21.0,32.0],"rotation":{"angle":0.0,"axis":"y","origin":[9.125,8.0,34.0]},"faces":{"north":{"uv":[2.0,1.625,4.0,4.0],"texture":"#1"},"east":{"uv":[2.0,1.625,2.125,4.0],"texture":"#1"},"south":{"uv":[2.0,1.625,4.0,4.0],"texture":"#1"},"west":{"uv":[2.0,1.625,2.125,4.0],"texture":"#1"},"up":{"uv":[2.375,0.0,4.375,0.125],"texture":"#1"},"down":{"uv":[2.375,1.5,4.375,1.625],"texture":"#1"}}},{"from":[0.0,2.0,0.0],"to":[16.0,15.0,2.0],"rotation":{"angle":0.0,"axis":"y","origin":[8.0,8.0,-6.0]},"faces":{"north":{"uv":[2.375,0.0,4.375,1.625],"texture":"#1"},"east":{"uv":[2.625,0.0,2.375,1.625],"texture":"#1"},"south":{"uv":[2.375,0.0,4.375,1.625],"texture":"#1"},"west":{"uv":[2.375,0.0,2.625,1.625],"texture":"#1"},"up":{"uv":[2.375,0.0,4.375,0.125],"texture":"#1"},"down":{"uv":[2.375,1.5,4.375,1.625],"texture":"#1"}}},{"from":[2.0,11.35756,22.18432],"to":[14.0,15.35756,30.18432],"rotation":{"angle":-22.5,"axis":"x","origin":[1.0,13.60756,25.43432]},"faces":{"north":{"uv":[5.375,5.625,5.875,7.125],"texture":"#0","rotation":90},"east":{"uv":[4.375,7.125,4.875,8.125],"texture":"#0","rotation":90},"south":{"uv":[5.875,5.625,6.375,7.125],"texture":"#0","rotation":90},"west":{"uv":[4.375,8.125,4.875,7.125],"texture":"#0","rotation":90},"up":{"uv":[4.375,5.625,5.375,7.125],"texture":"#0","rotation":90},"down":{"uv":[5.625,5.625,5.75,5.75],"texture":"#0","rotation":90}}},{"from":[-1.0,13.0,0.0],"to":[0.0,15.0,2.0],"rotation":{"angle":0.0,"axis":"y","origin":[10.0,8.0,-6.0]},"faces":{"north":{"uv":[0.125,0.0,0.0,0.25],"texture":"#1"},"east":{"uv":[3.75,1.25,3.875,1.5],"texture":"#1"},"south":{"uv":[0.0,0.0,0.125,0.25],"texture":"#1"},"west":{"uv":[0.125,0.0,0.0,0.25],"texture":"#1"},"up":{"uv":[0.0,0.0,0.125,0.125],"texture":"#1"},"down":{"uv":[0.625,0.125,0.75,0.25],"texture":"#1"}}},{"from":[-1.0,19.0,30.0],"to":[0.0,21.0,32.0],"rotation":{"angle":0.0,"axis":"y","origin":[10.0,8.0,-6.0]},"faces":{"north":{"uv":[0.125,0.0,0.0,0.25],"texture":"#1"},"east":{"uv":[3.75,1.25,3.875,1.5],"texture":"#1"},"south":{"uv":[0.0,0.0,0.125,0.25],"texture":"#1"},"west":{"uv":[0.125,0.0,0.0,0.25],"texture":"#1"},"up":{"uv":[0.0,0.0,0.125,0.125],"texture":"#1"},"down":{"uv":[0.625,0.125,0.75,0.25],"texture":"#1"}}},{"from":[16.0,19.0,30.0],"to":[17.0,21.0,32.0],"rotation":{"angle":0.0,"axis":"y","origin":[6.0,8.0,-6.0]},"faces":{"north":{"uv":[0.0,0.0,0.125,0.25],"texture":"#1"},"east":{"uv":[0.0,0.0,0.125,0.25],"texture":"#1"},"south":{"uv":[0.125,0.0,0.0,0.25],"texture":"#1"},"west":{"uv":[3.875,1.25,3.75,1.5],"texture":"#1"},"up":{"uv":[0.125,0.0,0.0,0.125],"texture":"#1"},"down":{"uv":[0.75,0.125,0.625,0.25],"texture":"#1"}}},{"from":[16.0,13.0,0.0],"to":[17.0,15.0,2.0],"rotation":{"angle":0.0,"axis":"y","origin":[6.0,8.0,-6.0]},"faces":{"north":{"uv":[0.0,0.0,0.125,0.25],"texture":"#1"},"east":{"uv":[0.0,0.0,0.125,0.25],"texture":"#1"},"south":{"uv":[0.125,0.0,0.0,0.25],"texture":"#1"},"west":{"uv":[3.875,1.25,3.75,1.5],"texture":"#1"},"up":{"uv":[0.125,0.0,0.0,0.125],"texture":"#1"},"down":{"uv":[0.75,0.125,0.625,0.25],"texture":"#1"}}},{"from":[0.0,0.0,0.0],"to":[3.0,2.0,2.0],"rotation":{"angle":0.0,"axis":"y","origin":[-7.125,6.0,-3.0]},"faces":{"north":{"uv":[2.0,0.0,2.375,0.25],"texture":"#1"},"east":{"uv":[2.125,0.0,2.25,0.25],"texture":"#1"},"south":{"uv":[2.375,0.0,2.0,0.25],"texture":"#1"},"west":{"uv":[2.25,0.0,2.375,0.25],"texture":"#1"},"up":{"uv":[2.125,0.0,2.25,0.125],"texture":"#1"},"down":{"uv":[2.125,0.125,2.25,0.25],"texture":"#1"}}},{"from":[13.0,0.0,0.0],"to":[16.0,2.0,2.0],"rotation":{"angle":0.0,"axis":"y","origin":[23.125,6.0,-3.0]},"faces":{"north":{"uv":[2.375,0.0,2.0,0.25],"texture":"#1"},"east":{"uv":[2.375,0.0,2.25,0.25],"texture":"#1"},"south":{"uv":[2.0,0.0,2.375,0.25],"texture":"#1"},"west":{"uv":[2.25,0.0,2.125,0.25],"texture":"#1"},"up":{"uv":[2.25,0.0,2.125,0.125],"texture":"#1"},"down":{"uv":[2.25,0.125,2.125,0.25],"texture":"#1"}}},{"from":[13.0,0.0,30.0],"to":[16.0,2.0,32.0],"rotation":{"angle":0.0,"axis":"y","origin":[23.125,6.0,-3.0]},"faces":{"north":{"uv":[2.375,0.0,2.0,0.25],"texture":"#1"},"east":{"uv":[2.375,0.0,2.25,0.25],"texture":"#1"},"south":{"uv":[2.0,0.0,2.375,0.25],"texture":"#1"},"west":{"uv":[2.25,0.0,2.125,0.25],"texture":"#1"},"up":{"uv":[2.25,0.0,2.125,0.125],"texture":"#1"},"down":{"uv":[2.25,0.125,2.125,0.25],"texture":"#1"}}},{"from":[0.0,0.0,30.0],"to":[3.0,2.0,32.0],"rotation":{"angle":0.0,"axis":"y","origin":[-7.125,6.0,-3.0]},"faces":{"north":{"uv":[2.0,0.0,2.375,0.25],"texture":"#1"},"east":{"uv":[2.125,0.0,2.25,0.25],"texture":"#1"},"south":{"uv":[2.375,0.0,2.0,0.25],"texture":"#1"},"west":{"uv":[2.25,0.0,2.375,0.25],"texture":"#1"},"up":{"uv":[2.125,0.0,2.25,0.125],"texture":"#1"},"down":{"uv":[2.125,0.125,2.25,0.25],"texture":"#1"}}}],"display":{"thirdperson_righthand":{"translation":[-1.25,3.75,-1.5],"rotation":[63.0,34.0,0.0],"scale":[0.22657,0.22657,0.22657]},"thirdperson_lefthand":{"translation":[-1.25,3.75,-1.5],"rotation":[63.0,34.0,0.0],"scale":[0.22657,0.22657,0.22657]},"firstperson_righthand":{"translation":[8.0,-1.25,-5.5],"rotation":[3.0,112.0,-13.0],"scale":[0.23242,0.23242,0.23242]},"firstperson_lefthand":{"translation":[8.0,-1.25,-5.5],"rotation":[3.0,112.0,-13.0],"scale":[0.23242,0.23242,0.23242]},"ground":{"translation":[0.0,4.25,-1.5],"scale":[0.21289,0.21289,0.21289]},"gui":{"translation":[1.0,-2.0,0.0],"rotation":[30.0,-158.0,0.0],"scale":[0.38828,0.38828,0.38828]},"head":{"translation":[0.0,-30.5,0.0],"scale":[1.6,1.6,1.6]},"fixed":{"translation":[0.0,-3.25,-7.5]}},"credit":"Made with Blockbench","gui_light":"front"}