{"textures":{"0":"mcc:island_furniture/beds/beds_1","1":"mcc:island_furniture/beds/beds_2","particle":"mcc:island_furniture/beds/beds_1"},"elements":[{"from":[-14.0,3.0,-14.0],"to":[18.0,6.0,30.0],"rotation":{"angle":0.0,"axis":"y","origin":[9.875,11.0,3.0]},"faces":{"north":{"uv":[0.0,4.375,0.125,4.5],"texture":"#1","rotation":90},"east":{"uv":[0.0,4.375,0.375,9.875],"texture":"#1","rotation":90},"south":{"uv":[0.0,4.375,0.125,4.5],"texture":"#1","rotation":90},"west":{"uv":[0.0,4.375,0.375,9.875],"texture":"#1","rotation":90},"up":{"uv":[0.375,4.375,4.375,9.875],"texture":"#1"},"down":{"uv":[0.375,4.375,4.375,9.875],"texture":"#1"}}},{"from":[1.99,3.99,-14.01],"to":[18.01,12.01,19.01],"rotation":{"angle":0.0,"axis":"y","origin":[9.875,13.0,3.0]},"faces":{"north":{"uv":[7.75,1.0,7.875,1.125],"texture":"#0","rotation":90},"east":{"uv":[2.0,5.5,3.0025,9.6275],"texture":"#0","tintindex":0,"rotation":90},"south":{"uv":[7.75,1.0,7.875,1.125],"texture":"#0","rotation":90},"west":{"uv":[7.75,1.0,7.875,1.125],"texture":"#0","rotation":90},"up":{"uv":[0.0,5.5,2.0025,9.6275],"texture":"#0","tintindex":0},"down":{"uv":[7.75,1.0,7.875,1.125],"texture":"#0","rotation":90}}},{"from":[2.0,6.0,19.0],"to":[18.0,12.0,30.0],"rotation":{"angle":0.0,"axis":"y","origin":[9.875,13.0,3.0]},"faces":{"north":{"uv":[3.625,5.75,3.75,5.875],"texture":"#0","rotation":90},"east":{"uv":[3.0,5.5,3.75,6.875],"texture":"#0","rotation":90},"south":{"uv":[3.625,5.75,3.75,5.875],"texture":"#0","rotation":90},"west":{"uv":[3.0,6.625,3.75,5.5],"texture":"#0","rotation":90},"up":{"uv":[3.0,6.875,4.375,8.875],"texture":"#0","rotation":90},"down":{"uv":[3.625,5.75,3.75,5.875],"texture":"#0","rotation":90}}},{"from":[-14.0,6.0,19.0],"to":[2.0,12.0,30.0],"rotation":{"angle":0.0,"axis":"y","origin":[6.125,13.0,3.0]},"faces":{"north":{"uv":[3.625,5.875,3.75,5.75],"texture":"#0","rotation":90},"east":{"uv":[3.0,5.5,3.75,6.625],"texture":"#0","rotation":90},"south":{"uv":[3.625,5.875,3.75,5.75],"texture":"#0","rotation":90},"west":{"uv":[3.0,6.875,3.75,5.5],"texture":"#0","rotation":90},"up":{"uv":[3.0,8.875,4.375,6.875],"texture":"#0","rotation":90},"down":{"uv":[3.625,5.875,3.75,5.75],"texture":"#0","rotation":90}}},{"from":[-14.01,3.99,-14.01],"to":[2.01,12.01,19.01],"rotation":{"angle":0.0,"axis":"y","origin":[8.125,13.0,3.0]},"faces":{"north":{"uv":[7.75,1.0,7.875,1.125],"texture":"#0","rotation":90},"east":{"uv":[7.75,1.0,7.875,1.125],"texture":"#0","rotation":90},"south":{"uv":[7.75,1.0,7.875,1.125],"texture":"#0","rotation":90},"west":{"uv":[2.0,9.6275,3.0025,5.5],"texture":"#0","tintindex":0,"rotation":90},"up":{"uv":[2.0025,5.5,0.0,9.6275],"texture":"#0","tintindex":0},"down":{"uv":[7.75,1.0,7.875,1.125],"texture":"#0","rotation":90}}},{"from":[2.875,11.26294,21.70178],"to":[14.875,15.26294,29.70178],"rotation":{"angle":-22.5,"axis":"x","origin":[7.875,12.76294,24.70178]},"faces":{"north":{"uv":[5.375,5.625,5.875,7.125],"texture":"#0","rotation":90},"east":{"uv":[4.375,7.125,4.875,8.125],"texture":"#0","rotation":90},"south":{"uv":[5.875,5.625,6.375,7.125],"texture":"#0","rotation":90},"west":{"uv":[4.375,8.125,4.875,7.125],"texture":"#0","rotation":90},"up":{"uv":[4.375,5.625,5.375,7.125],"texture":"#0","rotation":90},"down":{"uv":[5.625,5.625,5.75,5.75],"texture":"#0","rotation":90}}},{"from":[-11.125,11.26294,21.70178],"to":[0.875,15.26294,29.70178],"rotation":{"angle":-22.5,"axis":"x","origin":[7.875,12.76294,24.70178]},"faces":{"north":{"uv":[5.375,5.625,5.875,7.125],"texture":"#0","rotation":90},"east":{"uv":[4.375,7.125,4.875,8.125],"texture":"#0","rotation":90},"south":{"uv":[5.875,5.625,6.375,7.125],"texture":"#0","rotation":90},"west":{"uv":[4.375,8.125,4.875,7.125],"texture":"#0","rotation":90},"up":{"uv":[4.375,5.625,5.375,7.125],"texture":"#0","rotation":90},"down":{"uv":[5.625,5.625,5.75,5.75],"texture":"#0","rotation":90}}},{"from":[2.0,2.0,30.0],"to":[18.0,24.0,32.0],"rotation":{"angle":0.0,"axis":"y","origin":[11.125,8.0,34.0]},"faces":{"north":{"uv":[0.0,1.625,2.0,4.375],"texture":"#1"},"east":{"uv":[0.0,1.625,0.125,4.375],"texture":"#1"},"south":{"uv":[2.0,1.625,0.0,4.375],"texture":"#1"},"west":{"uv":[1.875,0.0,2.0,2.875],"texture":"#1"},"up":{"uv":[0.0,0.0,2.0,0.125],"texture":"#1"},"down":{"uv":[0.875,1.625,1.0,1.5],"texture":"#1","rotation":90}}},{"from":[-14.0,2.0,30.0],"to":[2.0,24.0,32.0],"rotation":{"angle":0.0,"axis":"y","origin":[-7.125,8.0,34.0]},"faces":{"north":{"uv":[2.0,1.625,0.0,4.375],"texture":"#1"},"east":{"uv":[2.0,0.0,1.875,2.875],"texture":"#1"},"south":{"uv":[0.0,1.625,2.0,4.375],"texture":"#1"},"west":{"uv":[0.0,1.625,0.125,4.375],"texture":"#1"},"up":{"uv":[0.0,0.0,2.0,0.125],"texture":"#1"},"down":{"uv":[0.875,1.625,1.0,1.5],"texture":"#1","rotation":90}}},{"from":[-15.0,13.0,-16.0],"to":[-14.0,15.0,-14.0],"rotation":{"angle":0.0,"axis":"y","origin":[10.0,8.0,-6.0]},"faces":{"north":{"uv":[0.125,0.0,0.0,0.25],"texture":"#1"},"east":{"uv":[3.75,1.25,3.875,1.5],"texture":"#1"},"south":{"uv":[0.0,0.0,0.125,0.25],"texture":"#1"},"west":{"uv":[0.125,0.0,0.0,0.25],"texture":"#1"},"up":{"uv":[0.0,0.0,0.125,0.125],"texture":"#1"},"down":{"uv":[0.625,0.125,0.75,0.25],"texture":"#1"}}},{"from":[-14.0,2.0,-16.0],"to":[2.0,15.0,-14.0],"rotation":{"angle":0.0,"axis":"y","origin":[-6.0,8.0,-6.0]},"faces":{"north":{"uv":[2.0,0.0,0.0,1.625],"texture":"#1"},"east":{"uv":[2.0,0.0,1.75,1.625],"texture":"#1"},"south":{"uv":[0.0,0.0,2.0,1.625],"texture":"#1"},"west":{"uv":[0.0,0.0,0.25,1.625],"texture":"#1"},"up":{"uv":[0.0,0.0,2.0,0.125],"texture":"#1"},"down":{"uv":[0.875,1.5,1.0,1.625],"texture":"#1","rotation":90}}},{"from":[-14.0,0.0,-16.0],"to":[-11.0,2.0,-14.0],"rotation":{"angle":0.0,"axis":"y","origin":[-7.125,6.0,-3.0]},"faces":{"north":{"uv":[2.0,0.0,2.375,0.25],"texture":"#1"},"east":{"uv":[2.125,0.0,2.25,0.25],"texture":"#1"},"south":{"uv":[2.375,0.0,2.0,0.25],"texture":"#1"},"west":{"uv":[2.25,0.0,2.375,0.25],"texture":"#1"},"up":{"uv":[2.125,0.0,2.25,0.125],"texture":"#1"},"down":{"uv":[2.125,0.125,2.25,0.25],"texture":"#1"}}},{"from":[2.0,2.0,-16.0],"to":[18.0,15.0,-14.0],"rotation":{"angle":0.0,"axis":"y","origin":[22.0,8.0,-6.0]},"faces":{"north":{"uv":[0.0,0.0,2.0,1.625],"texture":"#1"},"east":{"uv":[0.25,0.0,0.0,1.625],"texture":"#1"},"south":{"uv":[2.0,0.0,0.0,1.625],"texture":"#1"},"west":{"uv":[1.75,0.0,2.0,1.625],"texture":"#1"},"up":{"uv":[2.0,0.0,0.0,0.125],"texture":"#1"},"down":{"uv":[0.875,1.625,1.0,1.5],"texture":"#1","rotation":90}}},{"from":[15.0,0.0,-16.0],"to":[18.0,2.0,-14.0],"rotation":{"angle":0.0,"axis":"y","origin":[23.125,6.0,-3.0]},"faces":{"north":{"uv":[2.375,0.0,2.0,0.25],"texture":"#1"},"east":{"uv":[2.375,0.0,2.25,0.25],"texture":"#1"},"south":{"uv":[2.0,0.0,2.375,0.25],"texture":"#1"},"west":{"uv":[2.25,0.0,2.125,0.25],"texture":"#1"},"up":{"uv":[2.25,0.0,2.125,0.125],"texture":"#1"},"down":{"uv":[2.25,0.125,2.125,0.25],"texture":"#1"}}},{"from":[15.0,0.0,30.0],"to":[18.0,2.0,32.0],"rotation":{"angle":0.0,"axis":"y","origin":[23.125,6.0,-3.0]},"faces":{"north":{"uv":[2.375,0.0,2.0,0.25],"texture":"#1"},"east":{"uv":[2.375,0.0,2.25,0.25],"texture":"#1"},"south":{"uv":[2.0,0.0,2.375,0.25],"texture":"#1"},"west":{"uv":[2.25,0.0,2.125,0.25],"texture":"#1"},"up":{"uv":[2.25,0.0,2.125,0.125],"texture":"#1"},"down":{"uv":[2.25,0.125,2.125,0.25],"texture":"#1"}}},{"from":[-14.0,0.0,30.0],"to":[-11.0,2.0,32.0],"rotation":{"angle":0.0,"axis":"y","origin":[-7.125,6.0,-3.0]},"faces":{"north":{"uv":[2.0,0.0,2.375,0.25],"texture":"#1"},"east":{"uv":[2.125,0.0,2.25,0.25],"texture":"#1"},"south":{"uv":[2.375,0.0,2.0,0.25],"texture":"#1"},"west":{"uv":[2.25,0.0,2.375,0.25],"texture":"#1"},"up":{"uv":[2.125,0.0,2.25,0.125],"texture":"#1"},"down":{"uv":[2.125,0.125,2.25,0.25],"texture":"#1"}}},{"from":[18.0,13.0,-16.0],"to":[19.0,15.0,-14.0],"rotation":{"angle":0.0,"axis":"y","origin":[6.0,8.0,-6.0]},"faces":{"north":{"uv":[0.0,0.0,0.125,0.25],"texture":"#1"},"east":{"uv":[0.0,0.0,0.125,0.25],"texture":"#1"},"south":{"uv":[0.125,0.0,0.0,0.25],"texture":"#1"},"west":{"uv":[3.875,1.25,3.75,1.5],"texture":"#1"},"up":{"uv":[0.125,0.0,0.0,0.125],"texture":"#1"},"down":{"uv":[0.75,0.125,0.625,0.25],"texture":"#1"}}},{"from":[-15.0,22.0,30.0],"to":[-14.0,24.0,32.0],"rotation":{"angle":0.0,"axis":"y","origin":[10.0,8.0,-6.0]},"faces":{"north":{"uv":[0.125,0.0,0.0,0.25],"texture":"#1"},"east":{"uv":[3.75,1.25,3.875,1.5],"texture":"#1"},"south":{"uv":[0.0,0.0,0.125,0.25],"texture":"#1"},"west":{"uv":[0.125,0.0,0.0,0.25],"texture":"#1"},"up":{"uv":[0.0,0.0,0.125,0.125],"texture":"#1"},"down":{"uv":[0.625,0.125,0.75,0.25],"texture":"#1"}}},{"from":[18.0,22.0,30.0],"to":[19.0,24.0,32.0],"rotation":{"angle":0.0,"axis":"y","origin":[6.0,8.0,-6.0]},"faces":{"north":{"uv":[0.0,0.0,0.125,0.25],"texture":"#1"},"east":{"uv":[0.0,0.0,0.125,0.25],"texture":"#1"},"south":{"uv":[0.125,0.0,0.0,0.25],"texture":"#1"},"west":{"uv":[3.875,1.25,3.75,1.5],"texture":"#1"},"up":{"uv":[0.125,0.0,0.0,0.125],"texture":"#1"},"down":{"uv":[0.75,0.125,0.625,0.25],"texture":"#1"}}}],"display":{"thirdperson_righthand":{"translation":[0.5,2.75,-1.0],"rotation":[63.0,34.0,0.0],"scale":[0.17579,0.17579,0.17579]},"thirdperson_lefthand":{"translation":[-1.75,1.75,-1.0],"rotation":[63.0,34.0,0.0],"scale":[0.17579,0.17579,0.17579]},"firstperson_righthand":{"translation":[8.0,-1.25,-5.5],"rotation":[3.0,112.0,-13.0],"scale":[0.15625,0.15625,0.15625]},"firstperson_lefthand":{"translation":[8.0,-1.25,-4.0],"rotation":[3.0,112.0,-13.0],"scale":[0.15625,0.15625,0.15625]},"ground":{"translation":[0.5,4.25,0.0],"scale":[0.18164,0.18164,0.18164]},"gui":{"translation":[-1.5,-1.0,0.0],"rotation":[30.0,-158.0,0.0],"scale":[0.28281,0.28281,0.28281]},"head":{"translation":[-3.2,-30.5,0.0],"scale":[1.6,1.6,1.6]},"fixed":{"translation":[0.0,-3.25,-7.5]}},"credit":"Made with Blockbench","gui_light":"front"}