{"textures":{"0":"mcc:island_furniture/beds/beds_1","1":"mcc:island_furniture/beds/beds_2","particle":"mcc:island_furniture/beds/beds_1"},"elements":[{"from":[14.0,-16.0,-1.0],"to":[16.0,29.0,1.0],"rotation":{"angle":0.0,"axis":"y","origin":[9.125,24.0,33.0]},"faces":{"north":{"uv":[7.0,9.875,7.25,15.5],"texture":"#1"},"east":{"uv":[7.25,9.875,7.0,15.5],"texture":"#1"},"south":{"uv":[7.0,9.875,7.25,15.5],"texture":"#1"},"west":{"uv":[7.25,9.875,7.0,15.5],"texture":"#1"},"up":{"uv":[7.25,13.875,7.5,14.125],"texture":"#1"},"down":{"uv":[1.625,14.125,1.75,14.25],"texture":"#1","rotation":90}}},{"from":[0.0,-16.0,-1.0],"to":[2.0,29.0,1.0],"rotation":{"angle":0.0,"axis":"y","origin":[6.875,24.0,33.0]},"faces":{"north":{"uv":[7.25,9.875,7.0,15.5],"texture":"#1"},"east":{"uv":[7.0,9.875,7.25,15.5],"texture":"#1"},"south":{"uv":[7.25,9.875,7.0,15.5],"texture":"#1"},"west":{"uv":[7.0,9.875,7.25,15.5],"texture":"#1"},"up":{"uv":[7.5,13.875,7.25,14.125],"texture":"#1"},"down":{"uv":[1.625,14.25,1.75,14.125],"texture":"#1","rotation":90}}},{"from":[0.0,-16.0,29.0],"to":[2.0,29.0,31.0],"rotation":{"angle":0.0,"axis":"y","origin":[6.875,24.0,-17.0]},"faces":{"north":{"uv":[7.0,9.875,7.25,15.5],"texture":"#1"},"east":{"uv":[7.25,9.875,7.0,15.5],"texture":"#1"},"south":{"uv":[7.0,9.875,7.25,15.5],"texture":"#1"},"west":{"uv":[7.25,9.875,7.0,15.5],"texture":"#1"},"up":{"uv":[7.5,14.125,7.25,13.875],"texture":"#1"},"down":{"uv":[1.75,14.25,1.625,14.125],"texture":"#1","rotation":90}}},{"from":[14.0,-16.0,29.0],"to":[16.0,29.0,31.0],"rotation":{"angle":0.0,"axis":"y","origin":[9.125,24.0,-17.0]},"faces":{"north":{"uv":[7.25,9.875,7.0,15.5],"texture":"#1"},"east":{"uv":[7.0,9.875,7.25,15.5],"texture":"#1"},"south":{"uv":[7.25,9.875,7.0,15.5],"texture":"#1"},"west":{"uv":[7.0,9.875,7.25,15.5],"texture":"#1"},"up":{"uv":[7.25,14.125,7.5,13.875],"texture":"#1"},"down":{"uv":[1.75,14.125,1.625,14.25],"texture":"#1","rotation":90}}},{"from":[0.0,-12.0,1.0],"to":[16.0,-9.0,29.0],"rotation":{"angle":0.0,"axis":"y","origin":[7.875,-4.0,2.0]},"faces":{"north":{"uv":[0.625,9.875,0.75,10.0],"texture":"#1","rotation":90},"east":{"uv":[0.0,9.875,0.375,13.375],"texture":"#1","rotation":90},"south":{"uv":[0.625,9.875,0.75,10.0],"texture":"#1","rotation":90},"west":{"uv":[0.0,9.875,0.375,13.375],"texture":"#1","rotation":90},"up":{"uv":[0.25,9.875,2.25,13.375],"texture":"#1","rotation":180},"down":{"uv":[0.25,9.875,2.25,13.375],"texture":"#1","rotation":180}}},{"from":[-0.01,-11.01,0.99],"to":[16.01,-2.99,20.01],"rotation":{"angle":0.0,"axis":"y","origin":[7.875,-2.0,2.0]},"faces":{"north":{"uv":[11.25,0.0,11.375,0.125],"texture":"#0","tintindex":0,"rotation":90},"east":{"uv":[11.25,0.0,12.2525,2.3775],"texture":"#0","tintindex":0,"rotation":90},"south":{"uv":[11.25,0.0,11.375,0.125],"texture":"#0","tintindex":0,"rotation":90},"west":{"uv":[11.25,0.0,12.2525,2.3775],"texture":"#0","tintindex":0,"rotation":90},"up":{"uv":[9.25,0.0,11.2525,2.3775],"texture":"#0","tintindex":0},"down":{"uv":[7.875,0.75,8.0,0.875],"texture":"#0","tintindex":0,"rotation":90}}},{"from":[0.0,-9.0,20.0],"to":[16.0,-3.0,29.0],"rotation":{"angle":0.0,"axis":"y","origin":[7.875,-2.0,4.0]},"faces":{"north":{"uv":[3.625,5.75,3.75,5.875],"texture":"#0","rotation":90},"east":{"uv":[3.0,5.5,3.75,6.625],"texture":"#0","rotation":90},"south":{"uv":[3.625,5.75,3.75,5.875],"texture":"#0","rotation":90},"west":{"uv":[3.0,6.625,3.75,5.5],"texture":"#0","rotation":90},"up":{"uv":[8.125,0.625,9.25,2.625],"texture":"#0","rotation":90},"down":{"uv":[3.625,5.75,3.75,5.875],"texture":"#0","rotation":90}}},{"from":[2.0,-3.64244,21.18432],"to":[14.0,0.35756,29.18432],"rotation":{"angle":-22.5,"axis":"x","origin":[1.0,-1.39244,24.43432]},"faces":{"north":{"uv":[5.375,5.625,5.875,7.125],"texture":"#0","rotation":90},"east":{"uv":[4.375,7.125,4.875,8.125],"texture":"#0","rotation":90},"south":{"uv":[5.875,5.625,6.375,7.125],"texture":"#0","rotation":90},"west":{"uv":[4.375,8.125,4.875,7.125],"texture":"#0","rotation":90},"up":{"uv":[4.375,5.625,5.375,7.125],"texture":"#0","rotation":90},"down":{"uv":[5.625,5.625,5.75,5.75],"texture":"#0","rotation":90}}},{"from":[0.0,16.0,1.0],"to":[16.0,19.0,29.0],"rotation":{"angle":0.0,"axis":"y","origin":[7.875,24.0,2.0]},"faces":{"north":{"uv":[0.625,9.875,0.75,10.0],"texture":"#1","rotation":90},"east":{"uv":[0.0,9.875,0.375,13.375],"texture":"#1","rotation":90},"south":{"uv":[0.625,9.875,0.75,10.0],"texture":"#1","rotation":90},"west":{"uv":[0.0,9.875,0.375,13.375],"texture":"#1","rotation":90},"up":{"uv":[0.25,9.875,2.25,13.375],"texture":"#1","rotation":180},"down":{"uv":[0.25,9.875,2.25,13.375],"texture":"#1","rotation":180}}},{"from":[-0.01,16.99,0.99],"to":[16.01,25.01,20.01],"rotation":{"angle":0.0,"axis":"y","origin":[7.875,26.0,2.0]},"faces":{"north":{"uv":[11.25,0.0,11.375,0.125],"texture":"#0","tintindex":0,"rotation":90},"east":{"uv":[11.25,0.0,12.2525,2.3775],"texture":"#0","tintindex":0,"rotation":90},"south":{"uv":[11.25,0.0,11.375,0.125],"texture":"#0","tintindex":0,"rotation":90},"west":{"uv":[11.25,0.0,12.2525,2.3775],"texture":"#0","tintindex":0,"rotation":90},"up":{"uv":[9.25,0.0,11.2525,2.3775],"texture":"#0","tintindex":0},"down":{"uv":[7.875,0.75,8.0,0.875],"texture":"#0","tintindex":0,"rotation":90}}},{"from":[0.0,19.0,20.0],"to":[16.0,25.0,29.0],"rotation":{"angle":0.0,"axis":"y","origin":[7.875,26.0,4.0]},"faces":{"north":{"uv":[3.625,5.75,3.75,5.875],"texture":"#0","rotation":90},"east":{"uv":[3.0,5.5,3.75,6.625],"texture":"#0","rotation":90},"south":{"uv":[3.625,5.75,3.75,5.875],"texture":"#0","rotation":90},"west":{"uv":[3.0,6.625,3.75,5.5],"texture":"#0","rotation":90},"up":{"uv":[8.125,0.625,9.25,2.625],"texture":"#0","rotation":90},"down":{"uv":[3.625,5.75,3.75,5.875],"texture":"#0","rotation":90}}},{"from":[2.0,24.35756,21.18432],"to":[14.0,28.35756,29.18432],"rotation":{"angle":-22.5,"axis":"x","origin":[1.0,26.60756,24.43432]},"faces":{"north":{"uv":[5.375,5.625,5.875,7.125],"texture":"#0","rotation":90},"east":{"uv":[4.375,7.125,4.875,8.125],"texture":"#0","rotation":90},"south":{"uv":[5.875,5.625,6.375,7.125],"texture":"#0","rotation":90},"west":{"uv":[4.375,8.125,4.875,7.125],"texture":"#0","rotation":90},"up":{"uv":[4.375,5.625,5.375,7.125],"texture":"#0","rotation":90},"down":{"uv":[5.625,5.625,5.75,5.75],"texture":"#0","rotation":90}}},{"from":[-0.03,14.97,-1.03],"to":[16.03,29.03,31.03],"rotation":{"angle":0.0,"axis":"y","origin":[9.125,24.0,33.0]},"faces":{"north":{"uv":[0.25,13.375,2.25,15.125],"texture":"#1"},"east":{"uv":[7.25,9.875,9.0,13.875],"texture":"#1","rotation":90},"south":{"uv":[0.25,13.375,2.25,15.125],"texture":"#1"},"west":{"uv":[13.625,5.5,15.375,9.5],"texture":"#1","rotation":90},"up":{"uv":[8.0,2.875,10.0,3.0],"texture":"#0"},"down":{"uv":[9.875,5.875,11.875,9.875],"texture":"#1"}}},{"from":[16.25,-16.0,1.0],"to":[16.25,18.97,12.0],"rotation":{"angle":0.0,"axis":"y","origin":[16.25,0.015,6.5]},"faces":{"north":{"uv":[6.625,5.5,6.75,9.87125],"texture":"#1"},"east":{"uv":[12.125,5.5,13.5,9.87125],"texture":"#1"},"south":{"uv":[6.625,5.5,6.75,9.87125],"texture":"#1"},"west":{"uv":[12.125,5.5,13.5,9.87125],"texture":"#1"},"up":{"uv":[6.625,5.5,8.0,5.625],"texture":"#1","rotation":90},"down":{"uv":[6.625,9.75,8.0,9.875],"texture":"#1","rotation":90}}},{"from":[2.0,-12.0,-1.0],"to":[14.0,2.0,1.0],"rotation":{"angle":0.0,"axis":"y","origin":[9.125,24.0,33.0]},"faces":{"north":{"uv":[0.5,13.375,2.0,15.125],"texture":"#1"},"east":{"uv":[0.5,13.375,0.625,15.125],"texture":"#1"},"south":{"uv":[0.5,13.375,2.0,15.125],"texture":"#1"},"west":{"uv":[0.5,13.375,0.625,15.125],"texture":"#1"},"up":{"uv":[0.0,13.375,0.25,14.875],"texture":"#1","rotation":90},"down":{"uv":[1.5,13.625,1.625,13.75],"texture":"#1","rotation":90}}},{"from":[2.0,-12.0,29.0],"to":[14.0,2.0,31.0],"rotation":{"angle":0.0,"axis":"y","origin":[9.125,24.0,33.0]},"faces":{"north":{"uv":[0.5,13.375,2.0,15.125],"texture":"#1"},"east":{"uv":[10.5,2.375,10.625,4.125],"texture":"#0"},"south":{"uv":[0.5,13.375,2.0,15.125],"texture":"#1"},"west":{"uv":[10.5,2.375,10.625,4.125],"texture":"#0"},"up":{"uv":[0.0,13.375,0.25,14.875],"texture":"#1","rotation":90},"down":{"uv":[1.5,13.625,1.625,13.75],"texture":"#1","rotation":90}}},{"from":[16.03,29.03,31.03],"to":[-0.03,14.97,-1.03],"rotation":{"angle":0.0,"axis":"y","origin":[-9.125,-24.0,-33.0]},"faces":{"north":{"uv":[0.25,15.125,2.25,13.375],"texture":"#1"},"east":{"uv":[15.375,5.5,13.625,9.5],"texture":"#1","rotation":90},"south":{"uv":[0.25,15.125,2.25,13.375],"texture":"#1"},"west":{"uv":[9.0,9.875,7.25,13.875],"texture":"#1","rotation":90},"up":{"uv":[11.875,5.875,9.875,9.875],"texture":"#1"},"down":{"uv":[10.0,2.875,8.0,3.0],"texture":"#0"}}}],"display":{"thirdperson_righthand":{"translation":[-0.75,3.0,0.5],"rotation":[63.0,34.0,0.0],"scale":[0.22657,0.22657,0.22657]},"thirdperson_lefthand":{"translation":[-0.75,3.0,0.5],"rotation":[63.0,34.0,0.0],"scale":[0.22657,0.22657,0.22657]},"firstperson_righthand":{"translation":[8.0,-1.25,-5.5],"rotation":[3.0,112.0,-13.0],"scale":[0.19336,0.19336,0.19336]},"firstperson_lefthand":{"translation":[8.0,-1.25,-5.5],"rotation":[3.0,112.0,-13.0],"scale":[0.19336,0.19336,0.19336]},"ground":{"translation":[0.0,4.25,-1.5],"scale":[0.21289,0.21289,0.21289]},"gui":{"translation":[1.25,-0.25,0.0],"rotation":[30.0,-135.5,0.0],"scale":[0.27695,0.27695,0.27695]},"head":{"translation":[0.0,-10.55,1.6],"scale":[1.6,1.6,1.6]},"fixed":{"translation":[0.0,-3.25,-7.5]}},"credit":"Made with Blockbench","gui_light":"front"}