{"textures":{"0":"mcc:island_furniture/beds/beds_2","1":"mcc:island_furniture/beds/beds_1","particle":"mcc:island_furniture/beds/beds_2"},"elements":[{"from":[0.0,3.0,2.0],"to":[16.0,6.0,30.0],"rotation":{"angle":0.0,"axis":"y","origin":[7.875,11.0,3.0]},"faces":{"north":{"uv":[4.5,5.375,6.5,5.75],"texture":"#0","tintindex":0},"east":{"uv":[4.5,5.375,8.0,5.0],"texture":"#0"},"south":{"uv":[4.5,5.375,6.5,5.75],"texture":"#0","tintindex":0},"west":{"uv":[4.5,5.375,8.0,5.0],"texture":"#0"},"up":{"uv":[4.5,3.0,8.0,5.0],"texture":"#0","rotation":90},"down":{"uv":[4.5,3.0,8.0,5.0],"texture":"#0","rotation":90}}},{"from":[-0.01,3.99,1.99],"to":[16.01,12.01,21.01],"rotation":{"angle":0.0,"axis":"y","origin":[7.875,13.0,3.0]},"faces":{"north":{"uv":[4.875,7.125,5.8775,9.1275],"texture":"#1","tintindex":0,"rotation":90},"east":{"uv":[11.25,0.0,12.2525,2.3775],"texture":"#1","tintindex":0,"rotation":90},"south":{"uv":[11.25,0.0,11.375,0.125],"texture":"#1","tintindex":0,"rotation":90},"west":{"uv":[11.25,0.0,12.2525,2.3775],"texture":"#1","tintindex":0,"rotation":90},"up":{"uv":[9.25,0.0,11.2525,2.3775],"texture":"#1","tintindex":0},"down":{"uv":[7.875,0.75,8.0,0.875],"texture":"#1","tintindex":0,"rotation":90}}},{"from":[0.0,6.0,21.0],"to":[16.0,12.0,30.0],"rotation":{"angle":0.0,"axis":"y","origin":[7.875,13.0,5.0]},"faces":{"north":{"uv":[3.625,5.75,3.75,5.875],"texture":"#1","rotation":90},"east":{"uv":[3.0,5.5,3.75,6.625],"texture":"#1","rotation":90},"south":{"uv":[6.375,13.125,7.125,15.125],"texture":"#1","tintindex":0,"rotation":90},"west":{"uv":[3.0,6.625,3.75,5.5],"texture":"#1","rotation":90},"up":{"uv":[8.125,0.625,9.25,2.625],"texture":"#1","rotation":90},"down":{"uv":[3.625,5.75,3.75,5.875],"texture":"#1","rotation":90}}},{"from":[14.0,0.0,30.0],"to":[16.0,22.0,32.0],"rotation":{"angle":0.0,"axis":"y","origin":[9.125,8.0,34.0]},"faces":{"north":{"uv":[6.375,0.0,6.625,2.625],"texture":"#0"},"east":{"uv":[6.625,0.0,6.375,2.625],"texture":"#0"},"south":{"uv":[6.375,0.0,6.625,2.625],"texture":"#0"},"west":{"uv":[6.625,0.0,6.375,2.625],"texture":"#0"},"up":{"uv":[6.875,0.0,6.625,0.25],"texture":"#0"},"down":{"uv":[6.875,0.25,6.625,0.5],"texture":"#0"}}},{"from":[0.0,0.0,30.0],"to":[2.0,22.0,32.0],"rotation":{"angle":0.0,"axis":"y","origin":[6.875,8.0,34.0]},"faces":{"north":{"uv":[6.625,0.0,6.375,2.625],"texture":"#0"},"east":{"uv":[6.375,0.0,6.625,2.625],"texture":"#0"},"south":{"uv":[6.625,0.0,6.375,2.625],"texture":"#0"},"west":{"uv":[6.375,0.0,6.625,2.625],"texture":"#0"},"up":{"uv":[6.625,0.0,6.875,0.25],"texture":"#0"},"down":{"uv":[6.625,0.25,6.875,0.5],"texture":"#0"}}},{"from":[0.5,0.0,31.0],"to":[15.5,24.0,31.0],"rotation":{"angle":0.0,"axis":"y","origin":[8.625,8.0,34.0]},"faces":{"north":{"uv":[4.375,0.0,6.25,3.0],"texture":"#0"},"east":{"uv":[5.75,2.875,5.875,5.25],"texture":"#0"},"south":{"uv":[4.375,0.0,6.25,3.0],"texture":"#0"},"west":{"uv":[5.75,2.875,5.875,5.25],"texture":"#0"},"up":{"uv":[3.75,2.875,5.75,3.0],"texture":"#0"},"down":{"uv":[4.5,2.75,4.625,2.875],"texture":"#0","rotation":90}}},{"from":[0.5,0.0,1.0],"to":[15.5,17.0,1.0],"rotation":{"angle":0.0,"axis":"y","origin":[8.625,8.0,34.0]},"faces":{"north":{"uv":[6.875,0.0,8.75,2.125],"texture":"#0"},"east":{"uv":[5.75,2.875,5.875,5.25],"texture":"#0"},"south":{"uv":[6.875,0.0,8.75,2.125],"texture":"#0"},"west":{"uv":[5.75,2.875,5.875,5.25],"texture":"#0"},"up":{"uv":[3.75,2.875,5.75,3.0],"texture":"#0"},"down":{"uv":[4.5,2.75,4.625,2.875],"texture":"#0","rotation":90}}},{"from":[0.0,0.0,0.0],"to":[2.0,15.0,2.0],"rotation":{"angle":0.0,"axis":"y","origin":[6.875,8.0,34.0]},"faces":{"north":{"uv":[6.875,0.5,6.625,2.375],"texture":"#0"},"east":{"uv":[6.625,0.5,6.875,2.375],"texture":"#0"},"south":{"uv":[6.875,0.5,6.625,2.375],"texture":"#0"},"west":{"uv":[6.625,0.5,6.875,2.375],"texture":"#0"},"up":{"uv":[6.625,0.0,6.875,0.25],"texture":"#0"},"down":{"uv":[6.625,0.25,6.875,0.5],"texture":"#0"}}},{"from":[14.0,0.0,0.0],"to":[16.0,15.0,2.0],"rotation":{"angle":0.0,"axis":"y","origin":[9.125,8.0,34.0]},"faces":{"north":{"uv":[6.625,0.5,6.875,2.375],"texture":"#0"},"east":{"uv":[6.875,0.5,6.625,2.375],"texture":"#0"},"south":{"uv":[6.625,0.5,6.875,2.375],"texture":"#0"},"west":{"uv":[6.875,0.5,6.625,2.375],"texture":"#0"},"up":{"uv":[6.875,0.0,6.625,0.25],"texture":"#0"},"down":{"uv":[6.875,0.25,6.625,0.5],"texture":"#0"}}},{"from":[2.0,11.35756,22.18432],"to":[14.0,15.35756,30.18432],"rotation":{"angle":-22.5,"axis":"x","origin":[1.0,13.60756,25.43432]},"faces":{"north":{"uv":[5.375,5.625,5.875,7.125],"texture":"#1","rotation":90},"east":{"uv":[4.375,7.125,4.875,8.125],"texture":"#1","rotation":90},"south":{"uv":[5.875,5.625,6.375,7.125],"texture":"#1","rotation":90},"west":{"uv":[4.375,8.125,4.875,7.125],"texture":"#1","rotation":90},"up":{"uv":[4.375,5.625,5.375,7.125],"texture":"#1","rotation":90},"down":{"uv":[5.625,5.625,5.75,5.75],"texture":"#1","rotation":90}}}],"display":{"thirdperson_righthand":{"translation":[-1.25,3.75,-1.5],"rotation":[63.0,34.0,0.0],"scale":[0.22657,0.22657,0.22657]},"thirdperson_lefthand":{"translation":[-1.25,3.75,-1.5],"rotation":[63.0,34.0,0.0],"scale":[0.22657,0.22657,0.22657]},"firstperson_righthand":{"translation":[8.0,-1.25,-5.5],"rotation":[3.0,112.0,-13.0],"scale":[0.23242,0.23242,0.23242]},"firstperson_lefthand":{"translation":[8.0,-1.25,-5.5],"rotation":[3.0,112.0,-13.0],"scale":[0.23242,0.23242,0.23242]},"ground":{"translation":[0.0,4.25,-1.5],"scale":[0.21289,0.21289,0.21289]},"gui":{"translation":[1.0,-2.0,0.0],"rotation":[30.0,-158.0,0.0],"scale":[0.38828,0.38828,0.38828]},"head":{"translation":[0.0,-30.5,0.0],"scale":[1.6,1.6,1.6]},"fixed":{"translation":[0.0,-3.25,-7.5]}},"credit":"Made with Blockbench","gui_light":"front"}