{"textures":{"0":"mcc:island_furniture/beds/beds_1","particle":"mcc:island_furniture/beds/beds_1"},"elements":[{"from":[0.0,0.0,24.0],"to":[16.0,2.0,32.0],"rotation":{"angle":0.0,"axis":"y","origin":[20.125,13.0,3.0]},"faces":{"north":{"uv":[11.625,5.625,11.75,5.375],"texture":"#0","tintindex":0},"east":{"uv":[10.25,4.5,11.25,4.25],"texture":"#0","tintindex":0},"south":{"uv":[10.5,4.5,10.625,4.25],"texture":"#0","tintindex":0},"west":{"uv":[11.25,4.5,10.25,4.25],"texture":"#0","tintindex":0},"up":{"uv":[11.625,5.5,13.625,4.5],"texture":"#0","tintindex":0},"down":{"uv":[9.625,9.125,11.625,8.125],"texture":"#0","tintindex":0}}},{"from":[0.0,0.0,-5.0],"to":[16.0,3.0,24.0],"rotation":{"angle":0.0,"axis":"y","origin":[20.125,13.0,3.0]},"faces":{"north":{"uv":[12.875,4.125,14.875,3.75],"texture":"#0","tintindex":0},"east":{"uv":[11.25,4.5,14.875,4.125],"texture":"#0","tintindex":0},"south":{"uv":[12.875,3.75,14.875,3.375],"texture":"#0","tintindex":0},"west":{"uv":[14.875,4.5,11.25,4.125],"texture":"#0","tintindex":0},"up":{"uv":[11.625,9.125,13.625,5.5],"texture":"#0","tintindex":0},"down":{"uv":[9.625,8.125,11.625,4.5],"texture":"#0","tintindex":0}}},{"from":[-0.1,-0.1,17.9],"to":[16.1,3.1,24.1],"rotation":{"angle":0.0,"axis":"y","origin":[20.125,13.0,3.0]},"faces":{"north":{"uv":[12.125,1.375,12.25,1.5],"texture":"#0","tintindex":0,"rotation":90},"east":{"uv":[14.875,3.625,15.25,2.875],"texture":"#0","tintindex":0,"rotation":90},"south":{"uv":[12.125,1.375,12.25,1.5],"texture":"#0","tintindex":0,"rotation":90},"west":{"uv":[15.25,3.625,15.625,2.875],"texture":"#0","tintindex":0,"rotation":90},"up":{"uv":[14.875,5.625,15.625,3.625],"texture":"#0","tintindex":0,"rotation":90},"down":{"uv":[12.875,2.625,14.875,3.375],"texture":"#0","tintindex":0}}}],"display":{"thirdperson_righthand":{"translation":[-1.0,3.25,0.0],"rotation":[63.0,34.0,0.0],"scale":[0.22657,0.22657,0.22657]},"thirdperson_lefthand":{"translation":[-1.0,3.25,0.0],"rotation":[63.0,34.0,0.0],"scale":[0.22657,0.22657,0.22657]},"firstperson_righthand":{"translation":[8.0,-1.25,-5.5],"rotation":[79.0,126.5,-69.25],"scale":[0.23242,0.23242,0.23242]},"firstperson_lefthand":{"translation":[8.0,-1.25,-5.5],"rotation":[79.0,126.5,-69.25],"scale":[0.23242,0.23242,0.23242]},"ground":{"translation":[0.0,4.25,-1.5],"scale":[0.21289,0.21289,0.21289]},"gui":{"translation":[0.75,1.5,0.0],"rotation":[30.0,-158.0,0.0],"scale":[0.45469,0.45469,0.45469]},"head":{"translation":[0.0,-30.5,0.0],"scale":[1.6,1.6,1.6]},"fixed":{"translation":[0.0,-3.25,-7.5]}},"credit":"Made with Blockbench","gui_light":"front"}