{"textures":{"4":"mcc:island_cosmetics/npc/scavengers/blacksmith_arm","5":"mcc:island_cosmetics/npc/scavengers/blacksmith_flame","particle":"mcc:island_cosmetics/npc/scavengers/rat_base_1"},"elements":[{"from":[6.19082,2.14214,4.0],"to":[10.19082,10.14214,9.0],"rotation":{"angle":0.0,"axis":"z","origin":[8.09541,11.10919,16.5]},"faces":{"north":{"uv":[5.5,0.5,7.5,1.5],"texture":"#4","rotation":90},"east":{"uv":[3.5,0.5,5.5,1.75],"texture":"#4","rotation":90},"south":{"uv":[3.5,2.75,5.5,1.75],"texture":"#4","rotation":90},"west":{"uv":[3.5,1.75,5.5,0.5],"texture":"#4","rotation":90},"up":{"uv":[5.5,2.5,6.75,1.5],"texture":"#4","rotation":90},"down":{"uv":[5.5,2.5,6.75,1.5],"texture":"#4","rotation":90}}},{"from":[7.19082,5.14214,3.0],"to":[9.19082,7.14214,19.0],"rotation":{"angle":0.0,"axis":"z","origin":[8.09541,11.10919,16.5]},"faces":{"north":{"uv":[3.5,0.5,3.0,1.0],"texture":"#4"},"east":{"uv":[3.0,0.0,7.0,0.5],"texture":"#4"},"south":{"uv":[3.5,0.5,3.0,1.0],"texture":"#4"},"west":{"uv":[7.0,0.0,3.0,0.5],"texture":"#4"},"up":{"uv":[7.0,0.5,3.0,0.0],"texture":"#4","rotation":90},"down":{"uv":[3.0,0.0,7.0,0.5],"texture":"#4","rotation":90}}},{"from":[6.5,4.57625,15.0],"to":[9.5,11.57625,18.0],"rotation":{"angle":0.0,"axis":"z","origin":[8.09541,11.10919,16.5]},"faces":{"north":{"uv":[2.75,0.0,2.0,1.75],"texture":"#4"},"east":{"uv":[0.0,0.0,0.75,1.75],"texture":"#4"},"south":{"uv":[0.75,0.0,0.0,1.75],"texture":"#4"},"west":{"uv":[2.0,0.0,2.75,1.75],"texture":"#4"},"up":{"uv":[1.0,0.0,1.75,0.75],"texture":"#4"},"down":{"uv":[1.75,1.0,1.0,1.75],"texture":"#4"}}},{"from":[6.19082,2.14214,4.0],"to":[10.19082,10.14214,9.0],"rotation":{"angle":22.5,"axis":"x","origin":[8.09541,11.10919,16.5]},"faces":{"north":{"uv":[5.5,3.5,7.5,4.5],"texture":"#4","rotation":90},"east":{"uv":[3.5,3.5,5.5,4.75],"texture":"#4","rotation":90},"south":{"uv":[3.5,5.75,5.5,4.75],"texture":"#4","rotation":90},"west":{"uv":[3.5,4.75,5.5,3.5],"texture":"#4","rotation":90},"up":{"uv":[5.5,5.5,6.75,4.5],"texture":"#4","rotation":90},"down":{"uv":[5.5,5.5,6.75,4.5],"texture":"#4","rotation":90}}},{"from":[7.19082,5.14214,3.0],"to":[9.19082,7.14214,19.0],"rotation":{"angle":22.5,"axis":"x","origin":[8.09541,11.10919,16.5]},"faces":{"north":{"uv":[3.5,3.5,3.0,4.0],"texture":"#4"},"east":{"uv":[3.0,3.0,7.0,3.5],"texture":"#4"},"south":{"uv":[3.5,3.5,3.0,4.0],"texture":"#4"},"west":{"uv":[7.0,3.0,3.0,3.5],"texture":"#4"},"up":{"uv":[7.0,3.5,3.0,3.0],"texture":"#4","rotation":90},"down":{"uv":[3.0,3.0,7.0,3.5],"texture":"#4","rotation":90}}},{"from":[6.5,4.57625,15.0],"to":[9.5,11.57625,18.0],"rotation":{"angle":22.5,"axis":"x","origin":[8.09541,11.10919,16.5]},"faces":{"north":{"uv":[2.75,3.0,2.0,4.75],"texture":"#4"},"east":{"uv":[0.0,3.0,0.75,4.75],"texture":"#4"},"south":{"uv":[0.75,3.0,0.0,4.75],"texture":"#4"},"west":{"uv":[2.0,3.0,2.75,4.75],"texture":"#4"},"up":{"uv":[1.0,3.0,1.75,3.75],"texture":"#4"},"down":{"uv":[1.75,4.0,1.0,4.75],"texture":"#4"}}},{"from":[6.19082,18.60919,7.53295],"to":[10.19082,23.60919,15.53295],"rotation":{"angle":-22.5,"axis":"x","origin":[8.09541,11.10919,16.5]},"faces":{"north":{"uv":[5.5,8.5,6.75,7.5],"texture":"#4","rotation":270},"east":{"uv":[3.5,6.5,5.5,7.75],"texture":"#4"},"south":{"uv":[5.5,8.5,6.75,7.5],"texture":"#4","rotation":90},"west":{"uv":[3.5,7.75,5.5,6.5],"texture":"#4","rotation":180},"up":{"uv":[5.5,6.5,7.5,7.5],"texture":"#4","rotation":270},"down":{"uv":[3.5,8.75,5.5,7.75],"texture":"#4","rotation":90}}},{"from":[7.19082,8.60919,10.53295],"to":[9.19082,24.60919,12.53295],"rotation":{"angle":-22.5,"axis":"x","origin":[8.09541,11.10919,16.5]},"faces":{"north":{"uv":[3.0,6.0,7.0,6.5],"texture":"#4","rotation":270},"east":{"uv":[3.0,6.0,7.0,6.5],"texture":"#4","rotation":270},"south":{"uv":[7.0,6.5,3.0,6.0],"texture":"#4","rotation":90},"west":{"uv":[7.0,6.0,3.0,6.5],"texture":"#4","rotation":90},"up":{"uv":[3.5,6.5,3.0,7.0],"texture":"#4","rotation":180},"down":{"uv":[3.5,6.5,3.0,7.0],"texture":"#4"}}},{"from":[6.5,9.60919,9.96705],"to":[9.5,12.60919,16.96705],"rotation":{"angle":-22.5,"axis":"x","origin":[8.09541,11.10919,16.5]},"faces":{"north":{"uv":[1.75,7.0,1.0,7.75],"texture":"#4","rotation":180},"east":{"uv":[0.0,6.0,0.75,7.75],"texture":"#4","rotation":270},"south":{"uv":[1.0,6.0,1.75,6.75],"texture":"#4"},"west":{"uv":[2.0,6.0,2.75,7.75],"texture":"#4","rotation":90},"up":{"uv":[2.75,6.0,2.0,7.75],"texture":"#4","rotation":180},"down":{"uv":[0.75,6.0,0.0,7.75],"texture":"#4"}}},{"from":[6.19082,18.60919,7.53295],"to":[10.19082,23.60919,15.53295],"rotation":{"angle":22.5,"axis":"x","origin":[8.09541,11.10919,16.5]},"faces":{"north":{"uv":[5.5,14.5,6.75,13.5],"texture":"#4","rotation":270},"east":{"uv":[3.5,12.5,5.5,13.75],"texture":"#4"},"south":{"uv":[5.5,14.5,6.75,13.5],"texture":"#4","rotation":90},"west":{"uv":[3.5,13.75,5.5,12.5],"texture":"#4","rotation":180},"up":{"uv":[5.5,12.5,7.5,13.5],"texture":"#4","rotation":270},"down":{"uv":[3.5,14.75,5.5,13.75],"texture":"#4","rotation":90}}},{"from":[7.19082,8.60919,10.53295],"to":[9.19082,24.60919,12.53295],"rotation":{"angle":22.5,"axis":"x","origin":[8.09541,11.10919,16.5]},"faces":{"north":{"uv":[3.0,12.0,7.0,12.5],"texture":"#4","rotation":270},"east":{"uv":[3.0,12.0,7.0,12.5],"texture":"#4","rotation":270},"south":{"uv":[7.0,12.5,3.0,12.0],"texture":"#4","rotation":90},"west":{"uv":[7.0,12.0,3.0,12.5],"texture":"#4","rotation":90},"up":{"uv":[3.5,12.5,3.0,13.0],"texture":"#4","rotation":180},"down":{"uv":[3.5,12.5,3.0,13.0],"texture":"#4"}}},{"from":[6.5,9.60919,9.96705],"to":[9.5,12.60919,16.96705],"rotation":{"angle":22.5,"axis":"x","origin":[8.09541,11.10919,16.5]},"faces":{"north":{"uv":[1.75,13.0,1.0,13.75],"texture":"#4","rotation":180},"east":{"uv":[0.0,12.0,0.75,13.75],"texture":"#4","rotation":270},"south":{"uv":[1.0,12.0,1.75,12.75],"texture":"#4"},"west":{"uv":[2.0,12.0,2.75,13.75],"texture":"#4","rotation":90},"up":{"uv":[2.75,12.0,2.0,13.75],"texture":"#4","rotation":180},"down":{"uv":[0.75,12.0,0.0,13.75],"texture":"#4"}}},{"from":[6.19082,18.60919,7.53295],"to":[10.19082,23.60919,15.53295],"rotation":{"angle":0.0,"axis":"x","origin":[8.09541,11.10919,16.5]},"faces":{"north":{"uv":[5.5,11.5,6.75,10.5],"texture":"#4","rotation":270},"east":{"uv":[3.5,9.5,5.5,10.75],"texture":"#4"},"south":{"uv":[5.5,11.5,6.75,10.5],"texture":"#4","rotation":90},"west":{"uv":[3.5,10.75,5.5,9.5],"texture":"#4","rotation":180},"up":{"uv":[5.5,9.5,7.5,10.5],"texture":"#4","rotation":270},"down":{"uv":[3.5,11.75,5.5,10.75],"texture":"#4","rotation":90}}},{"from":[7.19082,8.60919,10.53295],"to":[9.19082,24.60919,12.53295],"rotation":{"angle":0.0,"axis":"x","origin":[8.09541,11.10919,16.5]},"faces":{"north":{"uv":[3.0,9.0,7.0,9.5],"texture":"#4","rotation":270},"east":{"uv":[3.0,9.0,7.0,9.5],"texture":"#4","rotation":270},"south":{"uv":[7.0,9.5,3.0,9.0],"texture":"#4","rotation":90},"west":{"uv":[7.0,9.0,3.0,9.5],"texture":"#4","rotation":90},"up":{"uv":[3.5,9.5,3.0,10.0],"texture":"#4","rotation":180},"down":{"uv":[3.5,9.5,3.0,10.0],"texture":"#4"}}},{"from":[6.5,9.60919,9.96705],"to":[9.5,12.60919,16.96705],"rotation":{"angle":0.0,"axis":"x","origin":[8.09541,11.10919,16.5]},"faces":{"north":{"uv":[1.75,10.0,1.0,10.75],"texture":"#4","rotation":180},"east":{"uv":[0.0,9.0,0.75,10.75],"texture":"#4","rotation":270},"south":{"uv":[1.0,9.0,1.75,9.75],"texture":"#4"},"west":{"uv":[2.0,9.0,2.75,10.75],"texture":"#4","rotation":90},"up":{"uv":[2.75,9.0,2.0,10.75],"texture":"#4","rotation":180},"down":{"uv":[0.75,9.0,0.0,10.75],"texture":"#4"}}},{"from":[6.19082,18.60919,7.53295],"to":[10.19082,23.60919,15.53295],"rotation":{"angle":45.0,"axis":"x","origin":[8.09541,11.10919,16.5]},"faces":{"north":{"uv":[13.25,2.5,14.5,1.5],"texture":"#4","rotation":270},"east":{"uv":[11.25,0.5,13.25,1.75],"texture":"#4"},"south":{"uv":[13.25,2.5,14.5,1.5],"texture":"#4","rotation":90},"west":{"uv":[11.25,1.75,13.25,0.5],"texture":"#4","rotation":180},"up":{"uv":[13.25,0.5,15.25,1.5],"texture":"#4","rotation":270},"down":{"uv":[11.25,2.75,13.25,1.75],"texture":"#4","rotation":90}}},{"from":[7.19082,8.60919,10.53295],"to":[9.19082,24.60919,12.53295],"rotation":{"angle":45.0,"axis":"x","origin":[8.09541,11.10919,16.5]},"faces":{"north":{"uv":[10.75,0.0,14.75,0.5],"texture":"#4","rotation":270},"east":{"uv":[10.75,0.0,14.75,0.5],"texture":"#4","rotation":270},"south":{"uv":[14.75,0.5,10.75,0.0],"texture":"#4","rotation":90},"west":{"uv":[14.75,0.0,10.75,0.5],"texture":"#4","rotation":90},"up":{"uv":[11.25,0.5,10.75,1.0],"texture":"#4","rotation":180},"down":{"uv":[11.25,0.5,10.75,1.0],"texture":"#4"}}},{"from":[6.5,9.60919,9.96705],"to":[9.5,12.60919,16.96705],"rotation":{"angle":45.0,"axis":"x","origin":[8.09541,11.10919,16.5]},"faces":{"north":{"uv":[9.5,1.0,8.75,1.75],"texture":"#4","rotation":180},"east":{"uv":[7.75,0.0,8.5,1.75],"texture":"#4","rotation":270},"south":{"uv":[8.75,0.0,9.5,0.75],"texture":"#4"},"west":{"uv":[9.75,0.0,10.5,1.75],"texture":"#4","rotation":90},"up":{"uv":[10.5,0.0,9.75,1.75],"texture":"#4","rotation":180},"down":{"uv":[8.5,0.0,7.75,1.75],"texture":"#4"}}},{"from":[6.19082,18.60919,7.53295],"to":[10.19082,23.60919,17.53295],"rotation":{"angle":-22.5,"axis":"x","origin":[8.09541,11.10919,16.5]},"faces":{"north":{"uv":[13.25,5.5,14.5,4.5],"texture":"#4","rotation":270},"east":{"uv":[11.25,3.5,13.25,4.75],"texture":"#4"},"south":{"uv":[13.25,5.5,14.5,4.5],"texture":"#4","rotation":90},"west":{"uv":[11.25,4.75,13.25,3.5],"texture":"#4","rotation":180},"up":{"uv":[13.25,3.5,15.25,4.5],"texture":"#4","rotation":270},"down":{"uv":[11.25,5.75,13.25,4.75],"texture":"#4","rotation":90}}},{"from":[7.19082,8.60919,10.53295],"to":[9.19082,24.60919,12.53295],"rotation":{"angle":-22.5,"axis":"x","origin":[8.09541,11.10919,16.5]},"faces":{"north":{"uv":[10.75,3.0,14.75,3.5],"texture":"#4","rotation":270},"east":{"uv":[10.75,3.0,14.75,3.5],"texture":"#4","rotation":270},"south":{"uv":[14.75,3.5,10.75,3.0],"texture":"#4","rotation":90},"west":{"uv":[14.75,3.0,10.75,3.5],"texture":"#4","rotation":90},"up":{"uv":[11.25,3.5,10.75,4.0],"texture":"#4","rotation":180},"down":{"uv":[11.25,3.5,10.75,4.0],"texture":"#4"}}},{"from":[6.5,9.60919,9.96705],"to":[9.5,12.60919,16.96705],"rotation":{"angle":-22.5,"axis":"x","origin":[8.09541,11.10919,16.5]},"faces":{"north":{"uv":[9.5,4.0,8.75,4.75],"texture":"#4","rotation":180},"east":{"uv":[7.75,3.0,8.5,4.75],"texture":"#4","rotation":270},"south":{"uv":[8.75,3.0,9.5,3.75],"texture":"#4"},"west":{"uv":[9.75,3.0,10.5,4.75],"texture":"#4","rotation":90},"up":{"uv":[10.5,3.0,9.75,4.75],"texture":"#4","rotation":180},"down":{"uv":[8.5,3.0,7.75,4.75],"texture":"#4"}}},{"from":[7.19082,5.14214,3.0],"to":[9.19082,7.14214,19.0],"rotation":{"angle":0.0,"axis":"z","origin":[8.09541,11.10919,16.5]},"faces":{"north":{"uv":[11.25,6.5,10.75,7.0],"texture":"#4"},"east":{"uv":[10.75,6.0,14.75,6.5],"texture":"#4"},"south":{"uv":[11.25,6.5,10.75,7.0],"texture":"#4"},"west":{"uv":[14.75,6.0,10.75,6.5],"texture":"#4"},"up":{"uv":[14.75,6.5,10.75,6.0],"texture":"#4","rotation":90},"down":{"uv":[10.75,6.0,14.75,6.5],"texture":"#4","rotation":90}}},{"from":[6.5,4.57625,15.0],"to":[9.5,11.57625,18.0],"rotation":{"angle":0.0,"axis":"z","origin":[8.09541,11.10919,16.5]},"faces":{"north":{"uv":[10.5,6.0,9.75,7.75],"texture":"#4"},"east":{"uv":[7.75,6.0,8.5,7.75],"texture":"#4"},"south":{"uv":[8.5,6.0,7.75,7.75],"texture":"#4"},"west":{"uv":[9.75,6.0,10.5,7.75],"texture":"#4"},"up":{"uv":[8.75,6.0,9.5,6.75],"texture":"#4"},"down":{"uv":[9.5,7.0,8.75,7.75],"texture":"#4"}}},{"from":[12.19082,11.14214,11.5],"to":[4.19082,1.14214,3.5],"rotation":{"angle":0.0,"axis":"z","origin":[8.09541,11.10919,16.5]},"faces":{"north":{"uv":[14.0,1.0,15.0,2.0],"texture":"#5","rotation":90},"east":{"uv":[14.0,1.0,15.0,2.0],"texture":"#5","rotation":90},"south":{"uv":[14.0,1.0,15.0,2.0],"texture":"#5","rotation":90},"west":{"uv":[14.0,1.0,15.0,2.0],"texture":"#5","rotation":90},"up":{"uv":[14.0,1.0,15.0,2.0],"texture":"#5"},"down":{"uv":[14.0,1.0,15.0,2.0],"texture":"#5","rotation":90}}},{"from":[5.19082,2.14214,3.5],"to":[11.19082,10.14214,9.5],"rotation":{"angle":0.0,"axis":"z","origin":[8.09541,11.10919,16.5]},"faces":{"north":{"uv":[13.25,6.5,15.25,7.5],"texture":"#4","rotation":90},"east":{"uv":[11.25,6.5,13.25,7.75],"texture":"#4","rotation":90},"south":{"uv":[11.25,8.75,13.25,7.75],"texture":"#4","rotation":90},"west":{"uv":[11.25,7.75,13.25,6.5],"texture":"#4","rotation":90},"up":{"uv":[13.25,8.5,14.5,7.5],"texture":"#4","rotation":90},"down":{"uv":[13.25,8.5,14.5,7.5],"texture":"#4","rotation":90}}},{"from":[6.0,-2.5,-13.5],"to":[6.0,7.5,-0.5],"rotation":{"angle":22.5,"axis":"x","origin":[6.0,-7.5,2.0]},"faces":{"east":{"uv":[0.0,0.0,10.0,13.0],"texture":"#5","rotation":90},"west":{"uv":[0.0,0.0,10.0,13.0],"texture":"#5","rotation":270}}},{"from":[-11.5,-2.5,6.0],"to":[1.5,7.5,6.0],"rotation":{"angle":-22.5,"axis":"z","origin":[6.0,-7.5,2.0]},"faces":{"north":{"uv":[0.0,0.0,10.0,13.0],"texture":"#5","rotation":90},"south":{"uv":[0.0,0.0,10.0,13.0],"texture":"#5","rotation":270}}},{"from":[14.5,-2.5,6.0],"to":[27.5,7.5,6.0],"rotation":{"angle":22.5,"axis":"z","origin":[10.0,-7.5,2.0]},"faces":{"north":{"uv":[0.0,13.0,10.0,0.0],"texture":"#5","rotation":90},"south":{"uv":[0.0,13.0,10.0,0.0],"texture":"#5","rotation":270}}}],"display":{"gui":{"translation":[2.5,-3.75,0.0],"rotation":[-144.5,-51.75,180.0]},"head":{"translation":[0.0,-32.0,0.0],"scale":[1.6,1.6,1.6]}},"credit":"Made with Blockbench"}