{"textures":{"2":"mcc:island_cosmetics/npc/scavengers/blacksmith","3":"mcc:island_cosmetics/npc/scavengers/rat_base_1","4":"mcc:island_cosmetics/npc/scavengers/rat_base_1_arm","particle":"mcc:island_cosmetics/npc/scavengers/rat_base_1"},"elements":[{"from":[2.03,1.03,5.03],"to":[13.97,21.97,15.97],"rotation":{"angle":-22.5,"axis":"x","origin":[8.0,10.5,10.5]},"faces":{"north":{"uv":[0.0,0.0,3.0,5.25],"texture":"#3"},"east":{"uv":[3.0,0.0,5.75,5.25],"texture":"#3"},"south":{"uv":[6.0,0.0,9.0,5.25],"texture":"#3"},"west":{"uv":[3.0,0.0,5.75,5.25],"texture":"#3"},"up":{"uv":[0.0,5.25,3.0,8.0],"texture":"#3"},"down":{"uv":[3.0,5.25,6.0,8.0],"texture":"#3"}}},{"from":[1.9,0.9,4.9],"to":[14.1,22.1,16.1],"rotation":{"angle":-22.5,"axis":"x","origin":[8.0,10.5,10.5]},"faces":{"north":{"uv":[7.5,0.0,10.5,5.25],"texture":"#2"},"east":{"uv":[10.5,0.0,13.25,5.25],"texture":"#2"},"south":{"uv":[0.0,6.0,3.0,11.25],"texture":"#2"},"west":{"uv":[13.25,0.0,10.5,5.25],"texture":"#2"},"up":{"uv":[3.0,8.5,6.0,11.25],"texture":"#2"}}},{"from":[6.5,3.70952,20.66267],"to":[9.5,20.70952,23.66267],"rotation":{"angle":22.5,"axis":"x","origin":[13.5,14.70952,20.16267]},"faces":{"north":{"uv":[15.25,11.0,16.0,15.25],"texture":"#3"},"east":{"uv":[15.25,11.0,16.0,15.25],"texture":"#3"},"south":{"uv":[15.25,11.0,16.0,15.25],"texture":"#3"},"west":{"uv":[15.25,11.0,16.0,15.25],"texture":"#3"},"up":{"uv":[15.25,11.0,16.0,11.25],"texture":"#3"},"down":{"uv":[15.25,15.25,16.0,16.0],"texture":"#3"}}},{"from":[-1.0,0.0,7.0],"to":[3.0,11.0,15.0],"rotation":{"angle":0.0,"axis":"y","origin":[16.0,0.0,0.0]},"faces":{"north":{"uv":[3.25,8.25,2.25,11.0],"texture":"#3"},"east":{"uv":[4.75,8.75,5.0,9.0],"texture":"#3"},"south":{"uv":[4.5,8.25,3.5,11.0],"texture":"#3"},"west":{"uv":[2.0,8.25,0.0,11.0],"texture":"#3"},"up":{"uv":[5.75,8.25,4.75,10.25],"texture":"#3"},"down":{"uv":[13.25,8.25,12.25,10.25],"texture":"#3"}}},{"from":[-1.1,-0.1,2.9],"to":[3.1,3.1,10.1],"rotation":{"angle":0.0,"axis":"y","origin":[16.0,0.0,0.0]},"faces":{"north":{"uv":[10.25,8.25,9.25,9.0],"texture":"#3"},"east":{"uv":[8.5,9.75,10.25,10.5],"texture":"#3"},"south":{"uv":[10.0,5.0,8.0,8.0],"texture":"#3"},"west":{"uv":[10.25,9.0,8.5,9.75],"texture":"#3"},"up":{"uv":[11.5,8.25,10.5,10.0],"texture":"#3"},"down":{"uv":[15.0,11.0,14.0,12.75],"texture":"#3"}}},{"from":[12.9,-0.1,2.9],"to":[17.1,3.1,10.1],"faces":{"north":{"uv":[9.25,8.25,10.25,9.0],"texture":"#3"},"east":{"uv":[8.5,9.0,10.25,9.75],"texture":"#3"},"south":{"uv":[8.0,5.0,10.0,8.0],"texture":"#3"},"west":{"uv":[10.25,9.75,8.5,10.5],"texture":"#3"},"up":{"uv":[10.5,8.25,11.5,10.0],"texture":"#3"},"down":{"uv":[14.0,11.0,15.0,12.75],"texture":"#3"}}},{"from":[13.0,0.0,7.0],"to":[17.0,11.0,15.0],"faces":{"north":{"uv":[2.25,8.25,3.25,11.0],"texture":"#3"},"east":{"uv":[0.0,8.25,2.0,11.0],"texture":"#3"},"south":{"uv":[3.5,8.25,4.5,11.0],"texture":"#3"},"west":{"uv":[5.0,8.75,4.75,9.0],"texture":"#3"},"up":{"uv":[4.75,8.25,5.75,10.25],"texture":"#3"},"down":{"uv":[12.25,8.25,13.25,10.25],"texture":"#3"}}},{"from":[13.78037,11.58877,7.0],"to":[16.78037,18.58877,10.0],"rotation":{"angle":22.5,"axis":"z","origin":[13.42388,14.74232,5.5]},"faces":{"north":{"uv":[8.0,0.0,11.0,7.0],"texture":"#4"},"east":{"uv":[11.0,0.0,8.0,7.0],"texture":"#4"},"south":{"uv":[0.0,0.0,3.0,7.0],"texture":"#4"},"west":{"uv":[3.0,0.0,0.0,7.0],"texture":"#4"},"up":{"uv":[7.0,0.0,4.0,3.0],"texture":"#4"},"down":{"uv":[4.0,4.0,7.0,7.0],"texture":"#4"}}},{"from":[13.81739,10.89586,7.0],"to":[16.81739,17.89586,10.0],"rotation":{"angle":22.5,"axis":"z","origin":[13.42388,14.74232,5.5]},"faces":{"north":{"uv":[8.0,9.0,11.0,16.0],"texture":"#4"},"east":{"uv":[11.0,9.0,8.0,16.0],"texture":"#4"},"south":{"uv":[0.0,9.0,3.0,16.0],"texture":"#4"},"west":{"uv":[3.0,9.0,0.0,16.0],"texture":"#4"},"up":{"uv":[7.0,9.0,4.0,12.0],"texture":"#4"},"down":{"uv":[4.0,13.0,7.0,16.0],"texture":"#4"}}}],"display":{"head":{"translation":[0.0,-32.0,0.0],"scale":[1.6,1.6,1.6]}},"credit":"Made with Blockbench"}