{"textures":{"0":"mcc:island_cosmetics/npc/scavengers/rat_base_1","1":"mcc:island_cosmetics/npc/scavengers/rat_blacksmith_blink","2":"mcc:island_cosmetics/npc/scavengers/blacksmith","particle":"mcc:island_cosmetics/npc/scavengers/rat_base_1"},"elements":[{"from":[3.0,0.0,3.0],"to":[13.0,10.0,13.0],"rotation":{"angle":0.0,"axis":"y","origin":[0.0,-21.0,0.0]},"faces":{"north":{"uv":[0.0,0.0,5.0,5.0],"texture":"#1"},"east":{"uv":[0.0,5.5,5.0,10.5],"texture":"#1"},"south":{"uv":[12.0,5.5,14.5,8.0],"texture":"#0"},"west":{"uv":[5.0,5.5,0.0,10.5],"texture":"#1"},"up":{"uv":[9.25,5.5,11.75,8.0],"texture":"#0"},"down":{"uv":[13.5,8.25,16.0,10.75],"texture":"#0"}}},{"from":[5.0,0.0,-2.0],"to":[11.0,4.0,3.0],"rotation":{"angle":0.0,"axis":"y","origin":[0.0,-21.0,0.0]},"faces":{"north":{"uv":[12.0,0.0,13.5,1.0],"texture":"#0"},"east":{"uv":[12.0,1.25,13.25,2.25],"texture":"#0"},"west":{"uv":[13.25,1.25,12.0,2.25],"texture":"#0"},"up":{"uv":[13.75,0.0,15.25,1.25],"texture":"#0"},"down":{"uv":[7.5,5.5,9.0,6.75],"texture":"#0"}}},{"from":[11.65685,6.0,7.65685],"to":[13.65685,14.0,15.65685],"rotation":{"angle":45.0,"axis":"y","origin":[13.65685,10.0,11.65685]},"faces":{"north":{"uv":[13.75,2.75,14.0,4.75],"texture":"#0"},"east":{"uv":[12.0,2.75,14.0,4.75],"texture":"#0"},"south":{"uv":[14.75,5.5,15.25,7.5],"texture":"#0"},"west":{"uv":[16.0,2.75,14.0,4.75],"texture":"#0"},"up":{"uv":[14.0,2.75,12.0,3.0],"texture":"#0","rotation":90},"down":{"uv":[15.5,5.5,16.0,7.5],"texture":"#0"}}},{"from":[10.65685,10.0,12.65685],"to":[14.65685,12.0,16.65685],"rotation":{"angle":45.0,"axis":"y","origin":[13.65685,10.0,11.65685]},"faces":{"north":{"uv":[0.0,0.0,1.0,0.5],"texture":"#2"},"east":{"uv":[0.0,0.0,1.0,0.5],"texture":"#2"},"south":{"uv":[0.0,0.0,1.0,0.5],"texture":"#2"},"west":{"uv":[0.0,0.0,1.0,0.5],"texture":"#2"}}},{"from":[8.0,6.0,10.0],"to":[10.0,14.0,18.0],"rotation":{"angle":-45.0,"axis":"y","origin":[8.0,6.0,6.0]},"faces":{"north":{"uv":[14.0,2.75,13.75,4.75],"texture":"#0"},"east":{"uv":[14.0,2.75,16.0,4.75],"texture":"#0"},"south":{"uv":[15.25,5.5,14.75,7.5],"texture":"#0"},"west":{"uv":[14.0,2.75,12.0,4.75],"texture":"#0"},"up":{"uv":[14.0,3.0,12.0,2.75],"texture":"#0","rotation":90},"down":{"uv":[16.0,5.5,15.5,7.5],"texture":"#0"}}},{"from":[11.0,0.0,1.0],"to":[17.0,5.0,1.0],"rotation":{"angle":0.0,"axis":"y","origin":[14.0,2.5,1.0]},"faces":{"north":{"uv":[13.5,1.5,15.0,2.75],"texture":"#0"},"east":{"uv":[12.0,1.25,13.25,2.25],"texture":"#0"},"south":{"uv":[15.0,1.5,13.5,2.75],"texture":"#0"},"west":{"uv":[13.25,1.25,12.0,2.25],"texture":"#0"},"up":{"uv":[13.75,0.0,15.25,1.25],"texture":"#0"},"down":{"uv":[6.0,0.0,4.0,2.0],"texture":"#0"}}},{"from":[-1.0,0.0,1.0],"to":[5.0,5.0,1.0],"rotation":{"angle":0.0,"axis":"y","origin":[16.0,0.0,0.0]},"faces":{"north":{"uv":[15.0,1.5,13.5,2.75],"texture":"#0"},"east":{"uv":[12.0,1.25,13.25,2.25],"texture":"#0"},"south":{"uv":[13.5,1.5,15.0,2.75],"texture":"#0"},"west":{"uv":[13.25,1.25,12.0,2.25],"texture":"#0"},"up":{"uv":[15.25,0.0,13.75,1.25],"texture":"#0"},"down":{"uv":[4.0,0.0,6.0,2.0],"texture":"#0"}}},{"from":[14.65685,12.0,16.65685],"to":[10.65685,10.0,12.65685],"rotation":{"angle":45.0,"axis":"y","origin":[13.65685,10.0,11.65685]},"faces":{"north":{"uv":[0.0,0.5,1.0,0.0],"texture":"#2"},"east":{"uv":[0.0,0.5,1.0,0.0],"texture":"#2"},"south":{"uv":[0.0,0.5,1.0,0.0],"texture":"#2"},"west":{"uv":[0.0,0.5,1.0,0.0],"texture":"#2"}}},{"from":[2.0,5.0918,-4.2018],"to":[14.0,12.0918,8.7982],"rotation":{"angle":0.0,"axis":"x","origin":[8.0,12.0918,3.7982]},"faces":{"north":{"uv":[0.0,1.75,3.0,3.5],"texture":"#2"},"east":{"uv":[1.0,0.0,4.25,1.75],"texture":"#2"},"south":{"uv":[3.75,3.25,6.75,5.0],"texture":"#2"},"west":{"uv":[4.25,0.0,1.0,1.75],"texture":"#2"},"up":{"uv":[4.25,0.0,7.25,3.25],"texture":"#2"}}},{"from":[14.0,12.0918,8.7982],"to":[2.0,5.0918,-4.2018],"rotation":{"angle":0.0,"axis":"x","origin":[8.0,12.0918,3.7982]},"faces":{"north":{"uv":[3.75,5.0,6.75,3.25],"texture":"#2"},"east":{"uv":[4.25,1.75,1.0,0.0],"texture":"#2"},"south":{"uv":[0.0,3.5,3.0,1.75],"texture":"#2"},"west":{"uv":[1.0,1.75,4.25,0.0],"texture":"#2"},"down":{"uv":[7.25,0.0,4.25,3.25],"texture":"#2"}}}],"display":{"thirdperson_righthand":{"translation":[0.0,1.0,-1.0],"rotation":[63.0,34.0,0.0],"scale":[0.37891,0.37891,0.37891]},"thirdperson_lefthand":{"translation":[0.0,1.0,-1.0],"rotation":[63.0,34.0,0.0],"scale":[0.37891,0.37891,0.37891]},"firstperson_righthand":{"translation":[9.5,0.0,-5.75],"rotation":[3.0,112.0,-13.0],"scale":[0.35547,0.35547,0.35547]},"firstperson_lefthand":{"translation":[9.5,0.0,-5.75],"rotation":[3.0,112.0,-13.0],"scale":[0.35547,0.35547,0.35547]},"ground":{"translation":[0.0,4.25,0.0],"scale":[0.28906,0.28906,0.28906]},"gui":{"translation":[0.5,0.75,0.0],"rotation":[30.0,-158.0,0.0],"scale":[0.65586,0.65586,0.65586]},"head":{"translation":[0.0,3.75,0.0],"scale":[1.6,1.6,1.6]},"fixed":{"translation":[0.0,-3.25,-7.5]}},"credit":"Made with Blockbench"}