{"textures":{"0":"mcc:island_cosmetics/npc/scavengers/rat_base_4","1":"mcc:island_cosmetics/npc/scavengers/rat_base_4_arm","2":"mcc:island_cosmetics/npc/scavengers/collector","particle":"mcc:island_cosmetics/npc/scavengers/rat_base_4"},"elements":[{"from":[12.0,12.0,-3.0],"to":[15.0,19.0,0.0],"rotation":{"angle":-22.5,"axis":"z","origin":[12.5,15.5,1.5]},"faces":{"north":{"uv":[8.0,0.0,11.0,7.0],"texture":"#1"},"east":{"uv":[11.0,0.0,8.0,7.0],"texture":"#1"},"south":{"uv":[0.0,0.0,3.0,7.0],"texture":"#1"},"west":{"uv":[3.0,0.0,0.0,7.0],"texture":"#1"},"up":{"uv":[7.0,0.0,4.0,3.0],"texture":"#1"},"down":{"uv":[4.0,4.0,7.0,7.0],"texture":"#1"}}},{"from":[1.0,12.0,-3.0],"to":[4.0,19.0,0.0],"rotation":{"angle":22.5,"axis":"z","origin":[3.5,15.5,1.5]},"faces":{"north":{"uv":[11.0,0.0,8.0,7.0],"texture":"#1"},"east":{"uv":[0.0,0.0,3.0,7.0],"texture":"#1"},"south":{"uv":[3.0,0.0,0.0,7.0],"texture":"#1"},"west":{"uv":[8.0,0.0,11.0,7.0],"texture":"#1"},"up":{"uv":[4.0,0.0,7.0,3.0],"texture":"#1"},"down":{"uv":[7.0,4.0,4.0,7.0],"texture":"#1"}}},{"from":[1.0,11.25,-3.0],"to":[4.0,18.25,0.0],"rotation":{"angle":22.5,"axis":"z","origin":[3.5,14.75,1.5]},"faces":{"north":{"uv":[11.0,9.0,8.0,16.0],"texture":"#1"},"east":{"uv":[0.0,9.0,3.0,16.0],"texture":"#1"},"south":{"uv":[3.0,9.0,0.0,16.0],"texture":"#1"},"west":{"uv":[8.0,9.0,11.0,16.0],"texture":"#1"},"up":{"uv":[4.0,9.0,7.0,12.0],"texture":"#1"},"down":{"uv":[7.0,13.0,4.0,16.0],"texture":"#1"}}},{"from":[12.0,11.25,-3.0],"to":[15.0,18.25,0.0],"rotation":{"angle":-22.5,"axis":"z","origin":[12.5,14.75,1.5]},"faces":{"north":{"uv":[8.0,9.0,11.0,16.0],"texture":"#1"},"east":{"uv":[11.0,9.0,8.0,16.0],"texture":"#1"},"south":{"uv":[0.0,9.0,3.0,16.0],"texture":"#1"},"west":{"uv":[3.0,9.0,0.0,16.0],"texture":"#1"},"up":{"uv":[7.0,9.0,4.0,12.0],"texture":"#1"},"down":{"uv":[4.0,13.0,7.0,16.0],"texture":"#1"}}},{"from":[-1.0,0.0,3.0],"to":[3.0,11.0,11.0],"rotation":{"angle":0.0,"axis":"y","origin":[16.0,0.0,-4.0]},"faces":{"north":{"uv":[3.25,8.25,2.25,11.0],"texture":"#0"},"east":{"uv":[4.75,8.75,5.0,9.0],"texture":"#0"},"south":{"uv":[4.5,8.25,3.5,11.0],"texture":"#0"},"west":{"uv":[2.0,8.25,0.0,11.0],"texture":"#0"},"up":{"uv":[5.75,8.25,4.75,10.25],"texture":"#0"},"down":{"uv":[13.25,8.25,12.25,10.25],"texture":"#0"}}},{"from":[-1.1,-0.1,-1.1],"to":[3.1,3.1,6.1],"rotation":{"angle":0.0,"axis":"y","origin":[16.0,0.0,-4.0]},"faces":{"north":{"uv":[10.25,8.25,9.25,9.0],"texture":"#0"},"east":{"uv":[8.5,9.75,10.25,10.5],"texture":"#0"},"west":{"uv":[10.25,9.0,8.5,9.75],"texture":"#0"},"up":{"uv":[11.5,8.25,10.5,10.0],"texture":"#0"},"down":{"uv":[15.0,11.0,14.0,12.75],"texture":"#0"}}},{"from":[12.9,-0.1,-1.1],"to":[17.1,3.1,6.1],"rotation":{"angle":0.0,"axis":"y","origin":[0.0,0.0,-4.0]},"faces":{"north":{"uv":[9.25,8.25,10.25,9.0],"texture":"#0"},"east":{"uv":[8.5,9.0,10.25,9.75],"texture":"#0"},"west":{"uv":[10.25,9.75,8.5,10.5],"texture":"#0"},"up":{"uv":[10.5,8.25,11.5,10.0],"texture":"#0"},"down":{"uv":[14.0,11.0,15.0,12.75],"texture":"#0"}}},{"from":[13.0,0.0,3.0],"to":[17.0,11.0,11.0],"rotation":{"angle":0.0,"axis":"y","origin":[0.0,0.0,-4.0]},"faces":{"north":{"uv":[2.25,8.25,3.25,11.0],"texture":"#0"},"east":{"uv":[0.0,8.25,2.0,11.0],"texture":"#0"},"south":{"uv":[3.5,8.25,4.5,11.0],"texture":"#0"},"west":{"uv":[5.0,8.75,4.75,9.0],"texture":"#0"},"up":{"uv":[4.75,8.25,5.75,10.25],"texture":"#0"},"down":{"uv":[12.25,8.25,13.25,10.25],"texture":"#0"}}},{"from":[6.5,5.20952,14.16267],"to":[9.5,8.20952,31.16267],"rotation":{"angle":22.5,"axis":"x","origin":[13.5,14.70952,16.16267]},"faces":{"north":{"uv":[15.25,15.25,16.0,16.0],"texture":"#0","rotation":180},"east":{"uv":[15.25,11.0,16.0,15.25],"texture":"#0","rotation":270},"south":{"uv":[15.25,11.0,16.0,11.25],"texture":"#0"},"west":{"uv":[15.25,11.0,16.0,15.25],"texture":"#0","rotation":90},"up":{"uv":[15.25,11.0,16.0,15.25],"texture":"#0","rotation":180},"down":{"uv":[15.25,11.0,16.0,15.25],"texture":"#0"}}},{"from":[2.03,1.03,1.03],"to":[13.97,21.97,11.97],"rotation":{"angle":-22.5,"axis":"x","origin":[8.0,10.5,6.5]},"faces":{"north":{"uv":[0.0,0.0,3.0,5.25],"texture":"#0"},"east":{"uv":[3.0,0.0,5.75,5.25],"texture":"#0"},"south":{"uv":[6.0,0.0,9.0,5.25],"texture":"#0"},"west":{"uv":[3.0,0.0,5.75,5.25],"texture":"#0"},"up":{"uv":[0.0,5.25,3.0,8.0],"texture":"#0"},"down":{"uv":[3.0,5.25,6.0,8.0],"texture":"#0"}}},{"from":[1.9,0.9,0.9],"to":[14.1,22.1,12.1],"rotation":{"angle":-22.5,"axis":"x","origin":[8.1,10.5,6.5]},"faces":{"north":{"uv":[7.5,3.5,10.5,8.75],"texture":"#2"},"east":{"uv":[10.5,3.5,13.25,8.75],"texture":"#2"},"south":{"uv":[0.0,3.5,3.0,8.75],"texture":"#2"},"west":{"uv":[13.25,3.5,10.5,8.75],"texture":"#2"},"up":{"uv":[3.0,6.0,6.0,8.75],"texture":"#2"}}},{"from":[1.0,7.0,12.0],"to":[15.0,22.0,23.0],"rotation":{"angle":-22.5,"axis":"x","origin":[8.2,10.5,6.5]},"faces":{"north":{"uv":[7.0,9.0,7.25,12.75],"texture":"#2"},"east":{"uv":[5.0,9.0,7.25,12.75],"texture":"#2"},"south":{"uv":[1.75,9.0,4.75,12.75],"texture":"#2"},"west":{"uv":[7.25,9.0,5.0,12.75],"texture":"#2"},"up":{"uv":[0.0,12.75,3.0,15.0],"texture":"#2"},"down":{"uv":[7.5,9.0,10.5,11.25],"texture":"#2"}}},{"from":[10.0,21.0,17.0],"to":[12.0,24.0,19.0],"rotation":{"angle":-22.5,"axis":"x","origin":[8.2,10.5,6.5]},"faces":{"north":{"uv":[3.25,13.0,3.75,13.75],"texture":"#2"},"east":{"uv":[3.25,13.0,3.75,13.75],"texture":"#2"},"south":{"uv":[3.25,13.0,3.75,13.75],"texture":"#2"},"west":{"uv":[3.25,13.0,3.75,13.75],"texture":"#2"},"up":{"uv":[3.75,13.0,4.25,13.5],"texture":"#2"},"down":{"uv":[3.75,13.0,4.25,13.5],"texture":"#2"}}},{"from":[8.5,15.5,15.0],"to":[15.5,22.5,19.0],"rotation":{"angle":-22.5,"axis":"x","origin":[8.2,10.5,6.5]},"faces":{"east":{"uv":[0.0,10.5,1.0,12.25],"texture":"#2"},"up":{"uv":[0.0,10.5,1.0,12.25],"texture":"#2","rotation":90}}},{"from":[3.0,22.25,14.5],"to":[13.0,22.25,20.5],"rotation":{"angle":-22.5,"axis":"x","origin":[8.2,10.5,6.5]},"faces":{"up":{"uv":[4.5,13.0,7.0,14.5],"texture":"#2"},"down":{"uv":[4.5,13.0,7.0,14.5],"texture":"#2"}}},{"from":[4.0,20.0,18.0],"to":[6.0,23.0,20.0],"rotation":{"angle":-22.5,"axis":"x","origin":[8.2,10.5,6.5]},"faces":{"north":{"uv":[3.25,13.0,3.75,13.75],"texture":"#2"},"east":{"uv":[3.25,13.0,3.75,13.75],"texture":"#2"},"south":{"uv":[3.25,13.0,3.75,13.75],"texture":"#2"},"west":{"uv":[3.25,13.0,3.75,13.75],"texture":"#2"},"up":{"uv":[3.75,13.0,4.25,13.5],"texture":"#2"},"down":{"uv":[3.75,13.0,4.25,13.5],"texture":"#2"}}},{"from":[8.0,22.0,15.0],"to":[10.0,25.0,17.0],"rotation":{"angle":-22.5,"axis":"x","origin":[8.2,10.5,6.5]},"faces":{"north":{"uv":[3.25,13.0,3.75,13.75],"texture":"#2"},"east":{"uv":[3.25,13.0,3.75,13.75],"texture":"#2"},"south":{"uv":[3.25,13.0,3.75,13.75],"texture":"#2"},"west":{"uv":[3.25,13.0,3.75,13.75],"texture":"#2"},"up":{"uv":[3.75,13.0,4.25,13.5],"texture":"#2"},"down":{"uv":[3.75,13.0,4.25,13.5],"texture":"#2"}}}],"display":{"head":{"translation":[0.0,-32.0,11.0],"scale":[1.6,1.6,1.6]}},"credit":"Made with Blockbench"}