{"textures":{"0":"mcc:island_cosmetics/npc/scavengers/rat_base_2","1":"mcc:island_cosmetics/npc/scavengers/rat_base_2_blink","2":"mcc:island_cosmetics/npc/scavengers/fancypants","3":"mcc:island_cosmetics/faction/accessory/faction_flag/faction_flag_shine_anim","particle":"mcc:island_cosmetics/npc/scavengers/rat_base_2"},"elements":[{"from":[3.0,0.0,3.0],"to":[13.0,10.0,13.0],"rotation":{"angle":0.0,"axis":"y","origin":[0.0,-21.0,0.0]},"faces":{"north":{"uv":[0.0,0.0,5.0,5.0],"texture":"#1"},"east":{"uv":[0.0,5.5,5.0,10.5],"texture":"#1"},"south":{"uv":[12.0,5.5,14.5,8.0],"texture":"#0"},"west":{"uv":[5.0,5.5,0.0,10.5],"texture":"#1"},"up":{"uv":[9.25,5.5,11.75,8.0],"texture":"#0"},"down":{"uv":[13.5,8.25,16.0,10.75],"texture":"#0"}}},{"from":[5.0,0.0,-2.0],"to":[11.0,4.0,3.0],"rotation":{"angle":0.0,"axis":"y","origin":[0.0,-21.0,0.0]},"faces":{"north":{"uv":[12.0,0.0,13.5,1.0],"texture":"#0"},"east":{"uv":[12.0,1.25,13.25,2.25],"texture":"#0"},"west":{"uv":[13.25,1.25,12.0,2.25],"texture":"#0"},"up":{"uv":[13.75,0.0,15.25,1.25],"texture":"#0"},"down":{"uv":[7.5,5.5,9.0,6.75],"texture":"#0"}}},{"from":[11.65685,4.75,7.65685],"to":[13.65685,12.75,15.65685],"rotation":{"angle":45.0,"axis":"y","origin":[13.65685,10.0,11.65685]},"faces":{"north":{"uv":[13.75,2.75,14.0,4.75],"texture":"#0"},"east":{"uv":[12.0,2.75,14.0,4.75],"texture":"#0"},"south":{"uv":[14.75,5.5,15.25,7.5],"texture":"#0"},"west":{"uv":[16.0,2.75,14.0,4.75],"texture":"#0"},"up":{"uv":[14.0,2.75,12.0,3.0],"texture":"#0","rotation":90},"down":{"uv":[15.5,5.5,16.0,7.5],"texture":"#0"}}},{"from":[2.34315,4.5,7.65685],"to":[4.34315,8.5,15.65685],"rotation":{"angle":-45.0,"axis":"y","origin":[2.34315,10.0,11.65685]},"faces":{"north":{"uv":[14.25,3.75,13.75,4.75],"texture":"#0"},"east":{"uv":[14.0,3.75,16.0,4.75],"texture":"#0"},"south":{"uv":[15.25,6.5,14.75,7.5],"texture":"#0"},"west":{"uv":[14.0,3.75,12.0,4.75],"texture":"#0"},"up":{"uv":[15.75,3.0,16.0,3.25],"texture":"#0","rotation":90},"down":{"uv":[16.0,5.5,15.5,7.5],"texture":"#0"}}},{"from":[11.0,0.0,1.0],"to":[17.0,5.0,1.0],"faces":{"north":{"uv":[13.5,1.5,15.0,2.75],"texture":"#0"},"east":{"uv":[12.0,1.25,13.25,2.25],"texture":"#0"},"south":{"uv":[15.0,1.5,13.5,2.75],"texture":"#0"},"west":{"uv":[13.25,1.25,12.0,2.25],"texture":"#0"},"up":{"uv":[13.75,0.0,15.25,1.25],"texture":"#0"},"down":{"uv":[6.0,0.0,4.0,2.0],"texture":"#0"}}},{"from":[-1.0,0.0,1.0],"to":[5.0,5.0,1.0],"rotation":{"angle":0.0,"axis":"y","origin":[16.0,0.0,0.0]},"faces":{"north":{"uv":[15.0,1.5,13.5,2.75],"texture":"#0"},"east":{"uv":[12.0,1.25,13.25,2.25],"texture":"#0"},"south":{"uv":[13.5,1.5,15.0,2.75],"texture":"#0"},"west":{"uv":[13.25,1.25,12.0,2.25],"texture":"#0"},"up":{"uv":[15.25,0.0,13.75,1.25],"texture":"#0"},"down":{"uv":[4.0,0.0,6.0,2.0],"texture":"#0"}}},{"from":[1.0,2.0,2.0],"to":[15.0,8.0,2.0],"faces":{"north":{"uv":[0.25,14.5,3.75,16.0],"texture":"#2"},"south":{"uv":[3.75,14.5,0.25,16.0],"texture":"#2"}}},{"from":[6.0,3.5,1.0],"to":[20.0,9.5,1.0],"faces":{"north":{"uv":[1.0,5.5,15.0,11.5],"texture":"#3"},"south":{"uv":[1.0,5.5,15.0,11.5],"texture":"#3"}}},{"from":[14.0,2.0,2.0],"to":[14.0,8.0,10.0],"faces":{"north":{"uv":[0.25,14.5,3.75,16.0],"texture":"#2"},"east":{"uv":[0.25,13.0,2.25,14.5],"texture":"#2"},"south":{"uv":[0.25,14.5,3.75,16.0],"texture":"#2"},"west":{"uv":[2.25,13.0,0.25,14.5],"texture":"#2"},"up":{"uv":[0.25,14.5,3.75,16.0],"texture":"#2"},"down":{"uv":[0.25,14.5,3.75,16.0],"texture":"#2"}}},{"from":[2.0,2.0,2.0],"to":[2.0,8.0,10.0],"rotation":{"angle":0.0,"axis":"y","origin":[16.0,0.0,0.0]},"faces":{"north":{"uv":[3.75,14.5,0.25,16.0],"texture":"#2"},"east":{"uv":[0.25,13.0,2.25,14.5],"texture":"#2"},"south":{"uv":[3.75,14.5,0.25,16.0],"texture":"#2"},"west":{"uv":[2.25,13.0,0.25,14.5],"texture":"#2"},"up":{"uv":[3.75,14.5,0.25,16.0],"texture":"#2"},"down":{"uv":[3.75,14.5,0.25,16.0],"texture":"#2"}}},{"from":[-4.15328,9.5206,-1.0],"to":[14.84672,10.5206,18.0],"rotation":{"angle":22.5,"axis":"z","origin":[4.34672,10.2706,8.5]},"faces":{"north":{"uv":[11.25,11.0,16.0,11.25],"texture":"#2"},"east":{"uv":[11.25,11.25,16.0,11.5],"texture":"#2"},"south":{"uv":[11.25,11.25,16.0,11.5],"texture":"#2"},"west":{"uv":[11.25,11.25,16.0,11.5],"texture":"#2"},"up":{"uv":[11.25,11.25,16.0,16.0],"texture":"#2"},"down":{"uv":[11.25,11.25,16.0,16.0],"texture":"#2"}}},{"from":[14.84672,10.5206,-1.0],"to":[17.84672,10.5206,18.0],"rotation":{"angle":22.5,"axis":"z","origin":[4.34672,10.2706,8.5]},"faces":{"north":{"uv":[11.25,11.25,16.0,11.5],"texture":"#2"},"east":{"uv":[11.25,11.25,16.0,11.5],"texture":"#2"},"south":{"uv":[11.25,11.25,16.0,11.5],"texture":"#2"},"west":{"uv":[11.25,11.25,16.0,11.5],"texture":"#2"},"up":{"uv":[10.25,11.25,11.0,16.0],"texture":"#2"},"down":{"uv":[10.25,11.25,11.0,16.0],"texture":"#2"}}},{"from":[-7.83798,13.96383,-1.0],"to":[-4.83798,13.96383,18.0],"rotation":{"angle":22.5,"axis":"z","origin":[12.66202,13.71383,8.5]},"faces":{"north":{"uv":[16.0,11.25,11.25,11.5],"texture":"#2"},"east":{"uv":[16.0,11.25,11.25,11.5],"texture":"#2"},"south":{"uv":[16.0,11.25,11.25,11.5],"texture":"#2"},"west":{"uv":[16.0,11.25,11.25,11.5],"texture":"#2"},"up":{"uv":[11.0,11.25,10.25,16.0],"texture":"#2"},"down":{"uv":[11.0,11.25,10.25,16.0],"texture":"#2"}}},{"from":[-4.32488,10.88429,18.0],"to":[14.67512,10.88429,21.0],"rotation":{"angle":22.5,"axis":"z","origin":[5.17512,10.88379,8.5]},"faces":{"north":{"uv":[11.25,11.25,16.0,11.5],"texture":"#2"},"east":{"uv":[11.25,11.25,16.0,11.5],"texture":"#2"},"south":{"uv":[11.25,11.25,16.0,11.5],"texture":"#2"},"west":{"uv":[11.25,11.25,16.0,11.5],"texture":"#2"},"up":{"uv":[10.25,11.25,11.0,16.0],"texture":"#2","rotation":90},"down":{"uv":[10.25,11.25,11.0,16.0],"texture":"#2","rotation":270}}},{"from":[-4.32488,10.88329,-4.0],"to":[14.67512,10.88329,-1.0],"rotation":{"angle":22.5,"axis":"z","origin":[5.17512,10.88379,8.5]},"faces":{"north":{"uv":[16.0,11.25,11.25,11.5],"texture":"#2"},"east":{"uv":[16.0,11.25,11.25,11.5],"texture":"#2"},"south":{"uv":[16.0,11.25,11.25,11.5],"texture":"#2"},"west":{"uv":[16.0,11.25,11.25,11.5],"texture":"#2"},"up":{"uv":[11.0,11.25,10.25,16.0],"texture":"#2","rotation":90},"down":{"uv":[11.0,11.25,10.25,16.0],"texture":"#2","rotation":270}}},{"from":[1.0,10.0,4.0],"to":[10.0,15.0,13.0],"rotation":{"angle":22.5,"axis":"z","origin":[5.0,10.0,4.0]},"faces":{"north":{"uv":[4.0,14.75,6.25,16.0],"texture":"#2"},"east":{"uv":[4.0,14.75,6.25,16.0],"texture":"#2"},"south":{"uv":[4.0,14.75,6.25,16.0],"texture":"#2"},"west":{"uv":[4.0,14.75,6.25,16.0],"texture":"#2"},"up":{"uv":[4.0,12.5,6.25,14.75],"texture":"#2"},"down":{"uv":[4.0,12.5,6.25,14.75],"texture":"#2"}}},{"from":[-5.98528,7.03553,9.0],"to":[-0.98528,20.03553,9.0],"rotation":{"angle":45.0,"axis":"z","origin":[-3.48528,13.53553,9.0]},"faces":{"north":{"uv":[6.5,12.0,7.75,15.25],"texture":"#2"},"east":{"uv":[4.0,14.75,6.25,16.0],"texture":"#2"},"south":{"uv":[6.5,12.0,7.75,15.25],"texture":"#2"},"west":{"uv":[4.0,14.75,6.25,16.0],"texture":"#2"},"up":{"uv":[12.75,9.25,14.0,9.25],"texture":"#2"},"down":{"uv":[4.0,12.5,6.25,14.75],"texture":"#2"}}},{"from":[0.8,10.8,3.8],"to":[10.2,13.2,13.2],"rotation":{"angle":22.5,"axis":"z","origin":[5.0,10.0,4.0]},"faces":{"north":{"uv":[6.5,15.5,8.75,16.0],"texture":"#2"},"east":{"uv":[6.5,15.5,8.75,16.0],"texture":"#2"},"south":{"uv":[6.5,15.5,8.75,16.0],"texture":"#2"},"west":{"uv":[6.5,15.5,8.75,16.0],"texture":"#2"},"up":{"uv":[4.0,12.5,6.25,14.75],"texture":"#2"},"down":{"uv":[4.0,12.5,6.25,14.75],"texture":"#2"}}}],"display":{"thirdperson_righthand":{"translation":[0.0,1.0,-1.0],"rotation":[63.0,34.0,0.0],"scale":[0.37891,0.37891,0.37891]},"thirdperson_lefthand":{"translation":[0.0,1.0,-1.0],"rotation":[63.0,34.0,0.0],"scale":[0.37891,0.37891,0.37891]},"firstperson_righthand":{"translation":[9.5,0.0,-5.75],"rotation":[3.0,112.0,-13.0],"scale":[0.35547,0.35547,0.35547]},"firstperson_lefthand":{"translation":[9.5,0.0,-5.75],"rotation":[3.0,112.0,-13.0],"scale":[0.35547,0.35547,0.35547]},"ground":{"translation":[0.0,4.25,0.0],"scale":[0.28906,0.28906,0.28906]},"gui":{"translation":[0.5,0.75,0.0],"rotation":[30.0,-158.0,0.0],"scale":[0.65586,0.65586,0.65586]},"head":{"translation":[0.0,1.0,-4.5],"scale":[1.6,1.6,1.6]},"fixed":{"translation":[0.0,-3.25,-7.5]}},"credit":"Made with Blockbench"}