{"textures":{"4":"mcc:island_cosmetics/npc/scavengers/knight_1","particle":"mcc:island_cosmetics/npc/scavengers/rat_base_2","body":"mcc:island_cosmetics/npc/scavengers/rat_base_2","arm":"mcc:island_cosmetics/npc/scavengers/rat_base_2_arm"},"elements":[{"from":[14.92388,9.61732,6.0],"to":[21.92388,12.61732,9.0],"rotation":{"angle":22.5,"axis":"z","origin":[13.42388,10.11732,5.5]},"faces":{"north":{"uv":[8.0,0.0,11.0,7.0],"texture":"#arm","rotation":90},"east":{"uv":[4.0,4.0,7.0,7.0],"texture":"#arm","rotation":270},"south":{"uv":[0.0,0.0,3.0,7.0],"texture":"#arm","rotation":270},"west":{"uv":[7.0,0.0,4.0,3.0],"texture":"#arm","rotation":270},"up":{"uv":[11.0,0.0,8.0,7.0],"texture":"#arm","rotation":270},"down":{"uv":[3.0,0.0,0.0,7.0],"texture":"#arm","rotation":270}}},{"from":[1.07612,6.61732,1.0],"to":[4.07612,13.61732,4.0],"rotation":{"angle":22.5,"axis":"z","origin":[2.57612,10.11732,2.5]},"faces":{"north":{"uv":[11.0,0.0,8.0,7.0],"texture":"#arm"},"east":{"uv":[0.0,0.0,3.0,7.0],"texture":"#arm"},"south":{"uv":[3.0,0.0,0.0,7.0],"texture":"#arm"},"west":{"uv":[8.0,0.0,11.0,7.0],"texture":"#arm"},"up":{"uv":[4.0,0.0,7.0,3.0],"texture":"#arm"},"down":{"uv":[7.0,4.0,4.0,7.0],"texture":"#arm"}}},{"from":[-0.92388,10.61732,0.0],"to":[4.07612,15.61732,5.0],"rotation":{"angle":22.5,"axis":"z","origin":[2.57612,10.11732,2.5]},"faces":{"north":{"uv":[4.5,6.0,5.75,7.25],"texture":"#4"},"east":{"uv":[4.5,6.0,5.75,7.25],"texture":"#4"},"south":{"uv":[4.5,6.0,5.75,7.25],"texture":"#4"},"west":{"uv":[4.5,6.0,5.75,7.25],"texture":"#4"},"up":{"uv":[8.75,6.75,7.5,5.5],"texture":"#4"},"down":{"uv":[8.75,6.75,7.5,8.0],"texture":"#4"}}},{"from":[12.99581,10.00627,5.0],"to":[17.99581,15.00627,10.0],"rotation":{"angle":22.5,"axis":"z","origin":[15.49581,12.50627,5.5]},"faces":{"north":{"uv":[1.5,8.0,2.75,9.25],"texture":"#4"},"east":{"uv":[8.75,6.75,7.5,8.0],"texture":"#4"},"south":{"uv":[2.75,9.25,1.5,8.0],"texture":"#4"},"west":{"uv":[7.5,8.0,8.75,9.25],"texture":"#4"},"up":{"uv":[2.75,9.25,1.5,8.0],"texture":"#4"},"down":{"uv":[2.75,9.25,1.5,8.0],"texture":"#4"}}},{"from":[0.54328,8.7961,1.0],"to":[3.54328,15.7961,4.0],"rotation":{"angle":22.5,"axis":"z","origin":[9.04328,12.7961,5.5]},"faces":{"north":{"uv":[11.0,9.0,8.0,16.0],"texture":"#arm"},"east":{"uv":[0.0,9.0,3.0,16.0],"texture":"#arm"},"south":{"uv":[3.0,9.0,0.0,16.0],"texture":"#arm"},"west":{"uv":[8.0,9.0,11.0,16.0],"texture":"#arm"},"up":{"uv":[4.0,9.0,7.0,12.0],"texture":"#arm"},"down":{"uv":[7.0,13.0,4.0,16.0],"texture":"#arm"}}},{"from":[14.23671,10.82193,6.0],"to":[21.23671,13.82193,9.0],"rotation":{"angle":22.5,"axis":"z","origin":[16.73671,12.57193,7.5]},"faces":{"north":{"uv":[11.0,16.0,8.0,9.0],"texture":"#arm","rotation":270},"east":{"uv":[7.0,16.0,4.0,13.0],"texture":"#arm","rotation":90},"south":{"uv":[3.0,16.0,0.0,9.0],"texture":"#arm","rotation":90},"west":{"uv":[4.0,12.0,7.0,9.0],"texture":"#arm","rotation":90},"up":{"uv":[8.0,16.0,11.0,9.0],"texture":"#arm","rotation":90},"down":{"uv":[0.0,16.0,3.0,9.0],"texture":"#arm","rotation":90}}},{"from":[-1.0,-5.0,7.0],"to":[3.0,6.0,15.0],"rotation":{"angle":0.0,"axis":"y","origin":[16.0,-5.0,0.0]},"faces":{"north":{"uv":[3.25,8.25,2.25,11.0],"texture":"#body"},"east":{"uv":[4.75,8.75,5.0,9.0],"texture":"#body"},"south":{"uv":[4.5,8.25,3.5,11.0],"texture":"#body"},"west":{"uv":[2.0,8.25,0.0,11.0],"texture":"#body"},"up":{"uv":[5.75,8.25,4.75,10.25],"texture":"#body"},"down":{"uv":[13.25,8.25,12.25,10.25],"texture":"#body"}}},{"from":[-1.1,-5.1,2.9],"to":[3.1,-1.9,10.1],"rotation":{"angle":0.0,"axis":"y","origin":[16.0,-5.0,0.0]},"faces":{"north":{"uv":[10.25,8.25,9.25,9.0],"texture":"#body"},"east":{"uv":[8.5,9.75,10.25,10.5],"texture":"#body"},"west":{"uv":[10.25,9.0,8.5,9.75],"texture":"#body"},"up":{"uv":[11.5,8.25,10.5,10.0],"texture":"#body"},"down":{"uv":[15.0,11.0,14.0,12.75],"texture":"#body"}}},{"from":[12.9,-5.1,2.9],"to":[17.1,-1.9,10.1],"rotation":{"angle":0.0,"axis":"y","origin":[0.0,-5.0,0.0]},"faces":{"north":{"uv":[9.25,8.25,10.25,9.0],"texture":"#body"},"east":{"uv":[8.5,9.0,10.25,9.75],"texture":"#body"},"west":{"uv":[10.25,9.75,8.5,10.5],"texture":"#body"},"up":{"uv":[10.5,8.25,11.5,10.0],"texture":"#body"},"down":{"uv":[14.0,11.0,15.0,12.75],"texture":"#body"}}},{"from":[13.0,-5.0,7.0],"to":[17.0,6.0,15.0],"rotation":{"angle":0.0,"axis":"y","origin":[0.0,-5.0,0.0]},"faces":{"north":{"uv":[2.25,8.25,3.25,11.0],"texture":"#body"},"east":{"uv":[0.0,8.25,2.0,11.0],"texture":"#body"},"south":{"uv":[3.5,8.25,4.5,11.0],"texture":"#body"},"west":{"uv":[5.0,8.75,4.75,9.0],"texture":"#body"},"up":{"uv":[4.75,8.25,5.75,10.25],"texture":"#body"},"down":{"uv":[12.25,8.25,13.25,10.25],"texture":"#body"}}},{"from":[6.5,-1.29048,20.66267],"to":[9.5,15.70952,23.66267],"rotation":{"angle":22.5,"axis":"x","origin":[13.5,9.70952,20.16267]},"faces":{"north":{"uv":[15.25,11.0,16.0,15.25],"texture":"#body"},"east":{"uv":[15.25,11.0,16.0,15.25],"texture":"#body"},"south":{"uv":[15.25,11.0,16.0,15.25],"texture":"#body"},"west":{"uv":[15.25,11.0,16.0,15.25],"texture":"#body"},"up":{"uv":[15.25,11.0,16.0,11.25],"texture":"#body"},"down":{"uv":[15.25,15.25,16.0,16.0],"texture":"#body"}}},{"from":[2.03,-3.97,5.03],"to":[13.97,16.97,15.97],"rotation":{"angle":-22.5,"axis":"x","origin":[8.0,5.5,10.5]},"faces":{"north":{"uv":[0.0,0.0,3.0,5.25],"texture":"#body"},"east":{"uv":[3.0,0.0,5.75,5.25],"texture":"#body"},"south":{"uv":[6.0,0.0,9.0,5.25],"texture":"#body"},"west":{"uv":[3.0,0.0,5.75,5.25],"texture":"#body"},"up":{"uv":[0.0,5.25,3.0,8.0],"texture":"#body"},"down":{"uv":[3.0,5.25,6.0,8.0],"texture":"#body"}}},{"from":[1.63,4.63,4.63],"to":[14.37,17.37,16.37],"rotation":{"angle":-22.5,"axis":"x","origin":[8.0,5.5,10.5]},"faces":{"north":{"uv":[0.0,0.0,3.0,3.0],"texture":"#4"},"east":{"uv":[3.0,0.0,5.75,3.0],"texture":"#4"},"south":{"uv":[0.0,3.0,3.0,6.0],"texture":"#4"},"west":{"uv":[3.0,3.0,5.75,6.0],"texture":"#4"},"up":{"uv":[8.75,2.75,5.75,0.0],"texture":"#4"},"down":{"uv":[8.75,2.75,5.75,5.5],"texture":"#4"}}},{"from":[20.0,-5.0,6.75],"to":[22.0,25.0,8.75],"rotation":{"angle":0.0,"axis":"y","origin":[16.0,-5.0,3.0]},"faces":{"north":{"uv":[5.75,5.5,6.25,13.0],"texture":"#4"},"east":{"uv":[5.75,5.5,6.25,13.0],"texture":"#4"},"south":{"uv":[5.75,5.5,6.25,13.0],"texture":"#4"},"west":{"uv":[5.75,5.5,6.25,13.0],"texture":"#4"},"up":{"uv":[4.5,8.5,4.0,8.0],"texture":"#4"},"down":{"uv":[5.75,8.5,5.25,9.0],"texture":"#4"}}},{"from":[18.0,19.0,7.75],"to":[24.0,27.0,7.75],"rotation":{"angle":0.0,"axis":"y","origin":[16.0,-5.0,1.0]},"faces":{"north":{"uv":[1.5,6.0,3.0,8.0],"texture":"#4"},"east":{"uv":[0.0,0.0,0.0,2.0],"texture":"#4"},"south":{"uv":[1.5,6.0,3.0,8.0],"texture":"#4"},"west":{"uv":[0.0,0.0,0.0,2.0],"texture":"#4"},"up":{"uv":[1.5,0.0,0.0,0.0],"texture":"#4"},"down":{"uv":[1.5,0.0,0.0,0.0],"texture":"#4"}}}],"display":{"head":{"translation":[0.0,-22.25,0.0],"scale":[1.6,1.6,1.6]}},"credit":"Made with Blockbench"}