{"textures":{"3":"mcc:island_cosmetics/npc/scavengers/clothing_1","particle":"mcc:island_cosmetics/npc/scavengers/rat_base_2","body":"mcc:island_cosmetics/npc/scavengers/rat_base_2","arm":"mcc:island_cosmetics/npc/scavengers/rat_base_2_arm"},"elements":[{"from":[12.0,12.0,1.0],"to":[15.0,19.0,4.0],"rotation":{"angle":-22.5,"axis":"z","origin":[12.5,15.5,5.5]},"faces":{"north":{"uv":[8.0,0.0,11.0,7.0],"texture":"#arm"},"east":{"uv":[11.0,0.0,8.0,7.0],"texture":"#arm"},"south":{"uv":[0.0,0.0,3.0,7.0],"texture":"#arm"},"west":{"uv":[3.0,0.0,0.0,7.0],"texture":"#arm"},"up":{"uv":[7.0,0.0,4.0,3.0],"texture":"#arm"},"down":{"uv":[4.0,4.0,7.0,7.0],"texture":"#arm"}}},{"from":[1.0,12.0,1.0],"to":[4.0,19.0,4.0],"rotation":{"angle":22.5,"axis":"z","origin":[3.5,15.5,5.5]},"faces":{"north":{"uv":[11.0,0.0,8.0,7.0],"texture":"#arm"},"east":{"uv":[0.0,0.0,3.0,7.0],"texture":"#arm"},"south":{"uv":[3.0,0.0,0.0,7.0],"texture":"#arm"},"west":{"uv":[8.0,0.0,11.0,7.0],"texture":"#arm"},"up":{"uv":[4.0,0.0,7.0,3.0],"texture":"#arm"},"down":{"uv":[7.0,4.0,4.0,7.0],"texture":"#arm"}}},{"from":[1.0,11.25,1.0],"to":[4.0,18.25,4.0],"rotation":{"angle":22.5,"axis":"z","origin":[3.5,14.75,5.5]},"faces":{"north":{"uv":[11.0,9.0,8.0,16.0],"texture":"#arm"},"east":{"uv":[0.0,9.0,3.0,16.0],"texture":"#arm"},"south":{"uv":[3.0,9.0,0.0,16.0],"texture":"#arm"},"west":{"uv":[8.0,9.0,11.0,16.0],"texture":"#arm"},"up":{"uv":[4.0,9.0,7.0,12.0],"texture":"#arm"},"down":{"uv":[7.0,13.0,4.0,16.0],"texture":"#arm"}}},{"from":[12.0,11.25,1.0],"to":[15.0,18.25,4.0],"rotation":{"angle":-22.5,"axis":"z","origin":[12.5,14.75,5.5]},"faces":{"north":{"uv":[8.0,9.0,11.0,16.0],"texture":"#arm"},"east":{"uv":[11.0,9.0,8.0,16.0],"texture":"#arm"},"south":{"uv":[0.0,9.0,3.0,16.0],"texture":"#arm"},"west":{"uv":[3.0,9.0,0.0,16.0],"texture":"#arm"},"up":{"uv":[7.0,9.0,4.0,12.0],"texture":"#arm"},"down":{"uv":[4.0,13.0,7.0,16.0],"texture":"#arm"}}},{"from":[-1.0,0.0,7.0],"to":[3.0,11.0,15.0],"rotation":{"angle":0.0,"axis":"y","origin":[16.0,0.0,0.0]},"faces":{"north":{"uv":[3.25,8.25,2.25,11.0],"texture":"#body"},"east":{"uv":[4.75,8.75,5.0,9.0],"texture":"#body"},"south":{"uv":[4.5,8.25,3.5,11.0],"texture":"#body"},"west":{"uv":[2.0,8.25,0.0,11.0],"texture":"#body"},"up":{"uv":[5.75,8.25,4.75,10.25],"texture":"#body"},"down":{"uv":[13.25,8.25,12.25,10.25],"texture":"#body"}}},{"from":[-1.1,-0.1,2.9],"to":[3.1,3.1,10.1],"rotation":{"angle":0.0,"axis":"y","origin":[16.0,0.0,0.0]},"faces":{"north":{"uv":[10.25,8.25,9.25,9.0],"texture":"#body"},"east":{"uv":[8.5,9.75,10.25,10.5],"texture":"#body"},"west":{"uv":[10.25,9.0,8.5,9.75],"texture":"#body"},"up":{"uv":[11.5,8.25,10.5,10.0],"texture":"#body"},"down":{"uv":[15.0,11.0,14.0,12.75],"texture":"#body"}}},{"from":[12.9,-0.1,2.9],"to":[17.1,3.1,10.1],"faces":{"north":{"uv":[9.25,8.25,10.25,9.0],"texture":"#body"},"east":{"uv":[8.5,9.0,10.25,9.75],"texture":"#body"},"west":{"uv":[10.25,9.75,8.5,10.5],"texture":"#body"},"up":{"uv":[10.5,8.25,11.5,10.0],"texture":"#body"},"down":{"uv":[14.0,11.0,15.0,12.75],"texture":"#body"}}},{"from":[13.0,0.0,7.0],"to":[17.0,11.0,15.0],"faces":{"north":{"uv":[2.25,8.25,3.25,11.0],"texture":"#body"},"east":{"uv":[0.0,8.25,2.0,11.0],"texture":"#body"},"south":{"uv":[3.5,8.25,4.5,11.0],"texture":"#body"},"west":{"uv":[5.0,8.75,4.75,9.0],"texture":"#body"},"up":{"uv":[4.75,8.25,5.75,10.25],"texture":"#body"},"down":{"uv":[12.25,8.25,13.25,10.25],"texture":"#body"}}},{"from":[6.5,3.70952,20.66267],"to":[9.5,20.70952,23.66267],"rotation":{"angle":22.5,"axis":"x","origin":[13.5,14.70952,20.16267]},"faces":{"north":{"uv":[15.25,11.0,16.0,15.25],"texture":"#body"},"east":{"uv":[15.25,11.0,16.0,15.25],"texture":"#body"},"south":{"uv":[15.25,11.0,16.0,15.25],"texture":"#body"},"west":{"uv":[15.25,11.0,16.0,15.25],"texture":"#body"},"up":{"uv":[15.25,11.0,16.0,11.25],"texture":"#body"},"down":{"uv":[15.25,15.25,16.0,16.0],"texture":"#body"}}},{"from":[2.03,1.03,5.03],"to":[13.97,21.97,15.97],"rotation":{"angle":-22.5,"axis":"x","origin":[8.0,10.5,10.5]},"faces":{"north":{"uv":[0.0,0.0,3.0,5.25],"texture":"#body"},"east":{"uv":[3.0,0.0,5.75,5.25],"texture":"#body"},"south":{"uv":[6.0,0.0,9.0,5.25],"texture":"#body"},"west":{"uv":[3.0,0.0,5.75,5.25],"texture":"#body"},"up":{"uv":[0.0,5.25,3.0,8.0],"texture":"#body"},"down":{"uv":[3.0,5.25,6.0,8.0],"texture":"#body"}}},{"from":[1.9,11.9,4.9],"to":[14.1,22.1,16.1],"rotation":{"angle":-22.5,"axis":"x","origin":[8.1,10.5,10.5]},"faces":{"north":{"uv":[9.0,6.25,12.0,8.75],"texture":"#3","tintindex":0},"east":{"uv":[9.75,9.0,12.5,11.5],"texture":"#3","tintindex":0},"south":{"uv":[12.75,9.0,15.75,11.5],"texture":"#3","tintindex":0},"west":{"uv":[9.75,9.0,12.5,11.5],"texture":"#3","tintindex":0},"up":{"uv":[6.5,9.0,9.5,11.75],"texture":"#3","tintindex":0}}},{"from":[1.9,22.08478,9.82346],"to":[14.1,25.28478,16.02346],"rotation":{"angle":-22.5,"axis":"x","origin":[8.1,10.68478,10.42346]},"faces":{"east":{"uv":[12.25,8.0,13.75,8.75],"texture":"#3"},"south":{"uv":[12.25,7.0,15.25,7.75],"texture":"#3"},"west":{"uv":[13.75,8.0,12.25,8.75],"texture":"#3"}}},{"from":[14.1,25.28478,16.02346],"to":[1.9,22.08478,9.82346],"rotation":{"angle":-22.5,"axis":"x","origin":[8.1,10.68478,10.42346]},"faces":{"north":{"uv":[12.25,7.75,15.25,7.0],"texture":"#3"},"east":{"uv":[13.75,8.75,12.25,8.0],"texture":"#3"},"west":{"uv":[12.25,8.75,13.75,8.0],"texture":"#3"}}}],"display":{"head":{"translation":[0.0,-32.0,0.0],"scale":[1.6,1.6,1.6]}},"credit":"Made with Blockbench"}