{"textures":{"3":"mcc:island_cosmetics/general/hat/shroud/shroud","4":"mcc:island_cosmetics/npc/scavengers/knight_1","particle":"mcc:island_cosmetics/npc/scavengers/rat_base_2","head":"mcc:island_cosmetics/npc/scavengers/rat_base_2","blink":"mcc:island_cosmetics/npc/scavengers/rat_base_2_blink"},"elements":[{"from":[3.0,0.0,3.0],"to":[13.0,10.0,13.0],"rotation":{"angle":0.0,"axis":"y","origin":[0.0,-21.0,0.0]},"faces":{"north":{"uv":[0.0,0.0,5.0,5.0],"texture":"#blink"},"east":{"uv":[0.0,5.5,5.0,10.5],"texture":"#blink"},"south":{"uv":[12.0,5.5,14.5,8.0],"texture":"#head"},"west":{"uv":[5.0,5.5,0.0,10.5],"texture":"#blink"},"up":{"uv":[9.25,5.5,11.75,8.0],"texture":"#head"},"down":{"uv":[13.5,8.25,16.0,10.75],"texture":"#head"}}},{"from":[5.0,0.0,-2.0],"to":[11.0,4.0,3.0],"rotation":{"angle":0.0,"axis":"y","origin":[0.0,-21.0,0.0]},"faces":{"north":{"uv":[12.0,0.0,13.5,1.0],"texture":"#head"},"east":{"uv":[12.0,1.25,13.25,2.25],"texture":"#head"},"west":{"uv":[13.25,1.25,12.0,2.25],"texture":"#head"},"up":{"uv":[13.75,0.0,15.25,1.25],"texture":"#head"},"down":{"uv":[7.5,5.5,9.0,6.75],"texture":"#head"}}},{"from":[11.65685,6.0,7.65685],"to":[13.65685,14.0,15.65685],"rotation":{"angle":45.0,"axis":"y","origin":[13.65685,10.0,11.65685]},"faces":{"north":{"uv":[13.75,2.75,14.0,4.75],"texture":"#head"},"east":{"uv":[12.0,2.75,14.0,4.75],"texture":"#head"},"south":{"uv":[14.75,5.5,15.25,7.5],"texture":"#head"},"west":{"uv":[16.0,2.75,14.0,4.75],"texture":"#head"},"up":{"uv":[14.0,2.75,12.0,3.0],"texture":"#head","rotation":90},"down":{"uv":[15.5,5.5,16.0,7.5],"texture":"#head"}}},{"from":[8.0,6.0,10.0],"to":[10.0,14.0,18.0],"rotation":{"angle":-45.0,"axis":"y","origin":[8.0,6.0,6.0]},"faces":{"north":{"uv":[14.0,2.75,13.75,4.75],"texture":"#head"},"east":{"uv":[14.0,2.75,16.0,4.75],"texture":"#head"},"south":{"uv":[15.25,5.5,14.75,7.5],"texture":"#head"},"west":{"uv":[14.0,2.75,12.0,4.75],"texture":"#head"},"up":{"uv":[14.0,3.0,12.0,2.75],"texture":"#head","rotation":90},"down":{"uv":[16.0,5.5,15.5,7.5],"texture":"#head"}}},{"from":[11.0,0.0,1.0],"to":[17.0,5.0,1.0],"faces":{"north":{"uv":[13.5,1.5,15.0,2.75],"texture":"#head"},"east":{"uv":[12.0,1.25,13.25,2.25],"texture":"#head"},"south":{"uv":[15.0,1.5,13.5,2.75],"texture":"#head"},"west":{"uv":[13.25,1.25,12.0,2.25],"texture":"#head"},"up":{"uv":[13.75,0.0,15.25,1.25],"texture":"#head"},"down":{"uv":[6.0,0.0,4.0,2.0],"texture":"#head"}}},{"from":[-1.0,0.0,1.0],"to":[5.0,5.0,1.0],"rotation":{"angle":0.0,"axis":"y","origin":[16.0,0.0,0.0]},"faces":{"north":{"uv":[15.0,1.5,13.5,2.75],"texture":"#head"},"east":{"uv":[12.0,1.25,13.25,2.25],"texture":"#head"},"south":{"uv":[13.5,1.5,15.0,2.75],"texture":"#head"},"west":{"uv":[13.25,1.25,12.0,2.25],"texture":"#head"},"up":{"uv":[15.25,0.0,13.75,1.25],"texture":"#head"},"down":{"uv":[4.0,0.0,6.0,2.0],"texture":"#head"}}},{"from":[2.45,-2.58103,2.5632],"to":[13.55,1.85897,13.6632],"rotation":{"angle":-22.5,"axis":"x","origin":[8.555,1.02647,5.8932]},"faces":{"north":{"uv":[4.0,7.33333,7.33333,8.66667],"texture":"#3","tintindex":0},"east":{"uv":[4.0,7.33333,7.33333,8.66667],"texture":"#3","tintindex":0},"south":{"uv":[4.0,7.33333,7.33333,8.66667],"texture":"#3","tintindex":0},"west":{"uv":[4.0,7.33333,7.33333,8.66667],"texture":"#3","tintindex":0},"up":{"uv":[0.66667,10.33333,4.0,7.0],"texture":"#3","tintindex":0},"down":{"uv":[0.66667,7.0,4.0,10.33333],"texture":"#3","tintindex":0}}},{"from":[2.3,3.3,2.3],"to":[13.7,12.7,13.7],"faces":{"north":{"uv":[13.5,0.0,16.0,2.0],"texture":"#4"},"east":{"uv":[13.5,2.0,16.0,4.0],"texture":"#4"},"south":{"uv":[13.5,4.0,16.0,6.0],"texture":"#4"},"west":{"uv":[16.0,2.0,13.5,4.0],"texture":"#4"},"up":{"uv":[13.5,6.0,16.0,8.5],"texture":"#4"}}},{"from":[5.0,13.0,7.75],"to":[11.0,21.0,7.75],"rotation":{"angle":0.0,"axis":"y","origin":[16.0,-5.0,1.0]},"faces":{"north":{"uv":[1.5,6.0,3.0,8.0],"texture":"#4"},"east":{"uv":[0.0,0.0,0.0,2.0],"texture":"#4"},"south":{"uv":[1.5,6.0,3.0,8.0],"texture":"#4"},"west":{"uv":[0.0,0.0,0.0,2.0],"texture":"#4"},"up":{"uv":[1.5,0.0,0.0,0.0],"texture":"#4"},"down":{"uv":[1.5,0.0,0.0,0.0],"texture":"#4"}}},{"from":[7.0,12.0,7.0],"to":[9.0,19.0,9.0],"rotation":{"angle":0.0,"axis":"y","origin":[3.0,-5.0,3.25]},"faces":{"north":{"uv":[12.75,5.5,13.25,7.25],"texture":"#4"},"east":{"uv":[12.75,5.5,13.25,7.25],"texture":"#4"},"south":{"uv":[12.75,5.5,13.25,7.25],"texture":"#4"},"west":{"uv":[12.75,5.5,13.25,7.25],"texture":"#4"},"up":{"uv":[12.75,5.5,13.0,5.75],"texture":"#4"},"down":{"uv":[13.0,6.75,13.25,7.0],"texture":"#4"}}}],"display":{"thirdperson_righthand":{"translation":[0.0,1.0,-1.0],"rotation":[63.0,34.0,0.0],"scale":[0.37891,0.37891,0.37891]},"thirdperson_lefthand":{"translation":[0.0,1.0,-1.0],"rotation":[63.0,34.0,0.0],"scale":[0.37891,0.37891,0.37891]},"firstperson_righthand":{"translation":[9.5,0.0,-5.75],"rotation":[3.0,112.0,-13.0],"scale":[0.35547,0.35547,0.35547]},"firstperson_lefthand":{"translation":[9.5,0.0,-5.75],"rotation":[3.0,112.0,-13.0],"scale":[0.35547,0.35547,0.35547]},"ground":{"translation":[0.0,4.25,0.0],"scale":[0.28906,0.28906,0.28906]},"gui":{"translation":[0.5,0.75,0.0],"rotation":[30.0,-158.0,0.0],"scale":[0.65586,0.65586,0.65586]},"head":{"translation":[0.0,1.0,-4.5],"scale":[1.6,1.6,1.6]},"fixed":{"translation":[0.0,-3.25,-7.5]}},"credit":"Made with Blockbench"}