{"textures":{"0":"mcc:island_cosmetics/npc/scavengers/rat_base_1","1":"mcc:island_cosmetics/npc/scavengers/rat_base_1_blink","2":"mcc:island_cosmetics/general/hat/chefs_hat/chefs_hat","3":"mcc:island_cosmetics/general/hat/chefs_hat/tall","particle":"mcc:island_cosmetics/npc/scavengers/rat_base_1"},"elements":[{"from":[3.0,0.0,3.0],"to":[13.0,10.0,13.0],"rotation":{"angle":0.0,"axis":"y","origin":[0.0,-21.0,0.0]},"faces":{"north":{"uv":[0.0,0.0,5.0,5.0],"texture":"#1"},"east":{"uv":[0.0,5.5,5.0,10.5],"texture":"#1"},"south":{"uv":[12.0,5.5,14.5,8.0],"texture":"#0"},"west":{"uv":[5.0,5.5,0.0,10.5],"texture":"#1"},"up":{"uv":[9.25,5.5,11.75,8.0],"texture":"#0"},"down":{"uv":[13.5,8.25,16.0,10.75],"texture":"#0"}}},{"from":[5.0,0.0,-2.0],"to":[11.0,4.0,3.0],"rotation":{"angle":0.0,"axis":"y","origin":[0.0,-21.0,0.0]},"faces":{"north":{"uv":[12.0,0.0,13.5,1.0],"texture":"#0"},"east":{"uv":[12.0,1.25,13.25,2.25],"texture":"#0"},"west":{"uv":[13.25,1.25,12.0,2.25],"texture":"#0"},"up":{"uv":[13.75,0.0,15.25,1.25],"texture":"#0"},"down":{"uv":[7.5,5.5,9.0,6.75],"texture":"#0"}}},{"from":[11.65685,6.0,7.65685],"to":[13.65685,14.0,15.65685],"rotation":{"angle":45.0,"axis":"y","origin":[13.65685,10.0,11.65685]},"faces":{"north":{"uv":[13.75,2.75,14.0,4.75],"texture":"#0"},"east":{"uv":[12.0,2.75,14.0,4.75],"texture":"#0"},"south":{"uv":[14.75,5.5,15.25,7.5],"texture":"#0"},"west":{"uv":[16.0,2.75,14.0,4.75],"texture":"#0"},"up":{"uv":[14.0,2.75,12.0,3.0],"texture":"#0","rotation":90},"down":{"uv":[15.5,5.5,16.0,7.5],"texture":"#0"}}},{"from":[8.0,6.0,10.0],"to":[10.0,14.0,18.0],"rotation":{"angle":-45.0,"axis":"y","origin":[8.0,6.0,6.0]},"faces":{"north":{"uv":[14.0,2.75,13.75,4.75],"texture":"#0"},"east":{"uv":[14.0,2.75,16.0,4.75],"texture":"#0"},"south":{"uv":[15.25,5.5,14.75,7.5],"texture":"#0"},"west":{"uv":[14.0,2.75,12.0,4.75],"texture":"#0"},"up":{"uv":[14.0,3.0,12.0,2.75],"texture":"#0","rotation":90},"down":{"uv":[16.0,5.5,15.5,7.5],"texture":"#0"}}},{"from":[11.0,0.0,1.0],"to":[17.0,5.0,1.0],"faces":{"north":{"uv":[13.5,1.5,15.0,2.75],"texture":"#0"},"east":{"uv":[12.0,1.25,13.25,2.25],"texture":"#0"},"south":{"uv":[15.0,1.5,13.5,2.75],"texture":"#0"},"west":{"uv":[13.25,1.25,12.0,2.25],"texture":"#0"},"up":{"uv":[13.75,0.0,15.25,1.25],"texture":"#0"},"down":{"uv":[6.0,0.0,4.0,2.0],"texture":"#0"}}},{"from":[-1.0,0.0,1.0],"to":[5.0,5.0,1.0],"rotation":{"angle":0.0,"axis":"y","origin":[16.0,0.0,0.0]},"faces":{"north":{"uv":[15.0,1.5,13.5,2.75],"texture":"#0"},"east":{"uv":[12.0,1.25,13.25,2.25],"texture":"#0"},"south":{"uv":[13.5,1.5,15.0,2.75],"texture":"#0"},"west":{"uv":[13.25,1.25,12.0,2.25],"texture":"#0"},"up":{"uv":[15.25,0.0,13.75,1.25],"texture":"#0"},"down":{"uv":[4.0,0.0,6.0,2.0],"texture":"#0"}}},{"from":[3.75,13.2625,8.75],"to":[12.25,22.3125,17.25],"rotation":{"angle":22.5,"axis":"x","origin":[8.0,14.75,8.0]},"faces":{"north":{"uv":[0.0,0.0,5.0,6.5],"texture":"#3"},"east":{"uv":[0.0,0.0,5.0,6.5],"texture":"#3"},"south":{"uv":[0.0,0.0,5.0,6.5],"texture":"#3"},"west":{"uv":[0.0,0.0,5.0,6.5],"texture":"#3"},"up":{"uv":[5.0,0.0,10.0,5.0],"texture":"#3"}}},{"from":[3.665,9.7775,8.665],"to":[12.335,11.6475,17.335],"rotation":{"angle":22.5,"axis":"x","origin":[8.0,14.75,8.0]},"faces":{"north":{"uv":[0.0,4.0,5.0,5.0],"texture":"#2"},"east":{"uv":[0.0,4.0,5.0,5.0],"texture":"#2"},"south":{"uv":[0.0,4.0,5.0,5.0],"texture":"#2"},"west":{"uv":[0.0,4.0,5.0,5.0],"texture":"#2"},"up":{"uv":[11.0,7.0,16.0,12.0],"texture":"#2"},"down":{"uv":[11.0,7.0,16.0,12.0],"texture":"#2"}}},{"from":[3.75,11.5625,8.75],"to":[12.25,13.2625,17.25],"rotation":{"angle":22.5,"axis":"x","origin":[8.0,14.75,8.0]},"faces":{"north":{"uv":[0.0,3.0,5.0,4.0],"texture":"#2","tintindex":0},"east":{"uv":[0.0,3.0,5.0,4.0],"texture":"#2","tintindex":0},"south":{"uv":[0.0,3.0,5.0,4.0],"texture":"#2","tintindex":0},"west":{"uv":[0.0,3.0,5.0,4.0],"texture":"#2","tintindex":0},"up":{"uv":[0.0,0.0,0.0,0.0],"texture":"#2"},"down":{"uv":[0.0,0.0,0.0,0.0],"texture":"#2"}}}],"display":{"thirdperson_righthand":{"rotation":[64.25,0.0,0.0],"scale":[0.44336,0.44336,0.44336]},"thirdperson_lefthand":{"rotation":[64.25,0.0,0.0],"scale":[0.44336,0.44336,0.44336]},"firstperson_righthand":{"scale":[0.0,0.0,0.0]},"firstperson_lefthand":{"scale":[0.0,0.0,0.0]},"ground":{"translation":[0.0,4.25,0.0],"scale":[0.43945,0.43945,0.43945]},"gui":{"translation":[0.0,-0.25,0.0],"rotation":[-162.66,-34.48,167.2],"scale":[0.68554,0.68554,0.68554]},"head":{"translation":[0.0,1.0,-4.5],"scale":[1.6,1.6,1.6]},"fixed":{"translation":[0.0,-3.25,-7.5]}},"credit":"Made with Blockbench"}