{"textures":{"0":"mcc:island_cosmetics/npc/scavengers/king","particle":"mcc:island_cosmetics/npc/scavengers/king"},"elements":[{"from":[-4.0,-8.0,-1.5],"to":[20.0,8.5,16.5],"rotation":{"angle":0.0,"axis":"y","origin":[7.5,-16.0,7.0]},"faces":{"north":{"uv":[0.0,0.0,4.0,2.75],"texture":"#0"},"east":{"uv":[3.83333,7.41667,6.83333,10.16667],"texture":"#0"},"south":{"uv":[0.0,0.0,4.0,2.75],"texture":"#0"},"west":{"uv":[3.83333,7.41667,6.83333,10.16667],"texture":"#0"},"up":{"uv":[3.83333,10.0,3.91667,10.08333],"texture":"#0","rotation":90},"down":{"uv":[3.83333,10.08333,3.91667,10.16667],"texture":"#0"}}},{"from":[-4.25,-1.75,-1.75],"to":[20.25,8.75,16.75],"rotation":{"angle":0.0,"axis":"y","origin":[7.5,-16.0,7.0]},"faces":{"north":{"uv":[4.08333,0.0,8.08333,1.66667],"texture":"#0"},"east":{"uv":[4.91667,1.75,7.91667,3.41667],"texture":"#0"},"south":{"uv":[8.08333,0.0,4.08333,1.66667],"texture":"#0"},"west":{"uv":[4.91667,3.5,7.91667,5.16667],"texture":"#0"},"up":{"uv":[8.0,2.16667,12.0,5.16667],"texture":"#0"}}},{"from":[5.5,3.0,-3.0],"to":[10.5,8.0,-1.5],"rotation":{"angle":0.0,"axis":"x","origin":[8.0,5.5,-2.0]},"faces":{"north":{"uv":[0.0,2.75,0.83333,3.58333],"texture":"#0"},"east":{"uv":[0.0,9.0,0.25,9.83333],"texture":"#0"},"south":{"uv":[0.0,2.75,0.83333,3.58333],"texture":"#0"},"west":{"uv":[0.0,9.0,0.25,9.83333],"texture":"#0"},"up":{"uv":[0.33333,9.0,1.16667,9.25],"texture":"#0"},"down":{"uv":[0.33333,9.33333,1.16667,9.58333],"texture":"#0"}}},{"from":[16.0,-13.5,-3.5],"to":[21.5,-10.5,8.5],"rotation":{"angle":45.0,"axis":"x","origin":[8.0,0.25,7.5]},"faces":{"north":{"uv":[6.75,5.66667,5.83333,5.16667],"texture":"#0"},"east":{"uv":[7.25,5.16667,6.75,7.16667],"texture":"#0","rotation":90},"south":{"uv":[5.83333,6.16667,6.75,5.66667],"texture":"#0"},"west":{"uv":[7.25,7.16667,6.75,5.16667],"texture":"#0","rotation":90},"up":{"uv":[8.16667,7.16667,7.25,5.16667],"texture":"#0"},"down":{"uv":[5.83333,5.16667,4.91667,7.16667],"texture":"#0"}}},{"from":[20.0,0.0,6.0],"to":[24.5,6.5,14.0],"rotation":{"angle":0.0,"axis":"y","origin":[7.5,-16.0,7.0]},"faces":{"north":{"uv":[6.91667,8.41667,7.66667,9.5],"texture":"#0"},"east":{"uv":[6.91667,7.25,8.25,8.33333],"texture":"#0"},"south":{"uv":[8.5,8.41667,7.75,9.5],"texture":"#0"},"west":{"uv":[8.25,7.25,6.91667,8.33333],"texture":"#0"},"up":{"uv":[8.33333,7.0,9.08333,8.33333],"texture":"#0"},"down":{"uv":[3.41667,7.25,3.5,7.33333],"texture":"#0"}}},{"from":[-10.0,3.5,5.0],"to":[-1.5,9.5,15.0],"rotation":{"angle":22.5,"axis":"z","origin":[-6.75,6.5,10.0]},"faces":{"north":{"uv":[9.66667,5.25,8.25,6.25],"texture":"#0"},"east":{"uv":[10.91667,7.91667,9.25,8.91667],"texture":"#0"},"south":{"uv":[8.25,5.25,9.66667,6.25],"texture":"#0"},"west":{"uv":[11.33333,5.25,9.66667,6.25],"texture":"#0"},"up":{"uv":[10.66667,6.25,9.25,7.91667],"texture":"#0"},"down":{"uv":[12.08333,6.25,10.66667,7.91667],"texture":"#0"}}},{"from":[-8.17341,9.16714,6.0],"to":[-8.17341,13.16714,14.5],"rotation":{"angle":22.5,"axis":"z","origin":[-8.54816,11.16714,10.125]},"faces":{"east":{"uv":[11.41667,1.41667,10.0,2.08333],"texture":"#0"},"west":{"uv":[11.41667,1.41667,10.0,2.08333],"texture":"#0"}}},{"from":[-5.5,-13.5,-3.5],"to":[0.0,-10.5,8.5],"rotation":{"angle":45.0,"axis":"x","origin":[8.0,0.25,7.5]},"faces":{"north":{"uv":[5.83333,5.66667,6.75,5.16667],"texture":"#0"},"east":{"uv":[7.25,5.16667,6.75,7.16667],"texture":"#0","rotation":90},"south":{"uv":[6.75,6.16667,5.83333,5.66667],"texture":"#0"},"west":{"uv":[7.25,7.16667,6.75,5.16667],"texture":"#0","rotation":90},"up":{"uv":[7.25,7.16667,8.16667,5.16667],"texture":"#0"},"down":{"uv":[4.91667,5.16667,5.83333,7.16667],"texture":"#0"}}},{"from":[20.0,-0.37652,1.80241],"to":[25.5,2.62348,10.30241],"rotation":{"angle":0.0,"axis":"x","origin":[18.75,-4.87652,-4.69759]},"faces":{"north":{"uv":[6.75,5.66667,5.83333,5.16667],"texture":"#0"},"east":{"uv":[7.25,5.16667,6.75,6.58333],"texture":"#0","rotation":90},"south":{"uv":[5.83333,6.16667,6.75,5.66667],"texture":"#0"},"west":{"uv":[7.25,6.58333,6.75,5.16667],"texture":"#0","rotation":90},"up":{"uv":[8.16667,7.16667,7.25,5.75],"texture":"#0"},"down":{"uv":[5.83333,5.75,4.91667,7.16667],"texture":"#0"}}},{"from":[-9.5,-0.37652,1.80241],"to":[-4.0,2.62348,10.30241],"rotation":{"angle":0.0,"axis":"x","origin":[-2.75,-4.87652,-4.69759]},"faces":{"north":{"uv":[5.83333,5.66667,6.75,5.16667],"texture":"#0"},"east":{"uv":[7.25,5.16667,6.75,6.58333],"texture":"#0","rotation":90},"south":{"uv":[6.75,6.16667,5.83333,5.66667],"texture":"#0"},"west":{"uv":[7.25,6.58333,6.75,5.16667],"texture":"#0","rotation":90},"up":{"uv":[7.25,7.16667,8.16667,5.75],"texture":"#0"},"down":{"uv":[4.91667,5.75,5.83333,7.16667],"texture":"#0"}}},{"from":[-8.5,0.0,6.0],"to":[-4.0,6.5,14.0],"rotation":{"angle":0.0,"axis":"y","origin":[8.5,-16.0,7.0]},"faces":{"north":{"uv":[7.66667,8.41667,6.91667,9.5],"texture":"#0"},"east":{"uv":[6.91667,7.25,8.25,8.33333],"texture":"#0"},"south":{"uv":[7.75,8.41667,8.5,9.5],"texture":"#0"},"west":{"uv":[8.25,7.25,6.91667,8.33333],"texture":"#0"},"up":{"uv":[9.08333,7.0,8.33333,8.33333],"texture":"#0"},"down":{"uv":[3.41667,7.25,3.5,7.33333],"texture":"#0"}}},{"from":[-12.67291,9.16714,10.0],"to":[-4.17291,13.16714,10.0],"rotation":{"angle":22.5,"axis":"z","origin":[-8.54816,11.16714,10.125]},"faces":{"north":{"uv":[11.41667,1.41667,10.0,2.08333],"texture":"#0"},"south":{"uv":[11.41667,1.41667,10.0,2.08333],"texture":"#0"}}},{"from":[-5.5,-14.0,-3.5],"to":[0.0,-11.0,8.5],"rotation":{"angle":45.0,"axis":"x","origin":[8.0,-0.25,7.5]},"faces":{"north":{"uv":[7.16667,12.0,8.08333,11.5],"texture":"#0"},"east":{"uv":[8.58333,11.5,8.08333,13.5],"texture":"#0","rotation":90},"south":{"uv":[8.08333,12.5,7.16667,12.0],"texture":"#0"},"west":{"uv":[8.58333,13.5,8.08333,11.5],"texture":"#0","rotation":90},"up":{"uv":[8.58333,13.5,9.5,11.5],"texture":"#0"},"down":{"uv":[6.25,11.5,7.16667,13.5],"texture":"#0"}}},{"from":[16.0,-14.0,-3.5],"to":[21.5,-11.0,8.5],"rotation":{"angle":45.0,"axis":"x","origin":[8.0,-0.25,7.5]},"faces":{"north":{"uv":[8.08333,12.0,7.16667,11.5],"texture":"#0"},"east":{"uv":[8.58333,11.5,8.08333,13.5],"texture":"#0","rotation":90},"south":{"uv":[7.16667,12.5,8.08333,12.0],"texture":"#0"},"west":{"uv":[8.58333,13.5,8.08333,11.5],"texture":"#0","rotation":90},"up":{"uv":[9.5,13.5,8.58333,11.5],"texture":"#0"},"down":{"uv":[7.16667,11.5,6.25,13.5],"texture":"#0"}}},{"from":[20.0,-0.87652,1.80241],"to":[25.5,2.12348,10.30241],"rotation":{"angle":0.0,"axis":"x","origin":[18.75,-5.37652,-4.69759]},"faces":{"north":{"uv":[8.08333,12.0,7.16667,11.5],"texture":"#0"},"east":{"uv":[8.58333,11.5,8.08333,12.91667],"texture":"#0","rotation":90},"south":{"uv":[7.16667,12.5,8.08333,12.0],"texture":"#0"},"west":{"uv":[8.58333,12.91667,8.08333,11.5],"texture":"#0","rotation":90},"up":{"uv":[9.5,13.5,8.58333,12.08333],"texture":"#0"},"down":{"uv":[7.16667,12.08333,6.25,13.5],"texture":"#0"}}},{"from":[20.0,-0.5,6.0],"to":[24.5,6.0,14.0],"rotation":{"angle":0.0,"axis":"y","origin":[7.5,-16.5,7.0]},"faces":{"north":{"uv":[8.25,14.75,9.0,15.83333],"texture":"#0"},"east":{"uv":[8.25,13.58333,9.58333,14.66667],"texture":"#0"},"south":{"uv":[9.83333,14.75,9.08333,15.83333],"texture":"#0"},"west":{"uv":[9.58333,13.58333,8.25,14.66667],"texture":"#0"},"up":{"uv":[9.66667,13.33333,10.41667,14.66667],"texture":"#0"},"down":{"uv":[4.75,13.58333,4.83333,13.66667],"texture":"#0"}}},{"from":[-8.17341,8.66714,6.0],"to":[-8.17341,12.66714,14.5],"rotation":{"angle":22.5,"axis":"z","origin":[-8.54816,10.66714,10.125]},"faces":{"east":{"uv":[3.33333,13.5,1.91667,14.16667],"texture":"#0"},"west":{"uv":[3.33333,13.5,1.91667,14.16667],"texture":"#0"}}},{"from":[-12.67291,8.66714,10.0],"to":[-4.17291,12.66714,10.0],"rotation":{"angle":22.5,"axis":"z","origin":[-8.54816,10.66714,10.125]},"faces":{"north":{"uv":[3.33333,13.5,1.91667,14.16667],"texture":"#0"},"south":{"uv":[3.33333,13.5,1.91667,14.16667],"texture":"#0"}}},{"from":[-9.5,-0.87652,1.80241],"to":[-4.0,2.12348,10.30241],"rotation":{"angle":0.0,"axis":"x","origin":[-2.75,-5.37652,-4.69759]},"faces":{"north":{"uv":[7.16667,12.0,8.08333,11.5],"texture":"#0"},"east":{"uv":[8.58333,11.5,8.08333,12.91667],"texture":"#0","rotation":90},"south":{"uv":[8.08333,12.5,7.16667,12.0],"texture":"#0"},"west":{"uv":[8.58333,12.91667,8.08333,11.5],"texture":"#0","rotation":90},"up":{"uv":[8.58333,13.5,9.5,12.08333],"texture":"#0"},"down":{"uv":[6.25,12.08333,7.16667,13.5],"texture":"#0"}}},{"from":[-8.5,-0.5,6.0],"to":[-4.0,6.0,14.0],"rotation":{"angle":0.0,"axis":"y","origin":[8.5,-16.5,7.0]},"faces":{"north":{"uv":[9.0,14.75,8.25,15.83333],"texture":"#0"},"east":{"uv":[8.25,13.58333,9.58333,14.66667],"texture":"#0"},"south":{"uv":[9.08333,14.75,9.83333,15.83333],"texture":"#0"},"west":{"uv":[9.58333,13.58333,8.25,14.66667],"texture":"#0"},"up":{"uv":[10.41667,13.33333,9.66667,14.66667],"texture":"#0"},"down":{"uv":[4.75,13.58333,4.83333,13.66667],"texture":"#0"}}},{"from":[-10.0,3.0,5.0],"to":[-1.5,9.0,15.0],"rotation":{"angle":22.5,"axis":"z","origin":[-6.75,6.0,10.0]},"faces":{"north":{"uv":[3.75,12.16667,2.33333,13.16667],"texture":"#0"},"east":{"uv":[5.0,14.83333,3.33333,15.83333],"texture":"#0"},"south":{"uv":[2.33333,12.16667,3.75,13.16667],"texture":"#0"},"west":{"uv":[5.41667,12.16667,3.75,13.16667],"texture":"#0"},"up":{"uv":[4.75,13.16667,3.33333,14.83333],"texture":"#0"},"down":{"uv":[6.16667,13.16667,4.75,14.83333],"texture":"#0"}}},{"from":[2.5,8.745,5.28165],"to":[13.5,17.745,14.28165],"rotation":{"angle":0.0,"axis":"y","origin":[1.935,-8.71,2.71665]},"faces":{"north":{"uv":[0.91667,2.83333,2.75,4.33333],"texture":"#0"},"east":{"uv":[1.41667,4.41667,2.91667,5.91667],"texture":"#0"},"south":{"uv":[3.75,7.41667,1.91667,8.91667],"texture":"#0"},"west":{"uv":[2.91667,4.41667,1.41667,5.91667],"texture":"#0"},"up":{"uv":[0.0,7.41667,1.83333,8.91667],"texture":"#0"}}},{"from":[5.0,9.245,0.75665],"to":[11.0,13.245,5.25665],"rotation":{"angle":0.0,"axis":"y","origin":[1.225,-8.71,2.71665]},"faces":{"north":{"uv":[2.83333,2.83333,3.83333,3.5],"texture":"#0"},"east":{"uv":[2.83333,3.58333,3.58333,4.25],"texture":"#0"},"west":{"uv":[3.58333,3.58333,2.83333,4.25],"texture":"#0"},"up":{"uv":[3.66667,3.58333,4.66667,4.33333],"texture":"#0"},"down":{"uv":[3.75,3.41667,3.83333,3.5],"texture":"#0"}}},{"from":[12.12661,13.875,9.76325],"to":[14.12661,21.875,17.76325],"rotation":{"angle":45.0,"axis":"y","origin":[12.83661,17.795,12.68325]},"faces":{"north":{"uv":[4.41667,4.41667,4.75,5.75],"texture":"#0"},"east":{"uv":[1.41667,6.0,2.75,7.33333],"texture":"#0"},"south":{"uv":[4.25,6.0,4.58333,7.33333],"texture":"#0"},"west":{"uv":[4.16667,6.0,2.83333,7.33333],"texture":"#0"},"up":{"uv":[4.08333,2.16667,4.41667,3.5],"texture":"#0"},"down":{"uv":[4.5,2.16667,4.83333,3.5],"texture":"#0"}}},{"from":[10.565,9.245,3.07165],"to":[15.565,13.245,3.07165],"rotation":{"angle":0.0,"axis":"y","origin":[1.16,9.245,2.71665]},"faces":{"north":{"uv":[0.0,5.75,0.83333,6.41667],"texture":"#0"},"south":{"uv":[0.83333,5.75,0.0,6.41667],"texture":"#0"}}},{"from":[5.0,17.745,6.78165],"to":[11.0,23.245,12.78165],"rotation":{"angle":0.0,"axis":"y","origin":[1.935,-8.71,2.71665]},"faces":{"north":{"uv":[8.16667,0.08333,9.16667,1.0],"texture":"#0"},"east":{"uv":[8.16667,0.08333,9.16667,1.0],"texture":"#0"},"south":{"uv":[8.16667,0.08333,9.16667,1.0],"texture":"#0"},"west":{"uv":[8.16667,0.08333,9.16667,1.0],"texture":"#0"}}},{"from":[6.0,16.245,7.78165],"to":[10.0,24.245,11.78165],"rotation":{"angle":0.0,"axis":"y","origin":[1.935,-8.71,2.71665]},"faces":{"north":{"uv":[9.25,0.08333,9.91667,1.41667],"texture":"#0"},"east":{"uv":[9.25,0.08333,9.91667,1.41667],"texture":"#0"},"south":{"uv":[9.91667,0.08333,9.25,1.41667],"texture":"#0"},"west":{"uv":[9.91667,0.08333,9.25,1.41667],"texture":"#0"},"up":{"uv":[8.16667,1.08333,8.83333,1.75],"texture":"#0"}}},{"from":[5.0,24.245,9.78165],"to":[11.0,27.745,9.78165],"rotation":{"angle":0.0,"axis":"y","origin":[1.935,-8.71,2.71665]},"faces":{"north":{"uv":[8.91667,1.5,9.91667,2.08333],"texture":"#0"},"south":{"uv":[8.91667,1.5,9.91667,2.08333],"texture":"#0"}}},{"from":[0.435,9.245,3.07165],"to":[5.435,13.245,3.07165],"rotation":{"angle":0.0,"axis":"y","origin":[14.84,9.245,2.71665]},"faces":{"north":{"uv":[0.83333,5.75,0.0,6.41667],"texture":"#0"},"south":{"uv":[0.0,5.75,0.83333,6.41667],"texture":"#0"}}},{"from":[1.87339,13.875,9.76325],"to":[3.87339,21.875,17.76325],"rotation":{"angle":-45.0,"axis":"y","origin":[3.16339,17.795,12.68325]},"faces":{"north":{"uv":[4.75,4.41667,4.41667,5.75],"texture":"#0"},"east":{"uv":[3.0,4.41667,4.33333,5.75],"texture":"#0"},"south":{"uv":[4.75,4.41667,4.41667,5.75],"texture":"#0"},"west":{"uv":[1.33333,4.41667,0.0,5.75],"texture":"#0"},"up":{"uv":[4.41667,2.16667,4.08333,3.5],"texture":"#0"},"down":{"uv":[4.83333,2.16667,4.5,3.5],"texture":"#0"}}},{"from":[14.12661,17.875,17.76325],"to":[12.12661,15.875,15.76325],"rotation":{"angle":45.0,"axis":"y","origin":[12.83661,17.795,12.68325]},"faces":{"south":{"uv":[3.66667,7.25,3.75,7.33333],"texture":"#0"},"up":{"uv":[3.66667,7.25,3.75,7.33333],"texture":"#0"},"down":{"uv":[3.66667,7.25,3.75,7.33333],"texture":"#0"}}},{"from":[11.0,23.245,12.78165],"to":[5.0,17.745,6.78165],"rotation":{"angle":0.0,"axis":"y","origin":[1.935,-8.71,2.71665]},"faces":{"north":{"uv":[8.16667,1.0,9.16667,0.08333],"texture":"#0"},"east":{"uv":[8.16667,1.0,9.16667,0.08333],"texture":"#0"},"south":{"uv":[8.16667,1.0,9.16667,0.08333],"texture":"#0"},"west":{"uv":[8.16667,1.0,9.16667,0.08333],"texture":"#0"}}},{"from":[2.5,8.37,5.28165],"to":[13.5,17.37,14.28165],"rotation":{"angle":0.0,"axis":"y","origin":[1.935,-9.085,2.71665]},"faces":{"north":{"uv":[11.83333,9.75,13.66667,11.25],"texture":"#0"},"east":{"uv":[12.33333,11.33333,13.83333,12.83333],"texture":"#0"},"south":{"uv":[14.66667,14.33333,12.83333,15.83333],"texture":"#0"},"west":{"uv":[13.83333,11.33333,12.33333,12.83333],"texture":"#0"},"up":{"uv":[10.91667,14.33333,12.75,15.83333],"texture":"#0"},"down":{"uv":[14.66667,10.33333,14.75,10.41667],"texture":"#0"}}},{"from":[5.0,8.87,0.75665],"to":[11.0,12.87,5.25665],"rotation":{"angle":0.0,"axis":"y","origin":[1.225,-9.085,2.71665]},"faces":{"north":{"uv":[13.75,9.75,14.75,10.41667],"texture":"#0"},"east":{"uv":[13.75,10.5,14.5,11.16667],"texture":"#0"},"south":{"uv":[14.16667,10.33333,14.25,10.41667],"texture":"#0"},"west":{"uv":[14.5,10.5,13.75,11.16667],"texture":"#0"},"up":{"uv":[14.58333,10.5,15.58333,11.25],"texture":"#0"},"down":{"uv":[14.66667,10.33333,14.75,10.41667],"texture":"#0"}}},{"from":[12.12661,13.5,9.76325],"to":[14.12661,21.5,17.76325],"rotation":{"angle":45.0,"axis":"y","origin":[12.83661,17.42,12.68325]},"faces":{"north":{"uv":[15.33333,11.33333,15.66667,12.66667],"texture":"#0"},"east":{"uv":[12.33333,12.91667,13.66667,14.25],"texture":"#0"},"south":{"uv":[15.16667,12.91667,15.5,14.25],"texture":"#0"},"west":{"uv":[15.08333,12.91667,13.75,14.25],"texture":"#0"},"up":{"uv":[15.0,9.08333,15.33333,10.41667],"texture":"#0"},"down":{"uv":[15.41667,9.08333,15.75,10.41667],"texture":"#0"}}},{"from":[10.565,8.87,3.07165],"to":[15.565,12.87,3.07165],"rotation":{"angle":0.0,"axis":"y","origin":[1.16,8.87,2.71665]},"faces":{"north":{"uv":[10.91667,12.66667,11.75,13.33333],"texture":"#0"},"south":{"uv":[11.75,12.66667,10.91667,13.33333],"texture":"#0"}}},{"from":[5.0,17.37,6.78165],"to":[11.0,22.87,12.78165],"rotation":{"angle":0.0,"axis":"y","origin":[1.935,-9.085,2.71665]},"faces":{"north":{"uv":[13.0,7.5,14.0,8.41667],"texture":"#0"},"east":{"uv":[13.0,7.5,14.0,8.41667],"texture":"#0"},"south":{"uv":[13.0,7.5,14.0,8.41667],"texture":"#0"},"west":{"uv":[13.0,7.5,14.0,8.41667],"texture":"#0"}}},{"from":[6.0,15.87,7.78165],"to":[10.0,23.87,11.78165],"rotation":{"angle":0.0,"axis":"y","origin":[1.935,-9.085,2.71665]},"faces":{"north":{"uv":[14.08333,7.5,14.75,8.83333],"texture":"#0"},"east":{"uv":[14.08333,7.5,14.75,8.83333],"texture":"#0"},"south":{"uv":[14.75,7.5,14.08333,8.83333],"texture":"#0"},"west":{"uv":[14.75,7.5,14.08333,8.83333],"texture":"#0"},"up":{"uv":[13.0,8.5,13.66667,9.16667],"texture":"#0"}}},{"from":[5.0,23.87,9.78165],"to":[11.0,27.37,9.78165],"rotation":{"angle":0.0,"axis":"y","origin":[1.935,-9.085,2.71665]},"faces":{"north":{"uv":[13.75,8.91667,14.75,9.5],"texture":"#0"},"south":{"uv":[13.75,8.91667,14.75,9.5],"texture":"#0"}}},{"from":[0.435,8.87,3.07165],"to":[5.435,12.87,3.07165],"rotation":{"angle":0.0,"axis":"y","origin":[14.84,8.87,2.71665]},"faces":{"north":{"uv":[11.75,12.66667,10.91667,13.33333],"texture":"#0"},"south":{"uv":[11.75,12.66667,10.91667,13.33333],"texture":"#0"}}},{"from":[1.87339,13.5,9.76325],"to":[3.87339,21.5,17.76325],"rotation":{"angle":-45.0,"axis":"y","origin":[3.16339,17.42,12.68325]},"faces":{"north":{"uv":[15.66667,11.33333,15.33333,12.66667],"texture":"#0"},"east":{"uv":[13.91667,11.33333,15.25,12.66667],"texture":"#0"},"south":{"uv":[15.66667,11.33333,15.33333,12.66667],"texture":"#0"},"west":{"uv":[12.25,11.33333,10.91667,12.66667],"texture":"#0"},"up":{"uv":[15.33333,9.08333,15.0,10.41667],"texture":"#0"},"down":{"uv":[15.75,9.08333,15.41667,10.41667],"texture":"#0"}}},{"from":[14.12661,17.5,17.76325],"to":[12.12661,15.5,15.76325],"rotation":{"angle":45.0,"axis":"y","origin":[12.83661,17.42,12.68325]},"faces":{"south":{"uv":[14.58333,14.16667,14.66667,14.25],"texture":"#0"},"up":{"uv":[14.58333,14.16667,14.66667,14.25],"texture":"#0"},"down":{"uv":[14.58333,14.16667,14.66667,14.25],"texture":"#0"}}},{"from":[11.0,22.87,12.78165],"to":[5.0,17.37,6.78165],"rotation":{"angle":0.0,"axis":"y","origin":[1.935,-9.085,2.71665]},"faces":{"north":{"uv":[13.0,8.41667,14.0,7.5],"texture":"#0"},"east":{"uv":[13.0,8.41667,14.0,7.5],"texture":"#0"},"south":{"uv":[13.0,8.41667,14.0,7.5],"texture":"#0"},"west":{"uv":[13.0,8.41667,14.0,7.5],"texture":"#0"}}}],"display":{"thirdperson_righthand":{"translation":[0.0,1.0,-1.0],"rotation":[63.0,34.0,0.0],"scale":[0.37891,0.37891,0.37891]},"thirdperson_lefthand":{"translation":[0.0,1.0,-1.0],"rotation":[63.0,34.0,0.0],"scale":[0.37891,0.37891,0.37891]},"firstperson_righthand":{"translation":[9.5,0.0,-5.75],"rotation":[3.0,112.0,-13.0],"scale":[0.35547,0.35547,0.35547]},"firstperson_lefthand":{"translation":[9.5,0.0,-5.75],"rotation":[3.0,112.0,-13.0],"scale":[0.35547,0.35547,0.35547]},"ground":{"translation":[0.0,4.25,0.0],"scale":[0.28906,0.28906,0.28906]},"gui":{"translation":[-0.25,0.5,0.0],"rotation":[30.0,-158.0,0.0],"scale":[0.70078,0.70078,0.70078]},"head":{"translation":[0.0,7.85,0.0],"scale":[3.2,3.2,3.2]},"fixed":{"translation":[0.0,-3.25,-7.5]}},"credit":"Made with Blockbench"}