{"textures":{"0":"mcc:island_cosmetics/faction/hat/supporter/orange_display","particle":"mcc:island_cosmetics/faction/hat/supporter/orange_display"},"elements":[{"from":[8.5,8.5,8.0],"to":[13.5,13.5,8.0],"rotation":{"angle":0.0,"axis":"z","origin":[11.0,10.0,4.0]},"faces":{"north":{"uv":[10.5,5.5,13.0,8.0],"texture":"#0"},"east":{"uv":[0.0,5.5,5.0,10.5],"texture":"#0"},"south":{"uv":[13.0,8.0,10.5,10.5],"texture":"#0"},"west":{"uv":[5.0,5.5,0.0,10.5],"texture":"#0"},"up":{"uv":[5.0,5.5,10.5,10.5],"texture":"#0"},"down":{"uv":[5.5,10.5,11.0,15.5],"texture":"#0"}}},{"from":[2.5,8.5,8.0],"to":[7.5,13.5,8.0],"rotation":{"angle":0.0,"axis":"z","origin":[5.0,10.0,4.0]},"faces":{"north":{"uv":[13.0,5.5,10.5,8.0],"texture":"#0"},"east":{"uv":[0.0,5.5,5.0,10.5],"texture":"#0"},"south":{"uv":[10.5,8.0,13.0,10.5],"texture":"#0"},"west":{"uv":[5.0,5.5,0.0,10.5],"texture":"#0"},"up":{"uv":[10.5,5.5,5.0,10.5],"texture":"#0"},"down":{"uv":[11.0,10.5,5.5,15.5],"texture":"#0"}}},{"from":[2.5,-0.5,3.0],"to":[13.5,9.5,13.0],"rotation":{"angle":0.0,"axis":"x","origin":[7.5,9.5,8.0]},"faces":{"north":{"uv":[0.0,0.5,5.5,5.5],"texture":"#0"},"east":{"uv":[0.0,5.5,5.0,10.5],"texture":"#0"},"south":{"uv":[0.0,10.5,5.5,15.5],"texture":"#0"},"west":{"uv":[5.0,5.5,0.0,10.5],"texture":"#0"},"up":{"uv":[5.0,5.5,10.5,10.5],"texture":"#0"},"down":{"uv":[5.5,10.5,11.0,15.5],"texture":"#0"}}},{"from":[4.0,-0.5,1.0],"to":[12.0,3.5,3.0],"rotation":{"angle":0.0,"axis":"x","origin":[7.0,9.5,8.0]},"faces":{"north":{"uv":[11.0,13.0,15.0,15.0],"texture":"#0"},"east":{"uv":[13.5,0.0,12.5,2.0],"texture":"#0"},"west":{"uv":[12.5,0.0,13.5,2.0],"texture":"#0"},"up":{"uv":[16.0,14.5,15.0,10.5],"texture":"#0","rotation":90},"down":{"uv":[11.5,15.0,15.5,16.0],"texture":"#0"}}},{"from":[13.8685,9.835,13.335],"to":[2.1315,-0.835,2.665],"rotation":{"angle":0.0,"axis":"x","origin":[7.4665,7.895,8.0]},"faces":{"north":{"uv":[8.5,13.0,9.0,13.5],"texture":"#0"},"east":{"uv":[8.5,13.0,9.0,13.5],"texture":"#0"},"south":{"uv":[8.5,13.0,9.0,13.5],"texture":"#0"},"west":{"uv":[8.5,13.0,9.0,13.5],"texture":"#0"},"up":{"uv":[8.5,13.0,9.0,13.5],"texture":"#0"},"down":{"uv":[8.5,13.0,9.0,13.5],"texture":"#0"}}},{"from":[12.62,3.81,3.155],"to":[3.38,-0.81,0.845],"rotation":{"angle":0.0,"axis":"x","origin":[6.845,8.64,8.93]},"faces":{"east":{"uv":[8.5,13.0,9.0,13.5],"texture":"#0"},"south":{"uv":[8.5,13.0,9.0,13.5],"texture":"#0"},"west":{"uv":[8.5,13.0,9.0,13.5],"texture":"#0"},"up":{"uv":[8.5,13.0,9.0,13.5],"texture":"#0"},"down":{"uv":[8.5,13.0,9.0,13.5],"texture":"#0"}}}],"display":{"thirdperson_righthand":{"translation":[0.0,1.0,0.75],"rotation":[55.5,34.0,0.0],"scale":[0.52539,0.52539,0.52539]},"thirdperson_lefthand":{"translation":[0.0,1.0,0.75],"rotation":[55.5,34.0,0.0],"scale":[0.52539,0.52539,0.52539]},"firstperson_righthand":{"translation":[9.5,0.0,-5.75],"rotation":[21.0,114.5,-13.75],"scale":[0.41992,0.41992,0.41992]},"firstperson_lefthand":{"translation":[9.5,0.0,-5.75],"rotation":[21.0,114.5,-13.75],"scale":[0.41992,0.41992,0.41992]},"gui":{"translation":[-0.5,2.0,0.0],"rotation":[-156.81,-42.22,173.15],"scale":[0.78515,0.78515,0.78515]},"head":{"translation":[0.0,6.25,0.0],"scale":[1.6918,1.6918,1.6918]}},"credit":"Made with Blockbench","gui_light":"front"}