{"textures":{"0":"mcc:island_cosmetics/faction/hat/supporter/lime_display","particle":"mcc:island_cosmetics/faction/hat/supporter/lime_display"},"elements":[{"from":[3.0,-0.5,3.0],"to":[13.0,9.5,6.0],"rotation":{"angle":0.0,"axis":"x","origin":[7.0,9.5,8.0]},"faces":{"north":{"uv":[0.0,0.0,5.0,5.0],"texture":"#0"},"east":{"uv":[3.5,5.0,5.0,10.0],"texture":"#0"},"west":{"uv":[5.0,5.0,3.5,10.0],"texture":"#0"},"up":{"uv":[2.0,5.0,3.5,10.0],"texture":"#0","rotation":90},"down":{"uv":[0.0,5.0,1.5,10.0],"texture":"#0","rotation":90}}},{"from":[1.8,-2.7,4.8],"to":[14.2,9.7,14.2],"rotation":{"angle":0.0,"axis":"x","origin":[7.0,9.5,8.0]},"faces":{"north":{"uv":[0.0,10.0,6.0,16.0],"texture":"#0"},"east":{"uv":[16.0,1.0,11.5,7.0],"texture":"#0"},"south":{"uv":[0.0,10.0,6.0,16.0],"texture":"#0"},"west":{"uv":[11.5,1.0,16.0,7.0],"texture":"#0"},"up":{"uv":[5.0,5.0,11.0,9.5],"texture":"#0"},"down":{"uv":[6.0,9.5,12.0,14.0],"texture":"#0"}}},{"from":[9.0,9.5,4.0],"to":[13.0,13.5,6.0],"rotation":{"angle":0.0,"axis":"x","origin":[7.0,9.5,8.0]},"faces":{"north":{"uv":[5.0,2.0,7.0,4.0],"texture":"#0"},"east":{"uv":[9.0,3.0,10.0,5.0],"texture":"#0"},"south":{"uv":[7.0,3.0,9.0,5.0],"texture":"#0"},"west":{"uv":[9.0,3.0,10.0,5.0],"texture":"#0"},"up":{"uv":[5.0,4.0,7.0,5.0],"texture":"#0"}}},{"from":[3.0,9.5,4.0],"to":[7.0,13.5,6.0],"rotation":{"angle":0.0,"axis":"x","origin":[7.0,9.5,8.0]},"faces":{"north":{"uv":[5.0,2.0,7.0,4.0],"texture":"#0"},"east":{"uv":[9.0,3.0,10.0,5.0],"texture":"#0"},"south":{"uv":[7.0,3.0,9.0,5.0],"texture":"#0"},"west":{"uv":[9.0,3.0,10.0,5.0],"texture":"#0"},"up":{"uv":[5.0,4.0,7.0,5.0],"texture":"#0"}}},{"from":[4.0,-0.5,1.0],"to":[12.0,3.5,3.0],"rotation":{"angle":0.0,"axis":"x","origin":[7.0,9.5,8.0]},"faces":{"north":{"uv":[5.0,0.0,9.0,2.0],"texture":"#0"},"east":{"uv":[9.0,0.0,10.0,2.0],"texture":"#0"},"south":{"uv":[0.0,0.0,0.0,0.0],"texture":"#0","rotation":90},"west":{"uv":[10.0,0.0,9.0,2.0],"texture":"#0"},"up":{"uv":[7.0,2.0,11.0,3.0],"texture":"#0"},"down":{"uv":[10.0,0.0,14.0,1.0],"texture":"#0"}}},{"from":[14.82,10.32,14.67],"to":[1.18,-3.32,4.33],"rotation":{"angle":0.0,"axis":"x","origin":[6.9,8.1,7.85]},"faces":{"north":{"uv":[9.0,12.5,9.5,13.0],"texture":"#0"},"east":{"uv":[9.0,12.5,9.5,13.0],"texture":"#0"},"west":{"uv":[9.0,12.5,9.5,13.0],"texture":"#0"},"up":{"uv":[9.0,12.5,9.5,13.0],"texture":"#0"},"down":{"uv":[9.0,12.5,9.5,13.0],"texture":"#0"}}},{"from":[13.51654,13.98154,6.30327],"to":[8.42346,8.88846,3.75673],"rotation":{"angle":0.0,"axis":"x","origin":[5.87691,6.26766,8.84982]},"faces":{"north":{"uv":[9.0,12.5,9.5,13.0],"texture":"#0"},"east":{"uv":[9.0,12.5,9.5,13.0],"texture":"#0"},"south":{"uv":[9.0,12.5,9.5,13.0],"texture":"#0"},"west":{"uv":[9.0,12.5,9.5,13.0],"texture":"#0"},"down":{"uv":[9.0,12.5,9.5,13.0],"texture":"#0"}}},{"from":[7.57654,13.98154,6.30327],"to":[2.48346,8.88846,3.75673],"rotation":{"angle":0.0,"axis":"x","origin":[10.12309,6.26766,8.84982]},"faces":{"north":{"uv":[9.5,12.5,9.0,13.0],"texture":"#0"},"east":{"uv":[9.5,12.5,9.0,13.0],"texture":"#0"},"south":{"uv":[9.5,12.5,9.0,13.0],"texture":"#0"},"west":{"uv":[9.5,12.5,9.0,13.0],"texture":"#0"},"down":{"uv":[9.5,12.5,9.0,13.0],"texture":"#0"}}},{"from":[13.5,10.15,5.775],"to":[2.5,-0.85,2.475],"rotation":{"angle":0.0,"axis":"x","origin":[6.9,8.15,8.475]},"faces":{"east":{"uv":[9.0,12.5,9.5,13.0],"texture":"#0"},"south":{"uv":[9.0,12.5,9.5,13.0],"texture":"#0"},"west":{"uv":[9.0,12.5,9.5,13.0],"texture":"#0"},"up":{"uv":[9.0,12.5,9.5,13.0],"texture":"#0"}}},{"from":[12.576,3.888,3.019],"to":[3.424,-0.688,0.731],"rotation":{"angle":0.0,"axis":"x","origin":[6.856,8.412,8.739]},"faces":{"east":{"uv":[9.0,12.5,9.5,13.0],"texture":"#0"},"south":{"uv":[9.0,12.5,9.5,13.0],"texture":"#0"},"west":{"uv":[9.0,12.5,9.5,13.0],"texture":"#0"},"up":{"uv":[9.0,12.5,9.5,13.0],"texture":"#0"}}}],"display":{"thirdperson_righthand":{"translation":[0.0,1.0,0.75],"rotation":[55.5,34.0,0.0],"scale":[0.52539,0.52539,0.52539]},"thirdperson_lefthand":{"translation":[0.0,1.0,0.75],"rotation":[55.5,34.0,0.0],"scale":[0.52539,0.52539,0.52539]},"firstperson_righthand":{"translation":[9.5,0.0,-5.75],"rotation":[21.0,114.5,-13.75],"scale":[0.41992,0.41992,0.41992]},"firstperson_lefthand":{"translation":[9.5,0.0,-5.75],"rotation":[21.0,114.5,-13.75],"scale":[0.41992,0.41992,0.41992]},"gui":{"translation":[0.5,2.75,0.0],"rotation":[-156.81,-42.22,173.15],"scale":[0.78515,0.78515,0.78515]},"head":{"translation":[0.0,6.25,-2.25],"scale":[1.6918,1.6918,1.6918]}},"credit":"Made with Blockbench","gui_light":"front"}