{"textures":{"0":"mcc:island_cosmetics/faction/hat/supporter/cyan","particle":"mcc:island_cosmetics/faction/hat/supporter/cyan"},"elements":[{"from":[2.5,-0.5,3.0],"to":[13.5,9.5,13.0],"rotation":{"angle":0.0,"axis":"x","origin":[7.5,9.5,8.0]},"faces":{"north":{"uv":[0.0,0.0,5.5,5.0],"texture":"#0"},"east":{"uv":[0.0,5.0,5.0,10.0],"texture":"#0"},"south":{"uv":[11.0,0.0,16.0,5.5],"texture":"#0","rotation":90},"west":{"uv":[5.0,5.0,0.0,10.0],"texture":"#0"},"up":{"uv":[5.5,0.0,11.0,5.0],"texture":"#0"},"down":{"uv":[0.0,10.5,5.0,16.0],"texture":"#0","rotation":90}}},{"from":[7.5,4.5,8.0],"to":[14.5,15.5,8.0],"rotation":{"angle":0.0,"axis":"x","origin":[7.5,9.5,8.0]},"faces":{"north":{"uv":[7.5,5.5,11.0,11.0],"texture":"#0"},"east":{"uv":[0.0,5.0,5.0,10.0],"texture":"#0"},"south":{"uv":[14.5,5.5,11.0,11.0],"texture":"#0"},"west":{"uv":[5.0,5.0,0.0,10.0],"texture":"#0"},"up":{"uv":[5.5,0.0,11.0,5.0],"texture":"#0"},"down":{"uv":[0.0,10.5,5.0,16.0],"texture":"#0","rotation":90}}},{"from":[1.5,4.5,8.0],"to":[8.5,15.5,8.0],"rotation":{"angle":0.0,"axis":"x","origin":[8.5,9.5,8.0]},"faces":{"north":{"uv":[11.0,5.5,7.5,11.0],"texture":"#0"},"east":{"uv":[0.0,5.0,5.0,10.0],"texture":"#0"},"south":{"uv":[11.0,5.5,14.5,11.0],"texture":"#0"},"west":{"uv":[5.0,5.0,0.0,10.0],"texture":"#0"},"up":{"uv":[11.0,0.0,5.5,5.0],"texture":"#0"},"down":{"uv":[0.0,16.0,5.0,10.5],"texture":"#0","rotation":90}}},{"from":[5.0,-1.75,0.0],"to":[11.0,3.25,4.0],"rotation":{"angle":-22.5,"axis":"x","origin":[7.5,2.0,1.5]},"faces":{"north":{"uv":[9.5,11.5,12.5,14.0],"texture":"#0"},"east":{"uv":[5.0,13.0,7.0,15.5],"texture":"#0"},"west":{"uv":[7.0,13.0,5.0,15.5],"texture":"#0"},"up":{"uv":[9.5,14.0,12.5,16.0],"texture":"#0"},"down":{"uv":[7.0,12.5,9.0,15.5],"texture":"#0","rotation":90}}},{"from":[13.929,9.89,13.39],"to":[2.071,-0.89,2.61],"rotation":{"angle":0.0,"axis":"x","origin":[7.461,9.89,8.0]},"faces":{"north":{"uv":[5.5,7.5,6.0,8.0],"texture":"#0","rotation":90},"east":{"uv":[5.5,7.5,6.0,8.0],"texture":"#0","rotation":90},"south":{"uv":[5.5,7.5,6.0,8.0],"texture":"#0","rotation":90},"west":{"uv":[5.5,7.5,6.0,8.0],"texture":"#0","rotation":90},"up":{"uv":[5.5,7.5,6.0,8.0],"texture":"#0","rotation":90},"down":{"uv":[5.5,7.5,6.0,8.0],"texture":"#0","rotation":90}}},{"from":[11.366,3.52005,4.19028],"to":[4.634,-2.08995,-0.29772],"rotation":{"angle":-22.5,"axis":"x","origin":[7.439,2.11755,1.38528]},"faces":{"north":{"uv":[5.5,7.5,6.0,8.0],"texture":"#0","rotation":90},"east":{"uv":[5.5,7.5,6.0,8.0],"texture":"#0","rotation":90},"south":{"uv":[5.5,7.5,6.0,8.0],"texture":"#0","rotation":90},"west":{"uv":[5.5,7.5,6.0,8.0],"texture":"#0","rotation":90},"up":{"uv":[5.5,7.5,6.0,8.0],"texture":"#0","rotation":90},"down":{"uv":[5.5,7.5,6.0,8.0],"texture":"#0","rotation":90}}}],"display":{"thirdperson_righthand":{"translation":[0.0,1.0,0.75],"rotation":[55.5,34.0,0.0],"scale":[0.52539,0.52539,0.52539]},"thirdperson_lefthand":{"translation":[0.0,1.0,0.75],"rotation":[55.5,34.0,0.0],"scale":[0.52539,0.52539,0.52539]},"firstperson_righthand":{"translation":[9.5,0.0,-5.75],"rotation":[21.0,114.5,-13.75],"scale":[0.41992,0.41992,0.41992]},"firstperson_lefthand":{"translation":[9.5,0.0,-5.75],"rotation":[21.0,114.5,-13.75],"scale":[0.41992,0.41992,0.41992]},"gui":{"translation":[-0.25,2.0,0.0],"rotation":[-156.81,-42.22,173.15],"scale":[0.78515,0.78515,0.78515]},"head":{"translation":[0.0,6.25,0.0],"scale":[1.6918,1.6918,1.6918]}},"credit":"Made with Blockbench","gui_light":"front"}