{"textures":{"0":"mcc:island_cosmetics/faction/hat/supporter/blue","particle":"mcc:island_cosmetics/faction/hat/supporter/blue"},"elements":[{"from":[2.5,-0.5,3.0],"to":[13.5,9.5,13.0],"rotation":{"angle":0.0,"axis":"x","origin":[7.5,9.5,8.0]},"faces":{"north":{"uv":[0.0,0.0,5.5,5.0],"texture":"#0"},"east":{"uv":[0.0,5.0,5.0,10.0],"texture":"#0"},"south":{"uv":[11.0,0.0,16.0,5.5],"texture":"#0","rotation":90},"west":{"uv":[5.0,5.0,0.0,10.0],"texture":"#0"},"up":{"uv":[5.5,0.0,11.0,5.0],"texture":"#0"},"down":{"uv":[0.0,10.5,5.0,16.0],"texture":"#0","rotation":90}}},{"from":[9.11732,5.42388,8.0],"to":[16.11732,14.42388,8.0],"rotation":{"angle":22.5,"axis":"z","origin":[15.11732,10.17388,8.0]},"faces":{"north":{"uv":[8.0,5.5,11.5,10.0],"texture":"#0"},"east":{"uv":[8.5,11.0,9.5,15.5],"texture":"#0"},"south":{"uv":[5.0,10.0,8.5,14.5],"texture":"#0"},"west":{"uv":[9.5,11.0,10.5,15.5],"texture":"#0"},"up":{"uv":[8.5,10.0,12.0,11.0],"texture":"#0"},"down":{"uv":[5.0,15.0,8.5,16.0],"texture":"#0"}}},{"from":[16.11732,10.42388,8.0],"to":[19.11732,14.42388,8.0],"rotation":{"angle":22.5,"axis":"z","origin":[15.11732,10.17388,8.0]},"faces":{"north":{"uv":[11.5,5.5,13.0,7.5],"texture":"#0"},"east":{"uv":[0.0,5.0,5.0,10.0],"texture":"#0"},"south":{"uv":[14.5,5.5,13.0,7.5],"texture":"#0"},"west":{"uv":[5.0,5.0,0.0,10.0],"texture":"#0"},"up":{"uv":[5.5,0.0,11.0,5.0],"texture":"#0"},"down":{"uv":[0.0,10.5,5.0,16.0],"texture":"#0","rotation":90}}},{"from":[-0.11732,5.42388,8.0],"to":[6.88268,14.42388,8.0],"rotation":{"angle":-22.5,"axis":"z","origin":[0.88268,10.17388,8.0]},"faces":{"north":{"uv":[11.5,5.5,8.0,10.0],"texture":"#0"},"east":{"uv":[10.5,11.0,9.5,15.5],"texture":"#0"},"south":{"uv":[8.5,10.0,5.0,14.5],"texture":"#0"},"west":{"uv":[9.5,11.0,8.5,15.5],"texture":"#0"},"up":{"uv":[12.0,10.0,8.5,11.0],"texture":"#0"},"down":{"uv":[8.5,15.0,5.0,16.0],"texture":"#0"}}},{"from":[-3.11732,10.42388,8.0],"to":[-0.11732,14.42388,8.0],"rotation":{"angle":-22.5,"axis":"z","origin":[0.88268,10.17388,8.0]},"faces":{"north":{"uv":[13.0,5.5,11.5,7.5],"texture":"#0"},"east":{"uv":[0.0,5.0,5.0,10.0],"texture":"#0"},"south":{"uv":[13.0,5.5,14.5,7.5],"texture":"#0"},"west":{"uv":[5.0,5.0,0.0,10.0],"texture":"#0"},"up":{"uv":[11.0,0.0,5.5,5.0],"texture":"#0"},"down":{"uv":[0.0,16.0,5.0,10.5],"texture":"#0","rotation":90}}},{"from":[5.0,0.5,1.0],"to":[11.0,5.5,3.0],"rotation":{"angle":0.0,"axis":"x","origin":[8.0,9.5,8.0]},"faces":{"north":{"uv":[5.0,5.0,8.0,7.5],"texture":"#0"},"east":{"uv":[9.5,13.0,10.5,15.5],"texture":"#0"},"south":{"uv":[11.0,0.0,16.0,5.5],"texture":"#0","rotation":90},"west":{"uv":[10.5,13.0,9.5,15.5],"texture":"#0"},"up":{"uv":[13.5,11.0,10.5,12.0],"texture":"#0"},"down":{"uv":[13.5,12.0,10.5,11.0],"texture":"#0"}}},{"from":[5.5,-1.5,2.0],"to":[10.5,0.5,2.0],"rotation":{"angle":0.0,"axis":"x","origin":[7.5,9.5,8.0]},"faces":{"north":{"uv":[5.0,7.5,7.5,8.5],"texture":"#0"},"east":{"uv":[0.0,5.0,5.0,10.0],"texture":"#0"},"south":{"uv":[5.0,7.5,7.5,8.5],"texture":"#0"},"west":{"uv":[5.0,5.0,0.0,10.0],"texture":"#0"},"up":{"uv":[5.5,0.0,11.0,5.0],"texture":"#0"},"down":{"uv":[0.0,10.5,5.0,16.0],"texture":"#0","rotation":90}}},{"from":[13.929,9.89,13.39],"to":[2.071,-0.89,2.61],"rotation":{"angle":0.0,"axis":"x","origin":[7.461,8.126,8.0]},"faces":{"north":{"uv":[7.0,5.5,7.5,6.0],"texture":"#0","rotation":90},"east":{"uv":[7.0,5.5,7.5,6.0],"texture":"#0","rotation":90},"south":{"uv":[7.0,5.5,7.5,6.0],"texture":"#0","rotation":90},"west":{"uv":[7.0,5.5,7.5,6.0],"texture":"#0","rotation":90},"up":{"uv":[7.0,5.5,7.5,6.0],"texture":"#0","rotation":90},"down":{"uv":[7.0,5.5,7.5,6.0],"texture":"#0","rotation":90}}},{"from":[11.29703,5.83753,2.91901],"to":[4.70297,0.34247,0.72099],"rotation":{"angle":0.0,"axis":"x","origin":[8.0,8.43519,8.41406]},"faces":{"east":{"uv":[7.0,5.5,7.5,6.0],"texture":"#0","rotation":90},"south":{"uv":[7.0,5.5,7.5,6.0],"texture":"#0","rotation":90},"west":{"uv":[7.0,5.5,7.5,6.0],"texture":"#0","rotation":90},"up":{"uv":[7.0,5.5,7.5,6.0],"texture":"#0","rotation":90},"down":{"uv":[7.0,5.5,7.5,6.0],"texture":"#0","rotation":90}}}],"display":{"thirdperson_righthand":{"translation":[0.0,1.0,0.75],"rotation":[55.5,34.0,0.0],"scale":[0.52539,0.52539,0.52539]},"thirdperson_lefthand":{"translation":[0.0,1.0,0.75],"rotation":[55.5,34.0,0.0],"scale":[0.52539,0.52539,0.52539]},"firstperson_righthand":{"translation":[9.5,0.0,-5.75],"rotation":[21.0,114.5,-13.75],"scale":[0.41992,0.41992,0.41992]},"firstperson_lefthand":{"translation":[9.5,0.0,-5.75],"rotation":[21.0,114.5,-13.75],"scale":[0.41992,0.41992,0.41992]},"gui":{"translation":[-0.25,1.0,0.0],"rotation":[-156.81,-42.22,173.15],"scale":[0.78515,0.78515,0.78515]},"head":{"translation":[0.0,6.25,0.0],"scale":[1.6918,1.6918,1.6918]}},"credit":"Made with Blockbench","gui_light":"front"}