{"textures":{"0":"mcc:island_cosmetics/faction/hat/supporter/green","particle":"mcc:island_cosmetics/faction/hat/supporter/green"},"elements":[{"from":[2.5,-0.5,3.0],"to":[13.5,9.5,13.0],"rotation":{"angle":0.0,"axis":"x","origin":[7.5,9.5,8.0]},"faces":{"north":{"uv":[0.0,0.0,5.5,5.0],"texture":"#0"},"east":{"uv":[0.0,5.0,5.0,10.0],"texture":"#0"},"south":{"uv":[5.5,0.0,0.0,5.0],"texture":"#0"},"west":{"uv":[5.0,5.0,0.0,10.0],"texture":"#0"},"up":{"uv":[5.5,0.0,11.0,5.0],"texture":"#0"},"down":{"uv":[0.0,10.5,5.0,16.0],"texture":"#0","rotation":90}}},{"from":[10.5,6.5,2.0],"to":[14.5,10.5,6.0],"rotation":{"angle":0.0,"axis":"x","origin":[7.5,9.5,8.0]},"faces":{"north":{"uv":[5.0,6.5,7.0,8.5],"texture":"#0"},"east":{"uv":[7.0,8.5,5.0,10.5],"texture":"#0"},"south":{"uv":[11.0,0.0,16.0,5.5],"texture":"#0","rotation":90},"west":{"uv":[5.0,10.5,7.0,12.5],"texture":"#0"},"up":{"uv":[7.0,8.5,9.0,10.5],"texture":"#0"},"down":{"uv":[7.0,10.5,9.0,12.5],"texture":"#0","rotation":90}}},{"from":[1.5,6.5,2.0],"to":[5.5,10.5,6.0],"rotation":{"angle":0.0,"axis":"x","origin":[8.5,9.5,8.0]},"faces":{"north":{"uv":[7.0,6.5,5.0,8.5],"texture":"#0"},"east":{"uv":[7.0,10.5,5.0,12.5],"texture":"#0"},"south":{"uv":[11.0,5.5,16.0,0.0],"texture":"#0","rotation":90},"west":{"uv":[5.0,8.5,7.0,10.5],"texture":"#0"},"up":{"uv":[9.0,8.5,7.0,10.5],"texture":"#0"},"down":{"uv":[7.0,12.5,9.0,10.5],"texture":"#0","rotation":90}}},{"from":[4.5,3.5,1.0],"to":[11.5,6.5,3.0],"rotation":{"angle":0.0,"axis":"x","origin":[7.5,9.5,8.0]},"faces":{"north":{"uv":[5.0,5.0,8.5,6.5],"texture":"#0"},"east":{"uv":[8.5,5.0,9.5,6.5],"texture":"#0"},"west":{"uv":[9.5,5.0,8.5,6.5],"texture":"#0"},"up":{"uv":[7.0,6.5,10.5,7.5],"texture":"#0"},"down":{"uv":[7.0,7.5,10.5,8.5],"texture":"#0"}}},{"from":[2.5,-0.5,3.0],"to":[13.5,9.5,13.0],"rotation":{"angle":0.0,"axis":"x","origin":[7.5,9.5,8.0]},"faces":{"north":{"uv":[0.0,0.0,5.5,5.0],"texture":"#0"},"east":{"uv":[0.0,5.0,5.0,10.0],"texture":"#0"},"south":{"uv":[11.0,0.0,16.0,5.5],"texture":"#0","rotation":90},"west":{"uv":[5.0,5.0,0.0,10.0],"texture":"#0"},"up":{"uv":[5.5,0.0,11.0,5.0],"texture":"#0"},"down":{"uv":[0.0,10.5,5.0,16.0],"texture":"#0","rotation":90}}},{"from":[14.804,10.854,6.354],"to":[10.096,6.146,1.646],"rotation":{"angle":0.0,"axis":"x","origin":[7.1,8.072,8.708]},"faces":{"north":{"uv":[8.0,11.5,8.5,12.0],"texture":"#0"},"south":{"uv":[8.0,11.5,8.5,12.0],"texture":"#0"},"west":{"uv":[8.0,11.5,8.5,12.0],"texture":"#0"},"up":{"uv":[8.0,11.5,8.5,12.0],"texture":"#0"},"down":{"uv":[8.0,11.5,8.5,12.0],"texture":"#0"}}},{"from":[5.904,10.854,6.354],"to":[1.196,6.146,1.646],"rotation":{"angle":0.0,"axis":"x","origin":[8.9,8.072,8.708]},"faces":{"north":{"uv":[8.5,11.5,8.0,12.0],"texture":"#0"},"east":{"uv":[8.5,11.5,8.0,12.0],"texture":"#0"},"south":{"uv":[8.5,11.5,8.0,12.0],"texture":"#0"},"up":{"uv":[8.5,11.5,8.0,12.0],"texture":"#0"},"down":{"uv":[8.5,11.5,8.0,12.0],"texture":"#0"}}},{"from":[14.05,10.0,13.5],"to":[1.95,-1.0,2.5],"rotation":{"angle":0.0,"axis":"x","origin":[7.45,8.5,8.0]},"faces":{"north":{"uv":[8.0,11.5,8.5,12.0],"texture":"#0"},"east":{"uv":[8.0,11.5,8.5,12.0],"texture":"#0"},"south":{"uv":[8.0,11.5,8.5,12.0],"texture":"#0"},"west":{"uv":[8.0,11.5,8.5,12.0],"texture":"#0"},"up":{"uv":[8.0,11.5,8.5,12.0],"texture":"#0"},"down":{"uv":[8.0,11.5,8.5,12.0],"texture":"#0"}}},{"from":[11.85,6.65,3.1],"to":[4.15,3.35,0.9],"rotation":{"angle":0.0,"axis":"x","origin":[7.45,8.45,8.6]},"faces":{"east":{"uv":[8.0,11.5,8.5,12.0],"texture":"#0"},"south":{"uv":[8.0,11.5,8.5,12.0],"texture":"#0"},"west":{"uv":[8.0,11.5,8.5,12.0],"texture":"#0"},"up":{"uv":[8.0,11.5,8.5,12.0],"texture":"#0"},"down":{"uv":[8.0,11.5,8.5,12.0],"texture":"#0"}}}],"display":{"thirdperson_righthand":{"translation":[0.0,1.0,0.75],"rotation":[55.5,34.0,0.0],"scale":[0.52539,0.52539,0.52539]},"thirdperson_lefthand":{"translation":[0.0,1.0,0.75],"rotation":[55.5,34.0,0.0],"scale":[0.52539,0.52539,0.52539]},"firstperson_righthand":{"translation":[9.5,0.0,-5.75],"rotation":[21.0,114.5,-13.75],"scale":[0.41992,0.41992,0.41992]},"firstperson_lefthand":{"translation":[9.5,0.0,-5.75],"rotation":[21.0,114.5,-13.75],"scale":[0.41992,0.41992,0.41992]},"gui":{"translation":[-0.75,1.0,0.0],"rotation":[-156.81,-42.22,173.15],"scale":[0.78515,0.78515,0.78515]},"head":{"translation":[0.0,6.25,0.0],"scale":[1.6918,1.6918,1.6918]}},"credit":"Made with Blockbench","gui_light":"front"}