{"textures":{"0":"mcc:island_cosmetics/faction/hat/supporter/aqua","particle":"mcc:island_cosmetics/faction/hat/supporter/aqua"},"elements":[{"from":[2.5,-0.5,3.0],"to":[13.5,9.5,13.0],"rotation":{"angle":0.0,"axis":"x","origin":[7.5,9.5,8.0]},"faces":{"north":{"uv":[0.0,0.0,5.5,5.0],"texture":"#0"},"east":{"uv":[0.0,5.0,5.0,10.0],"texture":"#0"},"south":{"uv":[11.0,0.0,16.0,5.5],"texture":"#0","rotation":90},"west":{"uv":[5.0,5.0,0.0,10.0],"texture":"#0"},"up":{"uv":[5.5,0.0,11.0,5.0],"texture":"#0"},"down":{"uv":[0.0,10.5,5.0,16.0],"texture":"#0","rotation":90}}},{"from":[-1.0,0.43934,9.14645],"to":[17.0,14.43934,9.14645],"rotation":{"angle":22.5,"axis":"x","origin":[8.0,8.43934,12.14645]},"faces":{"north":{"uv":[7.0,9.0,16.0,16.0],"texture":"#0"},"south":{"uv":[7.0,9.0,16.0,16.0],"texture":"#0"}}},{"from":[14.05,10.025,13.5],"to":[1.95,-0.975,2.5],"rotation":{"angle":0.0,"axis":"x","origin":[7.45,7.975,8.0]},"faces":{"north":{"uv":[7.5,14.0,8.0,14.5],"texture":"#0"},"east":{"uv":[7.5,14.0,8.0,14.5],"texture":"#0"},"south":{"uv":[7.5,14.0,8.0,14.5],"texture":"#0"},"west":{"uv":[7.5,14.0,8.0,14.5],"texture":"#0"},"up":{"uv":[7.5,14.0,8.0,14.5],"texture":"#0"},"down":{"uv":[7.5,14.0,8.0,14.5],"texture":"#0"}}}],"display":{"thirdperson_righthand":{"translation":[0.0,1.0,0.75],"rotation":[55.5,34.0,0.0],"scale":[0.52539,0.52539,0.52539]},"thirdperson_lefthand":{"translation":[0.0,1.0,0.75],"rotation":[55.5,34.0,0.0],"scale":[0.52539,0.52539,0.52539]},"firstperson_righthand":{"translation":[9.5,0.0,-5.75],"rotation":[21.0,114.5,-13.75],"scale":[0.41992,0.41992,0.41992]},"firstperson_lefthand":{"translation":[9.5,0.0,-5.75],"rotation":[21.0,114.5,-13.75],"scale":[0.41992,0.41992,0.41992]},"gui":{"translation":[-0.25,1.0,0.0],"rotation":[-156.81,-42.22,173.15],"scale":[0.78515,0.78515,0.78515]},"head":{"translation":[0.0,6.25,0.0],"scale":[1.6918,1.6918,1.6918]}},"credit":"Made with Blockbench","gui_light":"front"}