{"textures":{"2":"mcc:island_cosmetics/npc/dj_octopus_anim","particle":"mcc:island_cosmetics/npc/dj_octopus_anim"},"elements":[{"from":[2.0,7.0,0.16446],"to":[16.0,21.0,9.16446],"rotation":{"angle":0.0,"axis":"y","origin":[6.0,-14.0,5.16446]},"faces":{"north":{"uv":[2.75,3.125,4.5,4.875],"texture":"#2"},"east":{"uv":[6.625,0.875,5.5,2.625],"texture":"#2"},"south":{"uv":[3.25,3.75,3.375,3.875],"texture":"#2"},"west":{"uv":[5.5,0.875,6.625,2.625],"texture":"#2"},"up":{"uv":[4.5,6.0,2.75,4.875],"texture":"#2"},"down":{"uv":[2.375,2.125,0.625,3.25],"texture":"#2"}}},{"from":[1.66624,10.0,-1.52901],"to":[6.66624,15.0,3.47099],"rotation":{"angle":-45.0,"axis":"y","origin":[3.16624,12.5,0.97099]},"faces":{"north":{"uv":[5.125,0.0,5.75,0.625],"texture":"#2"},"east":{"uv":[3.25,0.0,3.875,0.625],"texture":"#2"},"south":{"uv":[5.75,0.0,5.125,0.625],"texture":"#2"},"west":{"uv":[4.5,0.0,5.125,0.625],"texture":"#2"},"up":{"uv":[3.875,0.625,4.5,0.0],"texture":"#2","rotation":270},"down":{"uv":[3.875,0.625,4.5,0.0],"texture":"#2","rotation":90}}},{"from":[11.33376,10.0,-1.52901],"to":[16.33376,15.0,3.47099],"rotation":{"angle":45.0,"axis":"y","origin":[14.83376,12.5,0.97099]},"faces":{"north":{"uv":[5.75,0.0,5.125,0.625],"texture":"#2"},"east":{"uv":[5.125,0.0,4.5,0.625],"texture":"#2"},"south":{"uv":[5.125,0.0,5.75,0.625],"texture":"#2"},"west":{"uv":[3.875,0.0,3.25,0.625],"texture":"#2"},"up":{"uv":[3.875,0.0,4.5,0.625],"texture":"#2","rotation":270},"down":{"uv":[3.875,0.0,4.5,0.625],"texture":"#2","rotation":90}}},{"from":[2.0,4.0,9.16446],"to":[16.0,21.0,18.16446],"rotation":{"angle":0.0,"axis":"y","origin":[6.0,-14.0,5.16446]},"faces":{"north":{"uv":[5.625,1.875,5.75,2.0],"texture":"#2"},"east":{"uv":[1.125,5.875,0.0,8.0],"texture":"#2"},"south":{"uv":[3.75,0.875,5.5,3.0],"texture":"#2"},"west":{"uv":[0.0,5.875,1.125,8.0],"texture":"#2"},"up":{"uv":[3.0,7.25,1.25,6.125],"texture":"#2"},"down":{"uv":[2.375,3.5,0.625,4.625],"texture":"#2"}}},{"from":[-2.0,9.0,5.16446],"to":[2.0,18.0,14.16446],"rotation":{"angle":0.0,"axis":"y","origin":[12.0,-14.0,5.16446]},"faces":{"north":{"uv":[1.125,0.875,0.625,2.0],"texture":"#2"},"east":{"uv":[3.125,2.375,3.25,2.5],"texture":"#2"},"south":{"uv":[0.625,0.875,1.125,2.0],"texture":"#2"},"west":{"uv":[2.75,0.875,1.625,2.0],"texture":"#2"},"up":{"uv":[1.625,0.875,1.125,2.0],"texture":"#2"},"down":{"uv":[0.625,2.0,1.125,0.875],"texture":"#2"}}},{"from":[16.0,9.0,5.16446],"to":[20.0,18.0,14.16446],"rotation":{"angle":0.0,"axis":"y","origin":[-10.0,-14.0,5.16446]},"faces":{"north":{"uv":[0.625,0.875,1.125,2.0],"texture":"#2"},"east":{"uv":[1.625,0.875,2.75,2.0],"texture":"#2"},"south":{"uv":[1.125,0.875,0.625,2.0],"texture":"#2"},"west":{"uv":[3.125,2.375,3.25,2.5],"texture":"#2"},"up":{"uv":[1.125,0.875,1.625,2.0],"texture":"#2"},"down":{"uv":[1.125,2.0,0.625,0.875],"texture":"#2"}}},{"from":[1.0,18.0,7.16446],"to":[17.0,24.0,12.16446],"rotation":{"angle":0.0,"axis":"y","origin":[6.0,-14.0,5.16446]},"faces":{"north":{"uv":[6.75,5.125,6.875,5.25],"texture":"#2"},"east":{"uv":[2.125,0.0,2.75,0.75],"texture":"#2"},"south":{"uv":[6.75,5.125,6.875,5.25],"texture":"#2"},"west":{"uv":[2.125,0.0,2.75,0.75],"texture":"#2"},"up":{"uv":[0.0,0.125,2.0,0.75],"texture":"#2"},"down":{"uv":[3.125,0.875,3.25,1.0],"texture":"#2"}}},{"from":[4.0,3.0,2.16446],"to":[14.0,13.0,6.16446],"rotation":{"angle":22.5,"axis":"x","origin":[9.0,14.0,7.16446]},"faces":{"north":{"uv":[4.625,3.125,5.875,4.375],"texture":"#2"},"east":{"uv":[6.0,3.125,6.5,4.375],"texture":"#2"},"south":{"uv":[4.625,4.375,5.875,5.625],"texture":"#2"},"west":{"uv":[6.5,3.125,6.0,4.375],"texture":"#2"},"up":{"uv":[5.25,3.5,5.375,3.625],"texture":"#2"},"down":{"uv":[1.25,5.25,0.0,5.75],"texture":"#2"}}},{"from":[-7.0,-7.24926,-1.66446],"to":[25.0,5.75074,-1.66446],"rotation":{"angle":0.0,"axis":"y","origin":[9.0,-0.74926,-1.66446]},"faces":{"north":{"uv":[3.125,6.125,7.125,7.75],"texture":"#2"},"south":{"uv":[3.125,6.125,7.125,7.75],"texture":"#2"}}},{"from":[17.0,24.0,12.16446],"to":[1.0,18.0,7.16446],"rotation":{"angle":0.0,"axis":"y","origin":[6.0,-14.0,5.16446]},"faces":{"north":{"uv":[6.75,5.25,6.875,5.125],"texture":"#2"},"east":{"uv":[2.125,0.75,2.75,0.0],"texture":"#2"},"south":{"uv":[6.75,5.25,6.875,5.125],"texture":"#2"},"west":{"uv":[2.125,0.75,2.75,0.0],"texture":"#2"},"up":{"uv":[3.25,0.875,3.125,1.0],"texture":"#2"},"down":{"uv":[2.0,0.125,0.0,0.75],"texture":"#2"}}},{"from":[2.0,8.0,0.16446],"to":[16.0,22.0,9.16446],"rotation":{"angle":0.0,"axis":"y","origin":[6.0,-13.0,5.16446]},"faces":{"north":{"uv":[10.75,3.125,12.5,4.875],"texture":"#2"},"east":{"uv":[14.625,0.875,13.5,2.625],"texture":"#2"},"south":{"uv":[11.25,3.75,11.375,3.875],"texture":"#2"},"west":{"uv":[13.5,0.875,14.625,2.625],"texture":"#2"},"up":{"uv":[12.5,6.0,10.75,4.875],"texture":"#2"},"down":{"uv":[10.375,2.125,8.625,3.25],"texture":"#2"}}},{"from":[1.66624,11.0,-1.52901],"to":[6.66624,16.0,3.47099],"rotation":{"angle":-45.0,"axis":"y","origin":[3.16624,13.5,0.97099]},"faces":{"north":{"uv":[13.125,0.0,13.75,0.625],"texture":"#2"},"east":{"uv":[11.25,0.0,11.875,0.625],"texture":"#2"},"south":{"uv":[13.75,0.0,13.125,0.625],"texture":"#2"},"west":{"uv":[12.5,0.0,13.125,0.625],"texture":"#2"},"up":{"uv":[11.875,0.625,12.5,0.0],"texture":"#2","rotation":270},"down":{"uv":[11.875,0.625,12.5,0.0],"texture":"#2","rotation":90}}},{"from":[11.33376,11.0,-1.52901],"to":[16.33376,16.0,3.47099],"rotation":{"angle":45.0,"axis":"y","origin":[14.83376,13.5,0.97099]},"faces":{"north":{"uv":[13.75,0.0,13.125,0.625],"texture":"#2"},"east":{"uv":[13.125,0.0,12.5,0.625],"texture":"#2"},"south":{"uv":[13.125,0.0,13.75,0.625],"texture":"#2"},"west":{"uv":[11.875,0.0,11.25,0.625],"texture":"#2"},"up":{"uv":[11.875,0.0,12.5,0.625],"texture":"#2","rotation":270},"down":{"uv":[11.875,0.0,12.5,0.625],"texture":"#2","rotation":90}}},{"from":[2.0,5.0,9.16446],"to":[16.0,22.0,18.16446],"rotation":{"angle":0.0,"axis":"y","origin":[6.0,-13.0,5.16446]},"faces":{"north":{"uv":[13.625,1.875,13.75,2.0],"texture":"#2"},"east":{"uv":[9.125,5.875,8.0,8.0],"texture":"#2"},"south":{"uv":[11.75,0.875,13.5,3.0],"texture":"#2"},"west":{"uv":[8.0,5.875,9.125,8.0],"texture":"#2"},"up":{"uv":[11.0,7.25,9.25,6.125],"texture":"#2"},"down":{"uv":[10.375,3.5,8.625,4.625],"texture":"#2"}}},{"from":[-2.0,10.0,5.16446],"to":[2.0,19.0,14.16446],"rotation":{"angle":0.0,"axis":"y","origin":[12.0,-13.0,5.16446]},"faces":{"north":{"uv":[9.125,0.875,8.625,2.0],"texture":"#2"},"east":{"uv":[11.125,2.375,11.25,2.5],"texture":"#2"},"south":{"uv":[8.625,0.875,9.125,2.0],"texture":"#2"},"west":{"uv":[10.75,0.875,9.625,2.0],"texture":"#2"},"up":{"uv":[9.625,0.875,9.125,2.0],"texture":"#2"},"down":{"uv":[8.625,2.0,9.125,0.875],"texture":"#2"}}},{"from":[16.0,10.0,5.16446],"to":[20.0,19.0,14.16446],"rotation":{"angle":0.0,"axis":"y","origin":[-10.0,-13.0,5.16446]},"faces":{"north":{"uv":[8.625,0.875,9.125,2.0],"texture":"#2"},"east":{"uv":[9.625,0.875,10.75,2.0],"texture":"#2"},"south":{"uv":[9.125,0.875,8.625,2.0],"texture":"#2"},"west":{"uv":[11.125,2.375,11.25,2.5],"texture":"#2"},"up":{"uv":[9.125,0.875,9.625,2.0],"texture":"#2"},"down":{"uv":[9.125,2.0,8.625,0.875],"texture":"#2"}}},{"from":[1.0,19.0,7.16446],"to":[17.0,25.0,12.16446],"rotation":{"angle":0.0,"axis":"y","origin":[6.0,-13.0,5.16446]},"faces":{"north":{"uv":[14.75,5.125,14.875,5.25],"texture":"#2"},"east":{"uv":[10.125,0.0,10.75,0.75],"texture":"#2"},"south":{"uv":[14.75,5.125,14.875,5.25],"texture":"#2"},"west":{"uv":[10.125,0.0,10.75,0.75],"texture":"#2"},"up":{"uv":[8.0,0.125,10.0,0.75],"texture":"#2"},"down":{"uv":[11.125,0.875,11.25,1.0],"texture":"#2"}}},{"from":[4.0,4.0,2.16446],"to":[14.0,14.0,6.16446],"rotation":{"angle":22.5,"axis":"x","origin":[9.0,15.0,7.16446]},"faces":{"north":{"uv":[12.625,3.125,13.875,4.375],"texture":"#2"},"east":{"uv":[14.0,3.125,14.5,4.375],"texture":"#2"},"south":{"uv":[12.625,4.375,13.875,5.625],"texture":"#2"},"west":{"uv":[14.5,3.125,14.0,4.375],"texture":"#2"},"up":{"uv":[13.25,3.5,13.375,3.625],"texture":"#2"},"down":{"uv":[9.25,5.25,8.0,5.75],"texture":"#2"}}},{"from":[-7.0,-6.24926,-1.66446],"to":[25.0,6.75074,-1.66446],"rotation":{"angle":0.0,"axis":"y","origin":[9.0,0.25074,-1.66446]},"faces":{"north":{"uv":[11.125,6.125,15.125,7.75],"texture":"#2"},"south":{"uv":[11.125,6.125,15.125,7.75],"texture":"#2"}}},{"from":[17.0,25.0,12.16446],"to":[1.0,19.0,7.16446],"rotation":{"angle":0.0,"axis":"y","origin":[6.0,-13.0,5.16446]},"faces":{"north":{"uv":[14.75,5.25,14.875,5.125],"texture":"#2"},"east":{"uv":[10.125,0.75,10.75,0.0],"texture":"#2"},"south":{"uv":[14.75,5.25,14.875,5.125],"texture":"#2"},"west":{"uv":[10.125,0.75,10.75,0.0],"texture":"#2"},"up":{"uv":[11.25,0.875,11.125,1.0],"texture":"#2"},"down":{"uv":[10.0,0.125,8.0,0.75],"texture":"#2"}}},{"from":[2.0,8.75,0.16446],"to":[16.0,22.75,9.16446],"rotation":{"angle":0.0,"axis":"y","origin":[6.0,-12.25,5.16446]},"faces":{"north":{"uv":[2.75,11.125,4.5,12.875],"texture":"#2"},"east":{"uv":[6.625,8.875,5.5,10.625],"texture":"#2"},"south":{"uv":[3.25,11.75,3.375,11.875],"texture":"#2"},"west":{"uv":[5.5,8.875,6.625,10.625],"texture":"#2"},"up":{"uv":[4.5,14.0,2.75,12.875],"texture":"#2"},"down":{"uv":[2.375,10.125,0.625,11.25],"texture":"#2"}}},{"from":[1.66624,11.75,-1.52901],"to":[6.66624,16.75,3.47099],"rotation":{"angle":-45.0,"axis":"y","origin":[3.16624,14.25,0.97099]},"faces":{"north":{"uv":[5.125,8.0,5.75,8.625],"texture":"#2"},"east":{"uv":[3.25,8.0,3.875,8.625],"texture":"#2"},"south":{"uv":[5.75,8.0,5.125,8.625],"texture":"#2"},"west":{"uv":[4.5,8.0,5.125,8.625],"texture":"#2"},"up":{"uv":[3.875,8.625,4.5,8.0],"texture":"#2","rotation":270},"down":{"uv":[3.875,8.625,4.5,8.0],"texture":"#2","rotation":90}}},{"from":[11.33376,11.75,-1.52901],"to":[16.33376,16.75,3.47099],"rotation":{"angle":45.0,"axis":"y","origin":[14.83376,14.25,0.97099]},"faces":{"north":{"uv":[5.75,8.0,5.125,8.625],"texture":"#2"},"east":{"uv":[5.125,8.0,4.5,8.625],"texture":"#2"},"south":{"uv":[5.125,8.0,5.75,8.625],"texture":"#2"},"west":{"uv":[3.875,8.0,3.25,8.625],"texture":"#2"},"up":{"uv":[3.875,8.0,4.5,8.625],"texture":"#2","rotation":270},"down":{"uv":[3.875,8.0,4.5,8.625],"texture":"#2","rotation":90}}},{"from":[2.0,5.75,9.16446],"to":[16.0,22.75,18.16446],"rotation":{"angle":0.0,"axis":"y","origin":[6.0,-12.25,5.16446]},"faces":{"north":{"uv":[5.625,9.875,5.75,10.0],"texture":"#2"},"east":{"uv":[1.125,13.875,0.0,16.0],"texture":"#2"},"south":{"uv":[3.75,8.875,5.5,11.0],"texture":"#2"},"west":{"uv":[0.0,13.875,1.125,16.0],"texture":"#2"},"up":{"uv":[3.0,15.25,1.25,14.125],"texture":"#2"},"down":{"uv":[2.375,11.5,0.625,12.625],"texture":"#2"}}},{"from":[-2.0,11.5,5.16446],"to":[2.0,20.5,14.16446],"rotation":{"angle":0.0,"axis":"y","origin":[12.0,-12.25,5.16446]},"faces":{"north":{"uv":[1.125,8.875,0.625,10.0],"texture":"#2"},"east":{"uv":[3.125,10.375,3.25,10.5],"texture":"#2"},"south":{"uv":[0.625,8.875,1.125,10.0],"texture":"#2"},"west":{"uv":[2.75,8.875,1.625,10.0],"texture":"#2"},"up":{"uv":[1.625,8.875,1.125,10.0],"texture":"#2"},"down":{"uv":[0.625,10.0,1.125,8.875],"texture":"#2"}}},{"from":[16.0,11.5,5.16446],"to":[20.0,20.5,14.16446],"rotation":{"angle":0.0,"axis":"y","origin":[-10.0,-12.25,5.16446]},"faces":{"north":{"uv":[0.625,8.875,1.125,10.0],"texture":"#2"},"east":{"uv":[1.625,8.875,2.75,10.0],"texture":"#2"},"south":{"uv":[1.125,8.875,0.625,10.0],"texture":"#2"},"west":{"uv":[3.125,10.375,3.25,10.5],"texture":"#2"},"up":{"uv":[1.125,8.875,1.625,10.0],"texture":"#2"},"down":{"uv":[1.125,10.0,0.625,8.875],"texture":"#2"}}},{"from":[1.0,20.5,7.16446],"to":[17.0,26.5,12.16446],"rotation":{"angle":0.0,"axis":"y","origin":[6.0,-12.25,5.16446]},"faces":{"north":{"uv":[6.75,13.125,6.875,13.25],"texture":"#2"},"east":{"uv":[2.125,8.0,2.75,8.75],"texture":"#2"},"south":{"uv":[6.75,13.125,6.875,13.25],"texture":"#2"},"west":{"uv":[2.125,8.0,2.75,8.75],"texture":"#2"},"up":{"uv":[0.0,8.125,2.0,8.75],"texture":"#2"},"down":{"uv":[3.125,8.875,3.25,9.0],"texture":"#2"}}},{"from":[4.0,4.75,2.16446],"to":[14.0,14.75,6.16446],"rotation":{"angle":22.5,"axis":"x","origin":[9.0,15.75,7.16446]},"faces":{"north":{"uv":[4.625,11.125,5.875,12.375],"texture":"#2"},"east":{"uv":[6.0,11.125,6.5,12.375],"texture":"#2"},"south":{"uv":[4.625,12.375,5.875,13.625],"texture":"#2"},"west":{"uv":[6.5,11.125,6.0,12.375],"texture":"#2"},"up":{"uv":[5.25,11.5,5.375,11.625],"texture":"#2"},"down":{"uv":[1.25,13.25,0.0,13.75],"texture":"#2"}}},{"from":[-7.0,-5.49926,-1.66446],"to":[25.0,7.50074,-1.66446],"rotation":{"angle":0.0,"axis":"y","origin":[9.0,1.00074,-1.66446]},"faces":{"north":{"uv":[3.125,14.125,7.125,15.75],"texture":"#2"},"south":{"uv":[3.125,14.125,7.125,15.75],"texture":"#2"}}},{"from":[17.0,26.5,12.16446],"to":[1.0,20.5,7.16446],"rotation":{"angle":0.0,"axis":"y","origin":[6.0,-12.25,5.16446]},"faces":{"north":{"uv":[6.75,13.25,6.875,13.125],"texture":"#2"},"east":{"uv":[2.125,8.75,2.75,8.0],"texture":"#2"},"south":{"uv":[6.75,13.25,6.875,13.125],"texture":"#2"},"west":{"uv":[2.125,8.75,2.75,8.0],"texture":"#2"},"up":{"uv":[3.25,8.875,3.125,9.0],"texture":"#2"},"down":{"uv":[2.0,8.125,0.0,8.75],"texture":"#2"}}},{"from":[2.0,7.25,0.16446],"to":[16.0,21.25,9.16446],"rotation":{"angle":0.0,"axis":"y","origin":[6.0,-13.75,5.16446]},"faces":{"north":{"uv":[10.75,11.125,12.5,12.875],"texture":"#2"},"east":{"uv":[14.625,8.875,13.5,10.625],"texture":"#2"},"south":{"uv":[11.25,11.75,11.375,11.875],"texture":"#2"},"west":{"uv":[13.5,8.875,14.625,10.625],"texture":"#2"},"up":{"uv":[12.5,14.0,10.75,12.875],"texture":"#2"},"down":{"uv":[10.375,10.125,8.625,11.25],"texture":"#2"}}},{"from":[1.66624,10.25,-1.52901],"to":[6.66624,15.25,3.47099],"rotation":{"angle":-45.0,"axis":"y","origin":[3.16624,12.75,0.97099]},"faces":{"north":{"uv":[13.125,8.0,13.75,8.625],"texture":"#2"},"east":{"uv":[11.25,8.0,11.875,8.625],"texture":"#2"},"south":{"uv":[13.75,8.0,13.125,8.625],"texture":"#2"},"west":{"uv":[12.5,8.0,13.125,8.625],"texture":"#2"},"up":{"uv":[11.875,8.625,12.5,8.0],"texture":"#2","rotation":270},"down":{"uv":[11.875,8.625,12.5,8.0],"texture":"#2","rotation":90}}},{"from":[11.33376,10.25,-1.52901],"to":[16.33376,15.25,3.47099],"rotation":{"angle":45.0,"axis":"y","origin":[14.83376,12.75,0.97099]},"faces":{"north":{"uv":[13.75,8.0,13.125,8.625],"texture":"#2"},"east":{"uv":[13.125,8.0,12.5,8.625],"texture":"#2"},"south":{"uv":[13.125,8.0,13.75,8.625],"texture":"#2"},"west":{"uv":[11.875,8.0,11.25,8.625],"texture":"#2"},"up":{"uv":[11.875,8.0,12.5,8.625],"texture":"#2","rotation":270},"down":{"uv":[11.875,8.0,12.5,8.625],"texture":"#2","rotation":90}}},{"from":[2.0,4.25,9.16446],"to":[16.0,21.25,18.16446],"rotation":{"angle":0.0,"axis":"y","origin":[6.0,-13.75,5.16446]},"faces":{"north":{"uv":[13.625,9.875,13.75,10.0],"texture":"#2"},"east":{"uv":[9.125,13.875,8.0,16.0],"texture":"#2"},"south":{"uv":[11.75,8.875,13.5,11.0],"texture":"#2"},"west":{"uv":[8.0,13.875,9.125,16.0],"texture":"#2"},"up":{"uv":[11.0,15.25,9.25,14.125],"texture":"#2"},"down":{"uv":[10.375,11.5,8.625,12.625],"texture":"#2"}}},{"from":[-2.0,9.75,5.16446],"to":[2.0,18.75,14.16446],"rotation":{"angle":0.0,"axis":"y","origin":[12.0,-13.75,5.16446]},"faces":{"north":{"uv":[9.125,8.875,8.625,10.0],"texture":"#2"},"east":{"uv":[11.125,10.375,11.25,10.5],"texture":"#2"},"south":{"uv":[8.625,8.875,9.125,10.0],"texture":"#2"},"west":{"uv":[10.75,8.875,9.625,10.0],"texture":"#2"},"up":{"uv":[9.625,8.875,9.125,10.0],"texture":"#2"},"down":{"uv":[8.625,10.0,9.125,8.875],"texture":"#2"}}},{"from":[16.0,9.75,5.16446],"to":[20.0,18.75,14.16446],"rotation":{"angle":0.0,"axis":"y","origin":[-10.0,-13.75,5.16446]},"faces":{"north":{"uv":[8.625,8.875,9.125,10.0],"texture":"#2"},"east":{"uv":[9.625,8.875,10.75,10.0],"texture":"#2"},"south":{"uv":[9.125,8.875,8.625,10.0],"texture":"#2"},"west":{"uv":[11.125,10.375,11.25,10.5],"texture":"#2"},"up":{"uv":[9.125,8.875,9.625,10.0],"texture":"#2"},"down":{"uv":[9.125,10.0,8.625,8.875],"texture":"#2"}}},{"from":[1.0,18.75,7.16446],"to":[17.0,24.75,12.16446],"rotation":{"angle":0.0,"axis":"y","origin":[6.0,-13.75,5.16446]},"faces":{"north":{"uv":[14.75,13.125,14.875,13.25],"texture":"#2"},"east":{"uv":[10.125,8.0,10.75,8.75],"texture":"#2"},"south":{"uv":[14.75,13.125,14.875,13.25],"texture":"#2"},"west":{"uv":[10.125,8.0,10.75,8.75],"texture":"#2"},"up":{"uv":[8.0,8.125,10.0,8.75],"texture":"#2"},"down":{"uv":[11.125,8.875,11.25,9.0],"texture":"#2"}}},{"from":[4.0,3.25,2.16446],"to":[14.0,13.25,6.16446],"rotation":{"angle":22.5,"axis":"x","origin":[9.0,14.25,7.16446]},"faces":{"north":{"uv":[12.625,11.125,13.875,12.375],"texture":"#2"},"east":{"uv":[14.0,11.125,14.5,12.375],"texture":"#2"},"south":{"uv":[12.625,12.375,13.875,13.625],"texture":"#2"},"west":{"uv":[14.5,11.125,14.0,12.375],"texture":"#2"},"up":{"uv":[13.25,11.5,13.375,11.625],"texture":"#2"},"down":{"uv":[9.25,13.25,8.0,13.75],"texture":"#2"}}},{"from":[-7.0,-6.99926,-1.66446],"to":[25.0,6.00074,-1.66446],"rotation":{"angle":0.0,"axis":"y","origin":[9.0,-0.49926,-1.66446]},"faces":{"north":{"uv":[11.125,14.125,15.125,15.75],"texture":"#2"},"south":{"uv":[11.125,14.125,15.125,15.75],"texture":"#2"}}},{"from":[17.0,24.75,12.16446],"to":[1.0,18.75,7.16446],"rotation":{"angle":0.0,"axis":"y","origin":[6.0,-13.75,5.16446]},"faces":{"north":{"uv":[14.75,13.25,14.875,13.125],"texture":"#2"},"east":{"uv":[10.125,8.75,10.75,8.0],"texture":"#2"},"south":{"uv":[14.75,13.25,14.875,13.125],"texture":"#2"},"west":{"uv":[10.125,8.75,10.75,8.0],"texture":"#2"},"up":{"uv":[11.25,8.875,11.125,9.0],"texture":"#2"},"down":{"uv":[10.0,8.125,8.0,8.75],"texture":"#2"}}}],"display":{"thirdperson_righthand":{"translation":[0.0,1.0,-1.0],"rotation":[63.0,34.0,0.0],"scale":[0.37891,0.37891,0.37891]},"thirdperson_lefthand":{"translation":[0.0,1.0,-1.0],"rotation":[63.0,34.0,0.0],"scale":[0.37891,0.37891,0.37891]},"firstperson_righthand":{"translation":[9.5,0.0,-5.75],"rotation":[3.0,112.0,-13.0],"scale":[0.35547,0.35547,0.35547]},"firstperson_lefthand":{"translation":[9.5,0.0,-5.75],"rotation":[3.0,112.0,-13.0],"scale":[0.35547,0.35547,0.35547]},"ground":{"translation":[0.0,4.25,0.0],"scale":[0.28906,0.28906,0.28906]},"gui":{"translation":[-0.25,-0.25,0.0],"rotation":[30.0,-158.0,0.0],"scale":[0.56992,0.56992,0.56992]},"head":{"translation":[-1.75,-7.25,-0.75],"scale":[1.6,1.6,1.6]},"fixed":{"translation":[0.0,-3.25,-7.5]}},"credit":"Made with Blockbench","gui_light":"front"}