{"textures":{"1":"mcc:island_cosmetics/npc/dj_octopus"},"elements":[{"from":[11.62738,-1.15423,2.0],"to":[16.62738,12.84577,7.0],"rotation":{"angle":-22.5,"axis":"y","origin":[12.25606,2.93155,6.0]},"faces":{"north":{"uv":[8.875,6.75,8.25,8.5],"texture":"#1"},"east":{"uv":[10.25,7.375,10.875,9.125],"texture":"#1"},"south":{"uv":[8.25,6.75,8.875,8.5],"texture":"#1"},"west":{"uv":[11.125,6.75,11.75,8.5],"texture":"#1"},"up":{"uv":[8.375,6.75,8.5,6.875],"texture":"#1"},"down":{"uv":[9.25,3.75,10.0,4.5],"texture":"#1"}}},{"from":[11.62738,12.84577,2.0],"to":[16.62738,21.84577,7.0],"rotation":{"angle":-22.5,"axis":"y","origin":[12.25606,2.93155,6.0]},"faces":{"north":{"uv":[10.625,4.5,10.0,5.625],"texture":"#1"},"east":{"uv":[10.625,4.5,10.0,5.625],"texture":"#1"},"south":{"uv":[10.625,4.5,10.0,5.625],"texture":"#1"},"west":{"uv":[10.625,4.5,10.0,5.625],"texture":"#1"},"up":{"uv":[10.375,4.625,10.5,4.75],"texture":"#1"},"down":{"uv":[10.375,4.625,10.5,4.75],"texture":"#1"}}},{"from":[12.12462,12.84577,13.05446],"to":[17.12462,21.84577,18.05446],"rotation":{"angle":22.5,"axis":"y","origin":[14.62462,17.34577,15.55446]},"faces":{"north":{"uv":[10.625,4.5,10.0,5.625],"texture":"#1"},"east":{"uv":[10.625,4.5,10.0,5.625],"texture":"#1"},"south":{"uv":[10.625,4.5,10.0,5.625],"texture":"#1"},"west":{"uv":[10.625,4.5,10.0,5.625],"texture":"#1"},"up":{"uv":[10.375,4.625,10.5,4.75],"texture":"#1"},"down":{"uv":[10.375,4.625,10.5,4.75],"texture":"#1"}}},{"from":[13.72383,11.55998,7.76671],"to":[18.72383,20.55998,12.76671],"rotation":{"angle":-22.5,"axis":"z","origin":[16.22383,16.05998,10.26671]},"faces":{"north":{"uv":[10.625,4.5,10.0,5.625],"texture":"#1"},"east":{"uv":[10.625,4.5,10.0,5.625],"texture":"#1"},"south":{"uv":[10.625,4.5,10.0,5.625],"texture":"#1"},"west":{"uv":[10.625,4.5,10.0,5.625],"texture":"#1"},"up":{"uv":[10.375,4.625,10.5,4.75],"texture":"#1"},"down":{"uv":[10.375,4.625,10.5,4.75],"texture":"#1"}}},{"from":[-8.12783,-5.80588,4.5],"to":[11.87217,14.19412,4.5],"rotation":{"angle":-22.5,"axis":"y","origin":[12.25606,6.93155,6.0]},"faces":{"north":{"uv":[7.625,13.25,5.125,15.75],"texture":"#1"},"east":{"uv":[0.0,0.0,0.0,2.5],"texture":"#1"},"south":{"uv":[5.125,13.25,7.625,15.75],"texture":"#1"},"west":{"uv":[0.0,0.0,0.0,2.5],"texture":"#1"},"up":{"uv":[0.0,0.0,2.5,0.0],"texture":"#1"},"down":{"uv":[0.0,0.0,2.5,0.0],"texture":"#1"}}},{"from":[6.62738,-6.15423,2.0],"to":[16.62738,-1.15423,7.0],"rotation":{"angle":-22.5,"axis":"y","origin":[12.25606,2.93155,6.0]},"faces":{"north":{"uv":[8.625,8.5,7.375,9.125],"texture":"#1"},"east":{"uv":[6.625,8.5,7.25,9.125],"texture":"#1"},"south":{"uv":[7.375,8.5,8.625,9.125],"texture":"#1"},"west":{"uv":[11.125,6.75,10.5,7.375],"texture":"#1"},"up":{"uv":[11.75,6.125,10.5,6.75],"texture":"#1"},"down":{"uv":[6.0,9.875,7.25,10.5],"texture":"#1"}}},{"from":[-10.12783,-5.80588,16.0],"to":[9.87217,14.19412,16.0],"rotation":{"angle":22.5,"axis":"y","origin":[12.25606,6.93155,9.5]},"faces":{"north":{"uv":[10.875,13.25,8.375,15.75],"texture":"#1"},"east":{"uv":[0.0,0.0,0.0,2.5],"texture":"#1"},"south":{"uv":[8.375,13.25,10.875,15.75],"texture":"#1"},"west":{"uv":[0.0,0.0,0.0,2.5],"texture":"#1"},"up":{"uv":[0.0,0.0,2.5,0.0],"texture":"#1"},"down":{"uv":[0.0,0.0,2.5,0.0],"texture":"#1"}}},{"from":[4.62738,-6.15423,13.5],"to":[14.62738,-1.15423,18.5],"rotation":{"angle":22.5,"axis":"y","origin":[12.25606,2.93155,9.5]},"faces":{"north":{"uv":[8.625,8.5,7.375,9.125],"texture":"#1"},"east":{"uv":[7.25,8.5,6.625,9.125],"texture":"#1"},"south":{"uv":[7.375,8.5,8.625,9.125],"texture":"#1"},"west":{"uv":[10.5,6.75,11.125,7.375],"texture":"#1"},"up":{"uv":[11.75,6.75,10.5,6.125],"texture":"#1"},"down":{"uv":[6.0,10.5,7.25,9.875],"texture":"#1"}}},{"from":[9.62738,-1.15423,13.5],"to":[14.62738,12.84577,18.5],"rotation":{"angle":22.5,"axis":"y","origin":[12.25606,2.93155,9.5]},"faces":{"north":{"uv":[8.875,6.75,8.25,8.5],"texture":"#1"},"east":{"uv":[10.875,7.375,10.25,9.125],"texture":"#1"},"south":{"uv":[8.25,6.75,8.875,8.5],"texture":"#1"},"west":{"uv":[11.75,6.75,11.125,8.5],"texture":"#1"},"up":{"uv":[8.375,6.875,8.5,6.75],"texture":"#1"},"down":{"uv":[9.25,4.5,10.0,3.75],"texture":"#1"}}},{"from":[-12.24028,-5.80588,10.26671],"to":[7.75972,14.19412,10.26671],"rotation":{"angle":-22.5,"axis":"z","origin":[9.88733,1.09577,18.01671]},"faces":{"north":{"uv":[5.0,0.0,2.5,2.5],"texture":"#1"},"east":{"uv":[0.0,0.0,0.0,2.5],"texture":"#1"},"south":{"uv":[2.5,0.0,5.0,2.5],"texture":"#1"},"west":{"uv":[0.0,0.0,0.0,2.5],"texture":"#1"},"up":{"uv":[0.0,0.0,2.5,0.0],"texture":"#1"},"down":{"uv":[0.0,0.0,2.5,0.0],"texture":"#1"}}},{"from":[2.51493,-6.15423,7.76671],"to":[12.51493,-1.15423,12.76671],"rotation":{"angle":-22.5,"axis":"z","origin":[9.88733,1.09577,18.01671]},"faces":{"north":{"uv":[8.625,8.5,7.375,9.125],"texture":"#1"},"east":{"uv":[7.25,8.5,6.625,9.125],"texture":"#1"},"south":{"uv":[7.375,8.5,8.625,9.125],"texture":"#1"},"west":{"uv":[10.5,6.75,11.125,7.375],"texture":"#1"},"up":{"uv":[11.75,6.75,10.5,6.125],"texture":"#1"},"down":{"uv":[6.0,10.5,7.25,9.875],"texture":"#1"}}},{"from":[7.51493,-1.15423,7.76671],"to":[12.51493,12.84577,12.76671],"rotation":{"angle":-22.5,"axis":"z","origin":[9.88733,1.09577,18.01671]},"faces":{"north":{"uv":[8.875,6.75,8.25,8.5],"texture":"#1"},"east":{"uv":[10.875,7.375,10.25,9.125],"texture":"#1"},"south":{"uv":[8.25,6.75,8.875,8.5],"texture":"#1"},"west":{"uv":[11.75,6.75,11.125,8.5],"texture":"#1"},"up":{"uv":[8.375,6.875,8.5,6.75],"texture":"#1"},"down":{"uv":[9.25,4.5,10.0,3.75],"texture":"#1"}}},{"from":[2.51493,-6.15423,7.76671],"to":[12.51493,-1.15423,12.76671],"rotation":{"angle":-22.5,"axis":"z","origin":[9.88733,1.09577,18.01671]},"faces":{"north":{"uv":[8.625,8.5,7.375,9.125],"texture":"#1"},"east":{"uv":[7.25,8.5,6.625,9.125],"texture":"#1"},"south":{"uv":[7.375,8.5,8.625,9.125],"texture":"#1"},"west":{"uv":[10.5,6.75,11.125,7.375],"texture":"#1"},"up":{"uv":[11.75,6.75,10.5,6.125],"texture":"#1"},"down":{"uv":[6.0,10.5,7.25,9.875],"texture":"#1"}}}],"display":{"thirdperson_righthand":{"translation":[3.25,-2.75,0.75],"rotation":[67.21,3.57,2.7],"scale":[0.88282,0.88282,0.88282]},"thirdperson_lefthand":{"translation":[3.25,-4.25,1.25],"rotation":[67.21,3.57,2.7],"scale":[0.88282,0.88282,0.88282]},"firstperson_righthand":{"translation":[9.5,0.0,-5.75],"rotation":[3.0,112.0,-13.0],"scale":[0.35547,0.35547,0.35547]},"firstperson_lefthand":{"translation":[9.5,0.0,-5.75],"rotation":[3.0,112.0,-13.0],"scale":[0.35547,0.35547,0.35547]},"ground":{"translation":[0.0,4.25,0.0],"scale":[0.28906,0.28906,0.28906]},"gui":{"translation":[-0.25,-0.25,0.0],"rotation":[30.0,-158.0,0.0],"scale":[0.56992,0.56992,0.56992]},"head":{"translation":[0.0,-30.5,0.0],"scale":[1.6,1.6,1.6]},"fixed":{"translation":[0.0,-3.25,-7.5]}},"credit":"Made with Blockbench","gui_light":"front"}