{"textures":{"0":"mcc:island_furniture/props/props_tech","particle":"mcc:island_furniture/props/props_tech"},"elements":[{"from":[4.0,0.0,1.0],"to":[12.0,0.0,8.0],"rotation":{"angle":0.0,"axis":"x","origin":[16.0,1.0,3.0]},"faces":{"north":{"uv":[0.0,0.0,2.0,1.375],"texture":"#0","tintindex":0},"east":{"uv":[2.0,0.0,2.375,1.375],"texture":"#0","tintindex":0},"south":{"uv":[2.0,1.375,0.0,2.75],"texture":"#0","tintindex":0},"west":{"uv":[2.375,0.0,2.0,1.375],"texture":"#0","tintindex":0},"up":{"uv":[0.0,4.5,1.0,5.375],"texture":"#0","tintindex":0},"down":{"uv":[0.0,5.375,1.0,4.5],"texture":"#0","tintindex":0}}},{"from":[6.52,0.02,2.52],"to":[9.48,0.98,6.48],"rotation":{"angle":22.5,"axis":"y","origin":[8.0,1.0,4.5]},"faces":{"north":{"uv":[1.0,4.5,1.375,4.625],"texture":"#0","tintindex":0},"east":{"uv":[1.0,4.5,1.125,5.0],"texture":"#0","tintindex":0,"rotation":90},"south":{"uv":[1.0,4.875,1.375,5.0],"texture":"#0","tintindex":0},"west":{"uv":[1.0,5.0,1.125,4.5],"texture":"#0","tintindex":0,"rotation":90},"up":{"uv":[1.0,4.5,1.375,5.0],"texture":"#0","tintindex":0},"down":{"uv":[1.375,5.0,1.0,4.5],"texture":"#0","tintindex":0}}}],"display":{"thirdperson_righthand":{"translation":[0.0,1.0,-1.0],"rotation":[63.0,34.0,0.0],"scale":[0.37891,0.37891,0.37891]},"thirdperson_lefthand":{"translation":[0.0,1.0,-1.0],"rotation":[63.0,34.0,0.0],"scale":[0.37891,0.37891,0.37891]},"firstperson_righthand":{"translation":[9.5,0.0,-5.75],"rotation":[3.0,112.0,-13.0],"scale":[0.35547,0.35547,0.35547]},"firstperson_lefthand":{"translation":[9.5,0.0,-5.75],"rotation":[3.0,112.0,-13.0],"scale":[0.35547,0.35547,0.35547]},"ground":{"translation":[0.0,4.25,0.0],"scale":[0.28906,0.28906,0.28906]},"gui":{"translation":[-2.0,12.25,0.0],"rotation":[30.0,-158.0,0.0],"scale":[1.45859,1.45859,1.45859]},"head":{"translation":[0.0,-30.3,0.0],"scale":[1.6,1.6,1.6]},"fixed":{"translation":[0.0,-3.25,-7.5]}},"credit":"Made with Blockbench","gui_light":"front"}