{"textures":{"0":"mcc:island_furniture/props/props_tech","particle":"mcc:island_furniture/props/props_tech"},"elements":[{"from":[0.0,4.0,10.0],"to":[16.0,15.0,13.0],"faces":{"north":{"uv":[0.0,0.0,2.0,1.375],"texture":"#0","tintindex":0},"east":{"uv":[2.0,0.0,2.375,1.375],"texture":"#0","tintindex":0},"south":{"uv":[2.0,1.375,0.0,2.75],"texture":"#0","tintindex":0},"west":{"uv":[2.375,0.0,2.0,1.375],"texture":"#0","tintindex":0},"up":{"uv":[0.0,2.75,2.0,3.125],"texture":"#0","tintindex":0},"down":{"uv":[2.0,3.125,0.0,2.75],"texture":"#0","tintindex":0}}},{"from":[0.0,4.0,10.0],"to":[16.0,15.0,10.0],"rotation":{"angle":0.0,"axis":"y","origin":[-17.0,0.0,0.0]},"faces":{"north":{"uv":[0.0,3.125,2.0,4.5],"texture":"#0"},"east":{"uv":[2.0,0.0,2.375,1.375],"texture":"#0"},"south":{"uv":[2.0,3.125,0.0,4.5],"texture":"#0"},"west":{"uv":[2.375,0.0,2.0,1.375],"texture":"#0"},"up":{"uv":[0.0,2.75,2.0,3.125],"texture":"#0"},"down":{"uv":[2.0,3.125,0.0,2.75],"texture":"#0"}}},{"from":[5.0,1.0,12.0],"to":[11.0,5.0,14.0],"faces":{"north":{"uv":[2.25,1.625,3.0,2.125],"texture":"#0"},"east":{"uv":[3.0,1.625,3.25,2.125],"texture":"#0"},"south":{"uv":[2.25,1.625,3.0,2.125],"texture":"#0"},"west":{"uv":[3.25,1.625,3.0,2.125],"texture":"#0"},"up":{"uv":[1.625,1.0,1.75,1.125],"texture":"#0"}}},{"from":[1.0,0.0,9.0],"to":[15.0,1.0,15.0],"faces":{"north":{"uv":[2.25,2.125,4.0,2.25],"texture":"#0"},"east":{"uv":[2.25,2.125,2.375,2.875],"texture":"#0","rotation":90},"south":{"uv":[2.25,2.75,4.0,2.875],"texture":"#0"},"west":{"uv":[2.25,2.875,2.375,2.125],"texture":"#0","rotation":90},"up":{"uv":[2.25,2.125,4.0,2.875],"texture":"#0"},"down":{"uv":[2.25,2.125,4.0,2.875],"texture":"#0"}}},{"from":[1.0,5.0,13.0],"to":[15.0,14.0,15.0],"faces":{"north":{"uv":[1.625,1.0,1.75,1.125],"texture":"#0"},"east":{"uv":[2.0,1.375,2.25,2.5],"texture":"#0"},"south":{"uv":[2.375,0.0,4.125,1.125],"texture":"#0"},"west":{"uv":[2.25,1.375,2.0,2.5],"texture":"#0"},"up":{"uv":[2.375,1.125,4.125,1.375],"texture":"#0"},"down":{"uv":[2.25,1.375,4.0,1.625],"texture":"#0"}}},{"from":[16.0,15.0,13.0],"to":[0.0,4.0,10.0],"faces":{"north":{"uv":[2.0,2.75,0.0,1.375],"texture":"#0","tintindex":0},"east":{"uv":[2.375,1.375,2.0,0.0],"texture":"#0","tintindex":0},"south":{"uv":[0.0,1.375,2.0,0.0],"texture":"#0","tintindex":0},"west":{"uv":[2.0,1.375,2.375,0.0],"texture":"#0","tintindex":0},"up":{"uv":[0.0,3.125,2.0,2.75],"texture":"#0","tintindex":0},"down":{"uv":[2.0,2.75,0.0,3.125],"texture":"#0","tintindex":0}}}],"display":{"thirdperson_righthand":{"translation":[0.0,1.0,-1.0],"rotation":[63.0,34.0,0.0],"scale":[0.37891,0.37891,0.37891]},"thirdperson_lefthand":{"translation":[0.0,1.0,-1.0],"rotation":[63.0,34.0,0.0],"scale":[0.37891,0.37891,0.37891]},"firstperson_righthand":{"translation":[9.5,0.0,-5.75],"rotation":[3.0,112.0,-13.0],"scale":[0.35547,0.35547,0.35547]},"firstperson_lefthand":{"translation":[9.5,0.0,-5.75],"rotation":[3.0,112.0,-13.0],"scale":[0.35547,0.35547,0.35547]},"ground":{"translation":[0.0,4.25,0.0],"scale":[0.28906,0.28906,0.28906]},"gui":{"translation":[-0.25,0.5,0.0],"rotation":[30.0,-158.0,0.0],"scale":[0.70078,0.70078,0.70078]},"head":{"translation":[0.0,-30.4,0.0],"scale":[1.6,1.6,1.6]},"fixed":{"translation":[0.0,-3.25,-7.5]}},"credit":"Made with Blockbench","gui_light":"front"}