{"textures":{"0":"mcc:island_furniture/props/props_tech","particle":"mcc:island_furniture/props/props_tech"},"elements":[{"from":[0.0,0.0,1.0],"to":[16.0,1.0,8.0],"rotation":{"angle":0.0,"axis":"x","origin":[2.0,1.0,3.0]},"faces":{"north":{"uv":[2.0,2.875,4.0,3.0],"texture":"#0","tintindex":0},"east":{"uv":[2.0,2.875,2.125,3.75],"texture":"#0","tintindex":0,"rotation":90},"south":{"uv":[2.0,3.625,4.0,3.75],"texture":"#0","tintindex":0},"west":{"uv":[2.0,3.75,2.125,2.875],"texture":"#0","tintindex":0,"rotation":90},"up":{"uv":[2.0,2.875,4.0,3.75],"texture":"#0","tintindex":0},"down":{"uv":[2.0,2.875,4.0,3.75],"texture":"#0","tintindex":0}}},{"from":[1.25,1.15,2.25],"to":[14.75,1.15,6.75],"rotation":{"angle":0.0,"axis":"x","origin":[2.0,1.0,3.0]},"faces":{"north":{"uv":[0.0,0.0,2.0,1.375],"texture":"#0","tintindex":0},"east":{"uv":[2.0,0.0,2.375,1.375],"texture":"#0","tintindex":0},"south":{"uv":[2.0,1.375,0.0,2.75],"texture":"#0","tintindex":0},"west":{"uv":[2.375,0.0,2.0,1.375],"texture":"#0","tintindex":0},"up":{"uv":[2.0,3.75,3.75,4.375],"texture":"#0","tintindex":0},"down":{"uv":[2.0,4.375,3.75,3.75],"texture":"#0","tintindex":0}}}],"display":{"thirdperson_righthand":{"translation":[0.0,1.0,-1.0],"rotation":[63.0,34.0,0.0],"scale":[0.37891,0.37891,0.37891]},"thirdperson_lefthand":{"translation":[0.0,1.0,-1.0],"rotation":[63.0,34.0,0.0],"scale":[0.37891,0.37891,0.37891]},"firstperson_righthand":{"translation":[9.5,0.0,-5.75],"rotation":[3.0,112.0,-13.0],"scale":[0.35547,0.35547,0.35547]},"firstperson_lefthand":{"translation":[9.5,0.0,-5.75],"rotation":[3.0,112.0,-13.0],"scale":[0.35547,0.35547,0.35547]},"ground":{"translation":[0.0,4.25,0.0],"scale":[0.28906,0.28906,0.28906]},"gui":{"translation":[-1.25,6.5,0.0],"rotation":[30.0,-158.0,0.0],"scale":[0.8082,0.8082,0.8082]},"head":{"translation":[0.0,-30.4,0.0],"scale":[1.6,1.6,1.6]},"fixed":{"translation":[0.0,-3.25,-7.5]}},"credit":"Made with Blockbench","gui_light":"front"}