{"textures":{"0":"mcc:island_furniture/props/props_tech","particle":"mcc:island_furniture/props/props_tech"},"elements":[{"from":[4.0,0.0,1.0],"to":[12.0,15.0,15.0],"faces":{"north":{"uv":[1.75,5.375,2.75,7.25],"texture":"#0","tintindex":0},"east":{"uv":[0.0,5.375,1.75,7.25],"texture":"#0","tintindex":0},"south":{"uv":[2.75,5.375,3.75,7.25],"texture":"#0","tintindex":0},"west":{"uv":[0.0,5.375,1.75,7.25],"texture":"#0","tintindex":0},"up":{"uv":[0.0,7.25,1.0,9.0],"texture":"#0","tintindex":0},"down":{"uv":[1.0,7.25,2.0,9.0],"texture":"#0","tintindex":0}}},{"from":[4.0,0.0,1.0],"to":[12.0,15.0,15.0],"faces":{"north":{"uv":[2.0,7.25,3.0,9.125],"texture":"#0"},"east":{"uv":[3.0,6.5,3.125,6.625],"texture":"#0"},"south":{"uv":[3.0,7.25,4.0,9.125],"texture":"#0"},"west":{"uv":[3.0,6.5,3.125,6.625],"texture":"#0"},"up":{"uv":[3.0,6.5,3.125,6.625],"texture":"#0"},"down":{"uv":[3.0,6.5,3.125,6.625],"texture":"#0"}}}],"display":{"thirdperson_righthand":{"translation":[0.0,1.0,-1.0],"rotation":[63.0,34.0,0.0],"scale":[0.37891,0.37891,0.37891]},"thirdperson_lefthand":{"translation":[0.0,1.0,-1.0],"rotation":[63.0,34.0,0.0],"scale":[0.37891,0.37891,0.37891]},"firstperson_righthand":{"translation":[9.5,0.0,-5.75],"rotation":[3.0,112.0,-13.0],"scale":[0.35547,0.35547,0.35547]},"firstperson_lefthand":{"translation":[9.5,0.0,-5.75],"rotation":[3.0,112.0,-13.0],"scale":[0.35547,0.35547,0.35547]},"ground":{"translation":[0.0,4.25,0.0],"scale":[0.28906,0.28906,0.28906]},"gui":{"translation":[-0.25,0.5,0.0],"rotation":[30.0,-158.0,0.0],"scale":[0.70078,0.70078,0.70078]},"head":{"translation":[0.0,-30.4,0.0],"scale":[1.6,1.6,1.6]},"fixed":{"translation":[0.0,-3.25,-7.5]}},"credit":"Made with Blockbench","gui_light":"front"}