{"textures":{"0":"mcc:island_furniture/seating/seating_1","particle":"mcc:island_furniture/seating/seating_1"},"elements":[{"from":[0.0,2.0,0.0],"to":[16.0,10.0,16.0],"rotation":{"angle":0.0,"axis":"y","origin":[-1.16,0.0,-1.16]},"faces":{"north":{"uv":[2.5,1.875,4.5,2.875],"texture":"#0","tintindex":0},"east":{"uv":[2.5,2.875,4.5,3.875],"texture":"#0","tintindex":0},"south":{"uv":[6.625,5.5,8.625,6.5],"texture":"#0","tintindex":0},"west":{"uv":[4.5,2.875,2.5,3.875],"texture":"#0","tintindex":0},"up":{"uv":[4.0,3.875,6.0,5.875],"texture":"#0","tintindex":0},"down":{"uv":[4.0,6.875,6.0,8.875],"texture":"#0","tintindex":0}}},{"from":[-1.26,8.64014,-0.03],"to":[4.76,16.66014,15.99],"rotation":{"angle":22.5,"axis":"z","origin":[8.1816,10.20854,8.1184]},"faces":{"north":{"uv":[4.0,6.0,3.25,7.0],"texture":"#0","tintindex":0},"east":{"uv":[8.6225,6.5,6.625,7.4975],"texture":"#0","tintindex":0},"south":{"uv":[8.625,3.375,9.375,4.375],"texture":"#0","tintindex":0},"west":{"uv":[5.9975,5.875,4.0,6.8725],"texture":"#0","tintindex":0},"up":{"uv":[15.25,3.375,16.0,5.375],"texture":"#0","tintindex":0},"down":{"uv":[6.125,4.625,6.25,4.75],"texture":"#0","tintindex":0}}},{"from":[11.24,8.64014,-0.03],"to":[17.26,16.66014,15.99],"rotation":{"angle":-22.5,"axis":"z","origin":[7.8184,10.20854,8.1184]},"faces":{"north":{"uv":[3.25,6.0,4.0,7.0],"texture":"#0","tintindex":0},"east":{"uv":[4.0,5.875,5.9975,6.8725],"texture":"#0","tintindex":0},"south":{"uv":[9.375,3.375,8.625,4.375],"texture":"#0","tintindex":0},"west":{"uv":[6.625,6.5,8.6275,7.5025],"texture":"#0","tintindex":0},"up":{"uv":[16.0,3.375,15.25,5.375],"texture":"#0","tintindex":0},"down":{"uv":[6.125,4.625,6.25,4.75],"texture":"#0","tintindex":0}}},{"from":[0.0,10.0,11.0],"to":[16.0,23.0,16.0],"rotation":{"angle":0.0,"axis":"y","origin":[-1.16,0.0,-6.1]},"faces":{"north":{"uv":[4.5,2.25,6.5,3.875],"texture":"#0","tintindex":0},"east":{"uv":[6.5,2.25,7.125,3.875],"texture":"#0","tintindex":0},"south":{"uv":[6.625,3.875,8.625,5.5],"texture":"#0","tintindex":0},"west":{"uv":[7.125,2.25,6.5,3.875],"texture":"#0","tintindex":0},"up":{"uv":[7.125,2.75,9.125,3.375],"texture":"#0","tintindex":0}}},{"from":[12.0,0.0,1.0],"to":[15.0,2.0,4.0],"rotation":{"angle":0.0,"axis":"y","origin":[-1.28,0.0,-1.28]},"faces":{"north":{"uv":[3.125,4.25,3.5,4.5],"texture":"#0"},"east":{"uv":[3.5,4.25,3.125,4.5],"texture":"#0"},"south":{"uv":[3.125,4.0,3.5,4.25],"texture":"#0"},"west":{"uv":[3.125,4.0,3.5,4.25],"texture":"#0"},"up":{"uv":[3.125,4.25,3.25,4.375],"texture":"#0"},"down":{"uv":[3.125,4.375,3.25,4.5],"texture":"#0"}}},{"from":[1.0,0.0,1.0],"to":[4.0,2.0,4.0],"rotation":{"angle":0.0,"axis":"y","origin":[17.28,0.0,-1.28]},"faces":{"north":{"uv":[3.5,4.25,3.125,4.5],"texture":"#0"},"east":{"uv":[3.5,4.0,3.125,4.25],"texture":"#0"},"south":{"uv":[3.5,4.0,3.125,4.25],"texture":"#0"},"west":{"uv":[3.125,4.25,3.5,4.5],"texture":"#0"},"up":{"uv":[3.25,4.25,3.125,4.375],"texture":"#0"},"down":{"uv":[3.25,4.375,3.125,4.5],"texture":"#0"}}},{"from":[1.0,0.0,12.0],"to":[4.0,2.0,15.0],"rotation":{"angle":0.0,"axis":"y","origin":[17.28,0.0,9.72]},"faces":{"north":{"uv":[3.5,4.25,3.125,4.5],"texture":"#0"},"east":{"uv":[3.5,4.0,3.125,4.25],"texture":"#0"},"south":{"uv":[3.5,4.0,3.125,4.25],"texture":"#0"},"west":{"uv":[3.125,4.25,3.5,4.5],"texture":"#0"},"up":{"uv":[3.25,4.25,3.125,4.375],"texture":"#0"},"down":{"uv":[3.25,4.375,3.125,4.5],"texture":"#0"}}},{"from":[12.0,0.0,12.0],"to":[15.0,2.0,15.0],"rotation":{"angle":0.0,"axis":"y","origin":[-1.28,0.0,9.72]},"faces":{"north":{"uv":[3.125,4.25,3.5,4.5],"texture":"#0"},"east":{"uv":[3.5,4.25,3.125,4.5],"texture":"#0"},"south":{"uv":[3.125,4.0,3.5,4.25],"texture":"#0"},"west":{"uv":[3.125,4.0,3.5,4.25],"texture":"#0"},"up":{"uv":[3.125,4.25,3.25,4.375],"texture":"#0"},"down":{"uv":[3.125,4.375,3.25,4.5],"texture":"#0"}}}],"display":{"thirdperson_righthand":{"translation":[0.0,1.75,0.0],"rotation":[63.0,34.0,0.0],"scale":[0.41211,0.41211,0.41211]},"thirdperson_lefthand":{"translation":[0.0,1.75,0.0],"rotation":[63.0,34.0,0.0],"scale":[0.41211,0.41211,0.41211]},"firstperson_righthand":{"translation":[8.5,1.0,-5.5],"rotation":[3.0,112.0,-13.0],"scale":[0.35937,0.35937,0.35937]},"firstperson_lefthand":{"translation":[8.5,1.0,-5.5],"rotation":[3.0,112.0,-13.0],"scale":[0.35937,0.35937,0.35937]},"ground":{"translation":[0.0,4.25,0.0],"scale":[0.33984,0.33984,0.33984]},"gui":{"translation":[0.25,-1.75,0.0],"rotation":[30.0,-158.0,0.0],"scale":[0.49766,0.49766,0.49766]},"head":{"translation":[0.0,-30.5,-0.75],"scale":[1.6,1.6,1.6]},"fixed":{"translation":[0.0,-3.25,-7.5]}},"credit":"Made with Blockbench","gui_light":"front"}