{"textures":{"0":"mcc:island_furniture/seating/seating_1","particle":"mcc:island_furniture/seating/seating_1"},"elements":[{"from":[3.0,8.0,3.0],"to":[13.0,11.0,13.0],"rotation":{"angle":0.0,"axis":"y","origin":[15.0,16.0,15.0]},"faces":{"north":{"uv":[1.25,2.5,2.5,2.875],"texture":"#0","tintindex":0},"east":{"uv":[1.25,2.125,2.5,2.5],"texture":"#0","tintindex":0},"south":{"uv":[1.25,1.75,2.5,2.125],"texture":"#0","tintindex":0},"west":{"uv":[2.5,2.125,1.25,2.5],"texture":"#0","tintindex":0},"up":{"uv":[1.25,2.875,2.5,4.125],"texture":"#0","tintindex":0},"down":{"uv":[1.25,2.75,1.375,2.875],"texture":"#0","tintindex":0}}},{"from":[3.99,7.99,3.99],"to":[12.01,8.01,12.01],"rotation":{"angle":0.0,"axis":"y","origin":[15.0,16.0,16.0]},"faces":{"north":{"uv":[1.625,3.75,3.125,4.125],"texture":"#0","tintindex":0},"east":{"uv":[1.625,4.125,3.125,4.5],"texture":"#0","tintindex":0},"south":{"uv":[1.75,4.125,1.875,4.5],"texture":"#0","tintindex":0},"west":{"uv":[3.125,4.125,1.625,4.5],"texture":"#0","tintindex":0},"up":{"uv":[1.75,0.125,2.7525,1.1275],"texture":"#0"},"down":{"uv":[1.75,0.125,2.7525,1.1275],"texture":"#0"}}},{"from":[3.0,14.0,12.5],"to":[13.0,22.0,15.5],"rotation":{"angle":0.0,"axis":"x","origin":[8.0,17.25,15.5]},"faces":{"north":{"uv":[0.0,3.5,1.25,4.5],"texture":"#0","tintindex":0},"east":{"uv":[0.0,2.5,0.375,3.5],"texture":"#0","tintindex":0},"south":{"uv":[0.0,3.5,1.25,4.5],"texture":"#0","tintindex":0},"west":{"uv":[0.0,2.5,0.375,3.5],"texture":"#0","tintindex":0},"up":{"uv":[0.0,2.125,1.25,2.5],"texture":"#0","tintindex":0},"down":{"uv":[0.0,3.375,0.125,3.5],"texture":"#0","tintindex":0}}},{"from":[6.0,8.25,14.5],"to":[10.0,14.25,16.5],"rotation":{"angle":22.5,"axis":"x","origin":[8.0,17.25,15.0]},"faces":{"north":{"uv":[2.75,0.0,3.25,0.75],"texture":"#0"},"east":{"uv":[3.5,0.0,3.25,0.75],"texture":"#0"},"south":{"uv":[3.125,0.75,3.625,1.5],"texture":"#0"},"west":{"uv":[3.25,0.0,3.5,0.75],"texture":"#0"},"up":{"uv":[0.0,0.875,0.125,1.0],"texture":"#0","rotation":180},"down":{"uv":[0.0,0.875,0.125,1.0],"texture":"#0"}}},{"from":[13.0,8.0,6.0],"to":[15.0,14.0,9.0],"rotation":{"angle":0.0,"axis":"y","origin":[8.0,17.0,10.0]},"faces":{"north":{"uv":[0.25,0.75,0.375,1.5],"texture":"#0"},"east":{"uv":[0.0,0.75,0.375,1.5],"texture":"#0"},"south":{"uv":[0.0,0.75,0.125,1.5],"texture":"#0"},"west":{"uv":[0.375,0.75,0.0,1.5],"texture":"#0"},"up":{"uv":[0.0,0.75,0.125,0.875],"texture":"#0","rotation":180},"down":{"uv":[0.0,0.75,0.125,0.875],"texture":"#0"}}},{"from":[13.0,14.0,4.0],"to":[16.0,16.0,13.0],"rotation":{"angle":0.0,"axis":"y","origin":[8.0,19.0,10.0]},"faces":{"north":{"uv":[1.5,1.5,1.125,1.75],"texture":"#0"},"east":{"uv":[0.0,1.5,1.125,1.75],"texture":"#0"},"south":{"uv":[0.0,1.5,0.125,1.75],"texture":"#0"},"west":{"uv":[4.25,1.625,3.125,1.875],"texture":"#0"},"up":{"uv":[1.25,1.5,1.625,0.375],"texture":"#0","rotation":180},"down":{"uv":[0.0,1.625,0.125,1.75],"texture":"#0"}}},{"from":[0.0,14.0,4.0],"to":[3.0,16.0,13.0],"rotation":{"angle":0.0,"axis":"y","origin":[8.0,19.0,10.0]},"faces":{"north":{"uv":[1.125,1.5,1.5,1.75],"texture":"#0"},"east":{"uv":[3.125,1.625,4.25,1.875],"texture":"#0"},"south":{"uv":[0.125,1.5,0.0,1.75],"texture":"#0"},"west":{"uv":[1.125,1.5,0.0,1.75],"texture":"#0"},"up":{"uv":[1.625,1.5,1.25,0.375],"texture":"#0","rotation":180},"down":{"uv":[0.125,1.625,0.0,1.75],"texture":"#0"}}},{"from":[1.0,8.0,6.0],"to":[3.0,14.0,9.0],"rotation":{"angle":0.0,"axis":"y","origin":[8.0,17.0,10.0]},"faces":{"north":{"uv":[0.375,0.75,0.25,1.5],"texture":"#0"},"east":{"uv":[0.0,0.75,0.375,1.5],"texture":"#0"},"south":{"uv":[0.125,0.75,0.0,1.5],"texture":"#0"},"west":{"uv":[0.375,0.75,0.0,1.5],"texture":"#0"},"up":{"uv":[0.125,0.75,0.0,0.875],"texture":"#0","rotation":180},"down":{"uv":[0.125,0.75,0.0,0.875],"texture":"#0"}}},{"from":[7.0,1.0,7.0],"to":[9.0,8.0,9.0],"rotation":{"angle":0.0,"axis":"y","origin":[12.0,16.0,10.0]},"faces":{"north":{"uv":[1.0,0.0,1.25,0.875],"texture":"#0"},"east":{"uv":[1.25,0.0,1.0,0.875],"texture":"#0"},"south":{"uv":[1.125,0.0,1.25,0.875],"texture":"#0"},"west":{"uv":[1.125,0.0,1.25,0.875],"texture":"#0"},"up":{"uv":[1.0,0.0,1.125,0.125],"texture":"#0"},"down":{"uv":[1.0,0.75,1.125,0.875],"texture":"#0"}}},{"from":[8.0,0.0,8.0],"to":[16.0,4.0,8.0],"rotation":{"angle":45.0,"axis":"y","origin":[8.0,2.0,8.0]},"faces":{"north":{"uv":[1.0,0.125,0.0,0.625],"texture":"#0"},"south":{"uv":[0.0,0.125,1.0,0.625],"texture":"#0"}}},{"from":[8.0,0.0,7.0],"to":[8.0,4.0,15.0],"rotation":{"angle":0.0,"axis":"y","origin":[8.0,2.0,8.0]},"faces":{"east":{"uv":[1.0,0.125,0.0,0.625],"texture":"#0"},"west":{"uv":[0.0,0.125,1.0,0.625],"texture":"#0"}}},{"from":[0.0,0.0,8.0],"to":[8.0,4.0,8.0],"rotation":{"angle":22.5,"axis":"y","origin":[8.0,2.0,8.0]},"faces":{"north":{"uv":[0.0,0.125,1.0,0.625],"texture":"#0"},"south":{"uv":[1.0,0.125,0.0,0.625],"texture":"#0"}}},{"from":[8.0,0.0,8.0],"to":[16.0,4.0,8.0],"rotation":{"angle":-22.5,"axis":"y","origin":[8.0,2.0,8.0]},"faces":{"north":{"uv":[1.0,0.125,0.0,0.625],"texture":"#0"},"south":{"uv":[0.0,0.125,1.0,0.625],"texture":"#0"}}},{"from":[0.0,0.0,8.0],"to":[8.0,4.0,8.0],"rotation":{"angle":-45.0,"axis":"y","origin":[8.0,2.0,8.0]},"faces":{"north":{"uv":[0.0,0.125,1.0,0.625],"texture":"#0"},"south":{"uv":[1.0,0.125,0.0,0.625],"texture":"#0"}}}],"display":{"thirdperson_righthand":{"translation":[0.0,1.0,-1.0],"rotation":[63.0,34.0,0.0],"scale":[0.52539,0.52539,0.52539]},"thirdperson_lefthand":{"translation":[0.0,1.0,-1.0],"rotation":[63.0,34.0,0.0],"scale":[0.52539,0.52539,0.52539]},"firstperson_righthand":{"translation":[9.5,0.0,-5.75],"rotation":[3.0,112.0,-13.0],"scale":[0.41992,0.41992,0.41992]},"firstperson_lefthand":{"translation":[9.5,0.0,-5.75],"rotation":[3.0,112.0,-13.0],"scale":[0.41992,0.41992,0.41992]},"ground":{"translation":[0.0,-0.25,0.0],"scale":[0.43945,0.43945,0.43945]},"gui":{"translation":[0.25,-1.5,0.0],"rotation":[30.0,-158.0,0.0],"scale":[0.50156,0.50156,0.50156]},"head":{"translation":[0.0,-30.5,-0.75],"scale":[1.6,1.6,1.6]},"fixed":{"translation":[0.0,-3.25,-7.5]}},"credit":"Made with Blockbench","gui_light":"front"}