{"textures":{"0":"mcc:island_furniture/seating/seating_1","particle":"mcc:island_furniture/seating/seating_1"},"elements":[{"from":[-8.53,1.97,-0.03],"to":[24.53,10.03,16.03],"rotation":{"angle":0.0,"axis":"y","origin":[7.34,0.0,-1.16]},"faces":{"north":{"uv":[9.875,8.25,14.0,9.25],"texture":"#0","tintindex":0},"east":{"uv":[2.5,2.875,4.5,3.875],"texture":"#0","tintindex":0},"south":{"uv":[11.5,11.25,15.625,12.25],"texture":"#0","tintindex":0},"west":{"uv":[4.5,2.875,2.5,3.875],"texture":"#0","tintindex":0},"up":{"uv":[11.5,9.25,15.625,11.25],"texture":"#0","tintindex":0},"down":{"uv":[11.875,12.25,16.0,14.25],"texture":"#0","tintindex":0}}},{"from":[19.73,9.13014,-0.04],"to":[25.79,17.19014,16.02],"rotation":{"angle":-22.5,"axis":"z","origin":[15.8184,10.70854,8.1184]},"faces":{"north":{"uv":[4.0,6.0,3.25,7.0],"texture":"#0","tintindex":0},"east":{"uv":[4.0,5.875,5.985,6.8725],"texture":"#0","tintindex":0},"south":{"uv":[9.375,3.375,8.625,4.375],"texture":"#0","tintindex":0},"west":{"uv":[6.625,6.5,8.625,7.5],"texture":"#0","tintindex":0},"up":{"uv":[16.0,3.375,15.25,5.375],"texture":"#0","tintindex":0},"down":{"uv":[6.625,4.75,6.0,4.875],"texture":"#0","tintindex":0}}},{"from":[-9.79,9.13014,-0.04],"to":[-3.73,17.19014,16.02],"rotation":{"angle":22.5,"axis":"z","origin":[0.1816,10.70854,8.1184]},"faces":{"north":{"uv":[3.25,6.0,4.0,7.0],"texture":"#0","tintindex":0},"east":{"uv":[8.625,6.5,6.625,7.5],"texture":"#0","tintindex":0},"south":{"uv":[8.625,3.375,9.375,4.375],"texture":"#0","tintindex":0},"west":{"uv":[5.985,5.875,4.0,6.8725],"texture":"#0","tintindex":0},"up":{"uv":[15.25,3.375,16.0,5.375],"texture":"#0","tintindex":0},"down":{"uv":[6.0,4.75,6.625,4.875],"texture":"#0","tintindex":0}}},{"from":[-8.54,9.96,10.96],"to":[24.54,21.04,16.04],"rotation":{"angle":0.0,"axis":"y","origin":[7.34,0.0,-6.1]},"faces":{"north":{"uv":[7.375,9.25,11.5,10.625],"texture":"#0","tintindex":0},"east":{"uv":[6.75,9.25,7.375,10.625],"texture":"#0","tintindex":0},"south":{"uv":[7.375,10.625,11.5,12.0],"texture":"#0","tintindex":0},"west":{"uv":[7.375,9.25,6.75,10.625],"texture":"#0","tintindex":0},"up":{"uv":[11.5,10.625,15.625,11.25],"texture":"#0","tintindex":0}}},{"from":[20.5,0.0,12.0],"to":[23.5,2.0,15.0],"rotation":{"angle":0.0,"axis":"y","origin":[-1.28,0.0,9.72]},"faces":{"north":{"uv":[3.125,4.25,3.5,4.5],"texture":"#0"},"east":{"uv":[3.5,4.25,3.125,4.5],"texture":"#0"},"south":{"uv":[3.125,4.0,3.5,4.25],"texture":"#0"},"west":{"uv":[3.125,4.0,3.5,4.25],"texture":"#0"},"up":{"uv":[3.125,4.25,3.25,4.375],"texture":"#0"},"down":{"uv":[3.125,4.375,3.25,4.5],"texture":"#0"}}},{"from":[20.5,0.0,1.0],"to":[23.5,2.0,4.0],"rotation":{"angle":0.0,"axis":"y","origin":[-1.28,0.0,-1.28]},"faces":{"north":{"uv":[3.125,4.25,3.5,4.5],"texture":"#0"},"east":{"uv":[3.5,4.25,3.125,4.5],"texture":"#0"},"south":{"uv":[3.125,4.0,3.5,4.25],"texture":"#0"},"west":{"uv":[3.125,4.0,3.5,4.25],"texture":"#0"},"up":{"uv":[3.125,4.25,3.25,4.375],"texture":"#0"},"down":{"uv":[3.125,4.375,3.25,4.5],"texture":"#0"}}},{"from":[-7.5,0.0,12.0],"to":[-4.5,2.0,15.0],"rotation":{"angle":0.0,"axis":"y","origin":[17.28,0.0,9.72]},"faces":{"north":{"uv":[3.5,4.25,3.125,4.5],"texture":"#0"},"east":{"uv":[3.5,4.0,3.125,4.25],"texture":"#0"},"south":{"uv":[3.5,4.0,3.125,4.25],"texture":"#0"},"west":{"uv":[3.125,4.25,3.5,4.5],"texture":"#0"},"up":{"uv":[3.25,4.25,3.125,4.375],"texture":"#0"},"down":{"uv":[3.25,4.375,3.125,4.5],"texture":"#0"}}},{"from":[-7.5,0.0,1.0],"to":[-4.5,2.0,4.0],"rotation":{"angle":0.0,"axis":"y","origin":[17.28,0.0,-1.28]},"faces":{"north":{"uv":[3.5,4.25,3.125,4.5],"texture":"#0"},"east":{"uv":[3.5,4.0,3.125,4.25],"texture":"#0"},"south":{"uv":[3.5,4.0,3.125,4.25],"texture":"#0"},"west":{"uv":[3.125,4.25,3.5,4.5],"texture":"#0"},"up":{"uv":[3.25,4.25,3.125,4.375],"texture":"#0"},"down":{"uv":[3.25,4.375,3.125,4.5],"texture":"#0"}}}],"display":{"thirdperson_righthand":{"translation":[0.0,2.0,0.0],"rotation":[63.0,34.0,0.0],"scale":[0.26563,0.26563,0.26563]},"thirdperson_lefthand":{"translation":[0.0,2.0,0.0],"rotation":[63.0,34.0,0.0],"scale":[0.26563,0.26563,0.26563]},"firstperson_righthand":{"translation":[7.5,1.0,-4.75],"rotation":[3.0,112.0,-13.0],"scale":[0.36718,0.36718,0.36718]},"firstperson_lefthand":{"translation":[7.5,1.0,-4.75],"rotation":[3.0,112.0,-13.0],"scale":[0.36718,0.36718,0.36718]},"ground":{"translation":[0.0,4.25,0.0],"scale":[0.20703,0.20703,0.20703]},"gui":{"translation":[0.0,-0.75,0.0],"rotation":[30.0,-158.0,0.0],"scale":[0.36484,0.36484,0.36484]},"head":{"translation":[-12.75,-30.5,-0.75],"scale":[1.6,1.6,1.6]},"fixed":{"translation":[0.0,-3.25,-7.5]}},"credit":"Made with Blockbench","gui_light":"front"}