{"textures":{"badge":"mcc:island_interface/badges/battle_box/ace_from_afar","particle":"mcc:island_interface/badges/border","border":"mcc:island_interface/badges/border"},"elements":[{"from":[0.0,0.0,0.0],"to":[16.0,16.0,0.0],"rotation":{"angle":0.0,"axis":"y","origin":[8.0,8.0,-0.125]},"faces":{"north":{"uv":[0.0,0.0,16.0,16.0],"texture":"#badge"},"south":{"uv":[16.0,0.0,0.0,16.0],"texture":"#badge"}}},{"from":[0.0,0.0,-0.25],"to":[16.0,16.0,-0.25],"rotation":{"angle":0.0,"axis":"y","origin":[8.0,8.0,-0.125]},"faces":{"north":{"uv":[0.0,0.0,16.0,16.0],"texture":"#border","tintindex":0},"south":{"uv":[0.0,0.0,16.0,16.0],"texture":"#border","tintindex":0}}}],"display":{"thirdperson_righthand":{"scale":[0.0,0.0,0.0]},"thirdperson_lefthand":{"scale":[0.0,0.0,0.0]},"firstperson_righthand":{"scale":[0.0,0.0,0.0]},"firstperson_lefthand":{"scale":[0.0,0.0,0.0]},"ground":{"scale":[0.0,0.0,0.0]},"gui":{"rotation":[0.0,-180.0,0.0]},"head":{"scale":[0.0,0.0,0.0]},"fixed":{"scale":[0.0,0.0,0.0]}},"credit":"Made with Blockbench","gui_light":"front"}