{"textures":{"3":"mcc:island_cosmetics/npc/newspaper"},"elements":[{"from":[11.0,10.0,1.0],"to":[14.0,13.0,15.0],"rotation":{"angle":0.0,"axis":"y","origin":[12.5,11.5,8.0]},"faces":{"north":{"uv":[0.0,0.0,3.0,3.0],"texture":"#3","rotation":180},"east":{"uv":[0.0,9.0,14.0,12.0],"texture":"#3","rotation":180},"south":{"uv":[3.0,0.0,0.0,3.0],"texture":"#3","rotation":180},"west":{"uv":[0.0,3.0,14.0,6.0],"texture":"#3","rotation":180},"up":{"uv":[0.0,12.0,14.0,15.0],"texture":"#3","rotation":270},"down":{"uv":[0.0,6.0,14.0,9.0],"texture":"#3","rotation":270}}}],"display":{"thirdperson_righthand":{"translation":[-4.5,-1.75,6.75],"rotation":[-88.74,0.37,20.5],"scale":[1.0,1.0,1.01258]},"thirdperson_lefthand":{"translation":[0.0,-2.25,-3.5],"rotation":[-90.44,1.27,113.75],"scale":[1.0,1.0,1.01258]},"firstperson_righthand":{"translation":[9.5,0.0,-5.75],"rotation":[3.0,112.0,-13.0],"scale":[0.0,0.0,0.0]},"firstperson_lefthand":{"translation":[9.5,0.0,-5.75],"rotation":[3.0,112.0,-13.0],"scale":[0.0,0.0,0.0]},"ground":{"translation":[0.0,4.25,0.0],"scale":[0.28906,0.28906,0.28906]},"gui":{"translation":[0.25,-0.75,0.0],"rotation":[-105.88,-38.12,-137.45],"scale":[1.00547,1.00547,1.00547]},"head":{"translation":[0.0,-30.5,0.0],"scale":[1.6,1.6,1.6]},"fixed":{"translation":[0.0,-3.25,-7.5]}},"credit":"Made with Blockbench"}