{"textures":{"0":"mcc:island_gadgets/gadgets_1","particle":"mcc:island_gadgets/gadgets_1"},"elements":[{"from":[5.0,6.16667,5.0],"to":[11.0,11.16667,11.0],"faces":{"north":{"uv":[1.125,4.25,1.875,4.875],"texture":"#0"},"east":{"uv":[1.125,4.25,1.875,4.875],"texture":"#0"},"south":{"uv":[1.125,4.25,1.875,4.875],"texture":"#0"},"west":{"uv":[1.125,4.25,1.875,4.875],"texture":"#0"},"up":{"uv":[1.125,4.875,1.875,5.625],"texture":"#0"},"down":{"uv":[1.125,5.625,1.875,6.375],"texture":"#0"}}},{"from":[6.0,5.16667,6.0],"to":[10.0,13.16667,10.0],"faces":{"north":{"uv":[1.875,4.25,2.375,5.25],"texture":"#0"},"east":{"uv":[1.875,4.25,2.375,5.25],"texture":"#0"},"south":{"uv":[1.875,4.25,2.375,5.25],"texture":"#0"},"west":{"uv":[1.875,4.25,2.375,5.25],"texture":"#0"},"up":{"uv":[2.375,4.25,2.875,4.75],"texture":"#0"},"down":{"uv":[2.375,4.75,2.875,5.25],"texture":"#0"}}}],"display":{"thirdperson_righthand":{"translation":[0.0,7.0,4.75],"rotation":[68.0,0.0,0.0],"scale":[0.55,0.55,0.55]},"thirdperson_lefthand":{"translation":[0.0,7.0,4.75],"rotation":[74.0,0.0,0.0],"scale":[0.55,0.55,0.55]},"firstperson_righthand":{"translation":[0.0,6.25,-0.5],"rotation":[-1.5,18.25,6.25],"scale":[0.51719,0.51719,0.51719]},"firstperson_lefthand":{"translation":[0.0,6.25,-0.5],"rotation":[-1.5,18.25,6.25],"scale":[0.51719,0.51719,0.51719]},"ground":{"translation":[0.0,3.0,0.0],"scale":[1.6,1.6,1.6]},"gui":{"translation":[0.25,-1.5,0.0],"rotation":[16.0,137.0,0.0],"scale":[1.48828,1.48828,1.48828]},"head":{"translation":[0.0,13.0,7.0],"rotation":[0.0,180.0,0.0]},"fixed":{"rotation":[0.0,180.0,0.0]}},"credit":"Made with Blockbench","gui_light":"front"}