{"textures":{"0":"mcc:island_gadgets/gadgets_1","particle":"mcc:island_gadgets/gadgets_1"},"elements":[{"from":[5.0,7.0,11.0],"to":[11.0,12.0,22.0],"rotation":{"angle":0.0,"axis":"x","origin":[7.66667,3.03452,6.79289]},"faces":{"north":{"uv":[5.125,0.25,5.25,0.375],"texture":"#0","tintindex":0},"east":{"uv":[0.0,2.25,1.375,2.875],"texture":"#0","tintindex":0},"south":{"uv":[3.25,2.75,2.5,3.375],"texture":"#0","tintindex":0},"west":{"uv":[1.375,2.25,0.0,2.875],"texture":"#0","tintindex":0},"up":{"uv":[2.5,2.75,1.75,4.125],"texture":"#0","tintindex":0},"down":{"uv":[0.75,5.0,0.0,6.375],"texture":"#0","tintindex":0,"rotation":180}}},{"from":[1.0,13.0,19.0],"to":[15.0,23.0,19.0],"rotation":{"angle":45.0,"axis":"x","origin":[8.0,9.0,18.5]},"faces":{"north":{"uv":[1.75,2.875,0.0,4.125],"texture":"#0","tintindex":0},"south":{"uv":[1.75,2.875,0.0,4.125],"texture":"#0","tintindex":0}}},{"from":[6.5,2.0,10.0],"to":[9.5,7.0,13.0],"rotation":{"angle":0.0,"axis":"x","origin":[8.0,3.0,13.5]},"faces":{"north":{"uv":[1.5,1.875,1.875,2.5],"texture":"#0","tintindex":0},"east":{"uv":[1.875,1.875,1.5,2.5],"texture":"#0","tintindex":0},"south":{"uv":[1.5,1.875,1.875,2.5],"texture":"#0","tintindex":0},"west":{"uv":[1.875,1.875,1.5,2.5],"texture":"#0","tintindex":0},"up":{"uv":[5.125,0.25,5.25,0.375],"texture":"#0","tintindex":0},"down":{"uv":[0.5,1.75,0.125,2.125],"texture":"#0","tintindex":0}}},{"from":[6.5,2.0,20.0],"to":[9.5,9.0,24.0],"rotation":{"angle":-22.5,"axis":"x","origin":[8.0,2.5,23.5]},"faces":{"north":{"uv":[3.375,0.5,3.0,1.375],"texture":"#0","tintindex":0},"east":{"uv":[2.5,0.5,3.0,1.375],"texture":"#0","tintindex":0},"south":{"uv":[3.375,0.5,3.0,1.375],"texture":"#0","tintindex":0},"west":{"uv":[3.0,0.5,2.5,1.375],"texture":"#0","tintindex":0},"up":{"uv":[5.125,0.25,5.25,0.375],"texture":"#0","tintindex":0},"down":{"uv":[2.875,3.375,2.5,3.875],"texture":"#0","tintindex":0}}},{"from":[4.0,6.0,4.0],"to":[12.0,13.0,11.0],"rotation":{"angle":0.0,"axis":"x","origin":[7.66667,3.03452,6.79289]},"faces":{"north":{"uv":[0.0,0.875,1.0,1.75],"texture":"#0","tintindex":0},"east":{"uv":[0.0,0.0,0.875,0.875],"texture":"#0","tintindex":0},"south":{"uv":[3.375,0.0,4.375,0.875],"texture":"#0","tintindex":0},"west":{"uv":[0.875,0.0,0.0,0.875],"texture":"#0","tintindex":0},"up":{"uv":[2.875,1.875,1.875,2.75],"texture":"#0","tintindex":0},"down":{"uv":[1.0,4.125,0.0,5.0],"texture":"#0","tintindex":0,"rotation":180}}},{"from":[7.0,13.0,5.0],"to":[9.0,16.0,9.0],"rotation":{"angle":0.0,"axis":"x","origin":[7.66667,3.03452,6.79289]},"faces":{"north":{"uv":[1.0,1.375,1.125,1.75],"texture":"#0","tintindex":0},"east":{"uv":[1.5,1.375,1.0,1.75],"texture":"#0","tintindex":0},"south":{"uv":[1.0,1.375,1.125,1.75],"texture":"#0","tintindex":0},"west":{"uv":[1.0,1.375,1.5,1.75],"texture":"#0","tintindex":0},"up":{"uv":[1.0,1.375,1.5,1.5],"texture":"#0","tintindex":0,"rotation":90},"down":{"uv":[5.125,0.25,5.25,0.375],"texture":"#0","tintindex":0}}},{"from":[8.0,12.0,3.0],"to":[8.0,19.0,11.0],"rotation":{"angle":0.0,"axis":"x","origin":[7.66667,3.03452,6.79289]},"faces":{"east":{"uv":[2.375,0.5,1.375,1.375],"texture":"#0","tintindex":0},"west":{"uv":[1.375,0.5,2.375,1.375],"texture":"#0","tintindex":0}}},{"from":[8.0,2.0,14.5],"to":[8.0,7.0,19.5],"rotation":{"angle":0.0,"axis":"x","origin":[7.66667,3.03452,6.79289]},"faces":{"east":{"uv":[2.875,1.375,3.5,2.0],"texture":"#0","tintindex":0},"west":{"uv":[3.5,1.375,2.875,2.0],"texture":"#0","tintindex":0}}},{"from":[5.0,9.0,0.0],"to":[11.0,11.0,4.0],"rotation":{"angle":0.0,"axis":"x","origin":[7.66667,3.03452,6.79289]},"faces":{"north":{"uv":[2.25,0.25,1.5,0.5],"texture":"#0","tintindex":0},"east":{"uv":[0.875,0.375,1.375,0.625],"texture":"#0","tintindex":0},"south":{"uv":[5.125,0.25,5.25,0.375],"texture":"#0","tintindex":0},"west":{"uv":[1.375,0.375,0.875,0.625],"texture":"#0","tintindex":0},"up":{"uv":[3.0,0.0,2.25,0.5],"texture":"#0","tintindex":0},"down":{"uv":[5.125,0.5,4.375,1.0],"texture":"#0","tintindex":0}}},{"from":[5.0,7.0,0.0],"to":[11.0,9.0,4.0],"rotation":{"angle":0.0,"axis":"x","origin":[7.66667,3.03452,6.79289]},"faces":{"north":{"uv":[2.25,0.0,1.5,0.25],"texture":"#0","tintindex":0},"east":{"uv":[0.875,0.625,1.375,0.875],"texture":"#0","tintindex":0},"south":{"uv":[5.125,0.25,5.25,0.375],"texture":"#0","tintindex":0},"west":{"uv":[1.375,0.625,0.875,0.875],"texture":"#0","tintindex":0},"up":{"uv":[5.125,0.0,4.375,0.5],"texture":"#0","tintindex":0,"rotation":180},"down":{"uv":[4.125,0.875,3.375,1.375],"texture":"#0","tintindex":0}}},{"from":[6.0,3.0,1.0],"to":[10.0,7.0,4.0],"rotation":{"angle":0.0,"axis":"x","origin":[7.66667,3.03452,6.79289]},"faces":{"north":{"uv":[1.875,1.375,2.375,1.875],"texture":"#0","tintindex":0},"east":{"uv":[1.875,1.375,1.5,1.875],"texture":"#0","tintindex":0},"south":{"uv":[1.0,1.75,1.5,2.25],"texture":"#0","tintindex":0},"west":{"uv":[1.5,1.375,1.875,1.875],"texture":"#0","tintindex":0},"up":{"uv":[5.125,0.25,5.25,0.375],"texture":"#0","tintindex":0},"down":{"uv":[0.5,1.75,1.0,2.125],"texture":"#0","tintindex":0}}},{"from":[2.0,8.0,6.0],"to":[4.0,11.0,9.0],"rotation":{"angle":0.0,"axis":"x","origin":[7.66667,3.03452,6.79289]},"faces":{"north":{"uv":[1.25,0.0,1.5,0.375],"texture":"#0","tintindex":0},"east":{"uv":[1.5,0.0,1.25,0.375],"texture":"#0","tintindex":0},"south":{"uv":[1.5,0.375,1.25,0.0],"texture":"#0","tintindex":0},"west":{"uv":[0.875,0.0,1.25,0.375],"texture":"#0","tintindex":0},"up":{"uv":[1.5,0.0,1.25,0.375],"texture":"#0","tintindex":0},"down":{"uv":[1.5,0.0,1.25,0.375],"texture":"#0","tintindex":0}}},{"from":[12.0,8.0,6.0],"to":[14.0,11.0,9.0],"rotation":{"angle":0.0,"axis":"x","origin":[8.33333,3.03452,6.79289]},"faces":{"north":{"uv":[1.5,0.0,1.25,0.375],"texture":"#0","tintindex":0},"east":{"uv":[1.25,0.0,0.875,0.375],"texture":"#0","tintindex":0},"south":{"uv":[1.25,0.375,1.5,0.0],"texture":"#0","tintindex":0},"west":{"uv":[1.5,0.0,1.25,0.375],"texture":"#0","tintindex":0},"up":{"uv":[1.25,0.0,1.5,0.375],"texture":"#0","tintindex":0},"down":{"uv":[1.25,0.0,1.5,0.375],"texture":"#0","tintindex":0}}}],"display":{"thirdperson_righthand":{"translation":[1.25,10.25,-1.5],"rotation":[68.0,0.0,1.0],"scale":[0.85,0.85,0.85]},"thirdperson_lefthand":{"translation":[1.25,10.25,-1.5],"rotation":[68.0,0.0,1.0],"scale":[0.85,0.85,0.85]},"firstperson_righthand":{"translation":[5.75,10.0,-9.0],"rotation":[-1.67,10.19,-0.22],"scale":[0.59375,0.59375,0.59375]},"firstperson_lefthand":{"translation":[5.75,10.0,-9.0],"rotation":[-1.67,10.19,-0.22],"scale":[0.59375,0.59375,0.59375]},"ground":{"translation":[0.0,4.25,0.0],"scale":[0.44531,0.44531,0.44531]},"gui":{"translation":[-3.0,1.25,0.0],"rotation":[142.62,27.07,-143.18],"scale":[0.59922,0.59922,0.59922]},"head":{"translation":[0.0,-30.5,0.0],"scale":[1.6,1.6,1.6]}},"credit":"Made with Blockbench","gui_light":"front"}