{"textures":{"0":"mcc:island_cosmetics/npc/mega_chicken","particle":"mcc:island_cosmetics/npc/mega_chicken"},"elements":[{"from":[-2.0,-1.0,-8.0],"to":[18.0,16.0,15.0],"rotation":{"angle":0.0,"axis":"y","origin":[-1.0,-2.0,-8.0]},"faces":{"north":{"uv":[3.5,0.0,6.0,2.125],"texture":"#0"},"east":{"uv":[6.0,0.0,8.875,2.125],"texture":"#0"},"south":{"uv":[3.5,0.0,6.0,2.125],"texture":"#0"},"west":{"uv":[8.875,0.0,6.0,2.125],"texture":"#0"},"up":{"uv":[8.75,2.125,11.25,5.0],"texture":"#0"},"down":{"uv":[11.75,0.0,14.25,2.875],"texture":"#0"}}},{"from":[4.0,15.87189,14.53364],"to":[12.0,17.87189,21.03364],"rotation":{"angle":-45.0,"axis":"x","origin":[8.0,14.37189,18.78364]},"faces":{"north":{"uv":[6.6875,3.9375,7.6875,3.6875],"texture":"#0"},"east":{"uv":[6.875,4.25,7.6875,4.0],"texture":"#0"},"south":{"uv":[6.6875,4.5,7.6875,4.25],"texture":"#0"},"west":{"uv":[7.6875,4.25,6.875,4.0],"texture":"#0"},"up":{"uv":[6.6875,5.3125,7.6875,4.5],"texture":"#0"},"down":{"uv":[6.6875,4.5,7.6875,5.3125],"texture":"#0"}}},{"from":[-3.0,16.87189,12.03364],"to":[19.0,16.87189,30.03364],"rotation":{"angle":-45.0,"axis":"x","origin":[8.0,14.37189,18.78364]},"faces":{"up":{"uv":[3.9375,2.125,6.6875,4.375],"texture":"#0"},"down":{"uv":[3.9375,4.375,6.6875,2.125],"texture":"#0"}}},{"from":[11.5,-8.0,3.0],"to":[14.5,-1.0,6.0],"rotation":{"angle":-22.5,"axis":"y","origin":[13.05703,-8.75,2.88415]},"faces":{"north":{"uv":[0.0,6.3125,0.375,7.1875],"texture":"#0"},"east":{"uv":[0.0,6.3125,0.375,7.1875],"texture":"#0"},"south":{"uv":[0.0,6.3125,0.375,7.1875],"texture":"#0"},"west":{"uv":[0.0,6.3125,0.375,7.1875],"texture":"#0"},"up":{"uv":[0.0,6.3125,0.0625,6.375],"texture":"#0"},"down":{"uv":[0.0,6.3125,0.0625,6.375],"texture":"#0"}}},{"from":[9.99,-11.01,1.99],"to":[16.01,-7.99,7.01],"rotation":{"angle":-22.5,"axis":"y","origin":[13.05703,-8.75,2.88415]},"faces":{"north":{"uv":[0.0,7.1875,0.75,7.5625],"texture":"#0"},"east":{"uv":[0.0,7.5625,0.625,7.9375],"texture":"#0"},"south":{"uv":[0.75,7.125,1.5,7.5],"texture":"#0"},"west":{"uv":[0.625,7.5625,0.0,7.9375],"texture":"#0"},"up":{"uv":[0.75,7.5,1.5,8.125],"texture":"#0"},"down":{"uv":[1.50125,8.8125,0.75125,9.4375],"texture":"#0"}}},{"from":[11.88598,-11.0,-2.39483],"to":[14.88598,-8.5,2.60517],"rotation":{"angle":-45.0,"axis":"y","origin":[12.38598,-9.5,4.35517]},"faces":{"north":{"uv":[0.75,8.4375,1.125,8.75],"texture":"#0"},"east":{"uv":[0.75,8.125,1.375,8.4375],"texture":"#0"},"south":{"uv":[1.1875,8.375,1.25,8.4375],"texture":"#0"},"west":{"uv":[1.375,8.125,0.75,8.4375],"texture":"#0"},"up":{"uv":[0.0,8.5625,0.375,9.1875],"texture":"#0"},"down":{"uv":[0.75,8.5625,0.375,9.1875],"texture":"#0"}}},{"from":[10.02507,-11.0,-2.7447],"to":[13.02507,-8.5,2.2553],"rotation":{"angle":0.0,"axis":"y","origin":[16.27507,-9.75,1.8803]},"faces":{"north":{"uv":[0.75,8.4375,1.125,8.75],"texture":"#0"},"east":{"uv":[0.75,8.125,1.375,8.4375],"texture":"#0"},"south":{"uv":[1.1875,8.375,1.25,8.4375],"texture":"#0"},"west":{"uv":[1.375,8.125,0.75,8.4375],"texture":"#0"},"up":{"uv":[0.0,8.5625,0.375,9.1875],"texture":"#0"},"down":{"uv":[0.75,8.5625,0.375,9.1875],"texture":"#0"}}},{"from":[1.5,-8.0,3.0],"to":[4.5,-1.0,6.0],"rotation":{"angle":22.5,"axis":"y","origin":[2.94297,-8.75,2.88415]},"faces":{"north":{"uv":[0.375,6.3125,0.0,7.1875],"texture":"#0"},"east":{"uv":[0.375,6.3125,0.0,7.1875],"texture":"#0"},"south":{"uv":[0.375,6.3125,0.0,7.1875],"texture":"#0"},"west":{"uv":[0.375,6.3125,0.0,7.1875],"texture":"#0"},"up":{"uv":[0.0,6.3125,0.0625,6.375],"texture":"#0"},"down":{"uv":[0.0,6.3125,0.0625,6.375],"texture":"#0"}}},{"from":[2.97493,-11.0,-2.7447],"to":[5.97493,-8.5,2.2553],"rotation":{"angle":0.0,"axis":"y","origin":[-0.27507,-9.75,1.8803]},"faces":{"north":{"uv":[1.125,8.4375,0.75,8.75],"texture":"#0"},"east":{"uv":[0.75,8.125,1.375,8.4375],"texture":"#0"},"south":{"uv":[1.25,8.375,1.1875,8.4375],"texture":"#0"},"west":{"uv":[1.375,8.125,0.75,8.4375],"texture":"#0"},"up":{"uv":[0.375,8.5625,0.0,9.1875],"texture":"#0"},"down":{"uv":[0.375,8.5625,0.75,9.1875],"texture":"#0"}}},{"from":[-0.01,-11.01,1.99],"to":[6.01,-7.99,7.01],"rotation":{"angle":22.5,"axis":"y","origin":[2.94297,-8.75,2.88415]},"faces":{"north":{"uv":[0.75,7.1875,0.0,7.5625],"texture":"#0"},"east":{"uv":[0.0,7.5625,0.625,7.9375],"texture":"#0"},"south":{"uv":[1.5,7.125,0.75,7.5],"texture":"#0"},"west":{"uv":[0.625,7.5625,0.0,7.9375],"texture":"#0"},"up":{"uv":[1.5,7.5,0.75,8.125],"texture":"#0"},"down":{"uv":[1.50125,8.8125,0.75125,9.4375],"texture":"#0"}}},{"from":[1.11402,-11.0,-2.39483],"to":[4.11402,-8.5,2.60517],"rotation":{"angle":45.0,"axis":"y","origin":[3.61402,-9.5,4.35517]},"faces":{"north":{"uv":[1.125,8.4375,0.75,8.75],"texture":"#0"},"east":{"uv":[0.75,8.125,1.375,8.4375],"texture":"#0"},"south":{"uv":[1.25,8.375,1.1875,8.4375],"texture":"#0"},"west":{"uv":[1.375,8.125,0.75,8.4375],"texture":"#0"},"up":{"uv":[0.375,8.5625,0.0,9.1875],"texture":"#0"},"down":{"uv":[0.375,8.5625,0.75,9.1875],"texture":"#0"}}}],"display":{"thirdperson_righthand":{"translation":[0.0,1.0,-1.0],"rotation":[63.0,34.0,0.0],"scale":[0.37891,0.37891,0.37891]},"thirdperson_lefthand":{"translation":[0.0,1.0,-1.0],"rotation":[63.0,34.0,0.0],"scale":[0.37891,0.37891,0.37891]},"firstperson_righthand":{"translation":[9.5,0.0,-5.75],"rotation":[3.0,112.0,-13.0],"scale":[0.35547,0.35547,0.35547]},"firstperson_lefthand":{"translation":[9.5,0.0,-5.75],"rotation":[3.0,112.0,-13.0],"scale":[0.35547,0.35547,0.35547]},"ground":{"translation":[0.0,4.25,0.0],"scale":[0.28906,0.28906,0.28906]},"gui":{"translation":[-0.25,-0.25,0.0],"rotation":[30.0,-158.0,0.0],"scale":[0.56992,0.56992,0.56992]},"head":{"translation":[0.0,17.75,14.5],"scale":[3.2,3.2,3.2]},"fixed":{"translation":[0.0,-3.25,-7.5]}},"credit":"Made with Blockbench","gui_light":"front"}