{"textures":{"0":"mcc:island_lobby/npc/mega_chicken","particle":"mcc:island_lobby/npc/mega_chicken"},"elements":[{"from":[1.89,-0.25,1.52],"to":[14.11,14.79,13.27],"rotation":{"angle":0.0,"axis":"y","origin":[0.48,-11.06,6.69]},"faces":{"north":{"uv":[1.5625,0.0,3.1875,2.0],"texture":"#0"},"east":{"uv":[0.0,0.0,1.5625,2.0],"texture":"#0"},"south":{"uv":[3.5,4.375,5.125,6.375],"texture":"#0"},"west":{"uv":[1.5625,0.0,0.0,2.0],"texture":"#0"},"up":{"uv":[6.0625,5.375,7.6875,6.9375],"texture":"#0"},"down":{"uv":[1.875,5.1875,3.5,6.75],"texture":"#0"}}},{"from":[1.89,4.92,-6.0],"to":[14.11,9.15,1.52],"rotation":{"angle":0.0,"axis":"y","origin":[0.48,-11.06,6.69]},"faces":{"north":{"uv":[1.875,2.0,3.5,2.5625],"texture":"#0"},"east":{"uv":[1.875,2.5625,2.875,3.125],"texture":"#0"},"south":{"uv":[0.0,0.0,0.0625,0.0625],"texture":"#0"},"west":{"uv":[2.875,2.5625,1.875,3.125],"texture":"#0"},"up":{"uv":[0.25,2.6875,1.875,3.6875],"texture":"#0"},"down":{"uv":[1.875,4.1875,3.5,5.1875],"texture":"#0"}}},{"from":[4.24,-1.19,-2.71],"to":[11.76,4.92,1.52],"rotation":{"angle":0.0,"axis":"y","origin":[0.48,-11.06,6.69]},"faces":{"north":{"uv":[0.5625,3.6875,1.5625,4.5],"texture":"#0"},"east":{"uv":[0.0,3.6875,0.5625,4.5],"texture":"#0"},"south":{"uv":[0.375,6.3125,1.375,7.125],"texture":"#0"},"west":{"uv":[0.5625,3.6875,0.0,4.5],"texture":"#0"},"up":{"uv":[0.0,0.0,0.0625,0.0625],"texture":"#0"},"down":{"uv":[2.9375,3.625,3.9375,4.1875],"texture":"#0"}}},{"from":[12.50617,6.8,2.41912],"to":[16.26617,11.97,7.58912],"rotation":{"angle":22.5,"axis":"y","origin":[14.38617,9.385,5.00412]},"faces":{"north":{"uv":[1.1875,2.0,0.6875,2.6875],"texture":"#0"},"east":{"uv":[0.0,2.0,0.6875,2.6875],"texture":"#0"},"south":{"uv":[0.6875,2.0,1.1875,2.6875],"texture":"#0"},"west":{"uv":[0.0,0.0,0.0625,0.0625],"texture":"#0"},"up":{"uv":[1.375,2.0,1.875,2.6875],"texture":"#0"},"down":{"uv":[1.375,2.0,1.875,2.6875],"texture":"#0"}}},{"from":[-0.26617,6.8,2.41912],"to":[3.49383,11.97,7.58912],"rotation":{"angle":-22.5,"axis":"y","origin":[1.61383,9.385,5.00412]},"faces":{"north":{"uv":[0.6875,2.0,1.1875,2.6875],"texture":"#0"},"east":{"uv":[0.0625,0.0,0.0,0.0625],"texture":"#0"},"south":{"uv":[1.1875,2.0,0.6875,2.6875],"texture":"#0"},"west":{"uv":[0.6875,2.0,0.0,2.6875],"texture":"#0"},"up":{"uv":[1.875,2.0,1.375,2.6875],"texture":"#0"},"down":{"uv":[1.875,2.0,1.375,2.6875],"texture":"#0"}}},{"from":[8.0,11.51173,-1.90264],"to":[8.0,23.73173,11.25736],"rotation":{"angle":0.0,"axis":"y","origin":[8.0,16.57784,3.08962]},"faces":{"north":{"uv":[0.0,0.0,0.0625,0.0625],"texture":"#0"},"east":{"uv":[0.0,4.5,1.75,6.125],"texture":"#0"},"south":{"uv":[0.0,0.0,0.0625,0.0625],"texture":"#0"},"west":{"uv":[1.75,4.5,0.0,6.125],"texture":"#0"},"up":{"uv":[0.0,0.0,0.0625,0.0625],"texture":"#0"},"down":{"uv":[0.0,0.0,0.0625,0.0625],"texture":"#0"}}},{"from":[6.12,10.87312,-1.39457],"to":[9.88,18.39312,6.59543],"rotation":{"angle":-22.5,"axis":"x","origin":[8.0,16.57784,3.08962]},"faces":{"north":{"uv":[2.9375,2.5625,3.4375,3.5625],"texture":"#0"},"east":{"uv":[1.875,3.125,2.9375,4.125],"texture":"#0"},"south":{"uv":[1.375,6.125,1.875,7.125],"texture":"#0"},"west":{"uv":[2.9375,3.125,1.875,4.125],"texture":"#0"},"up":{"uv":[3.4375,2.5625,3.9375,3.625],"texture":"#0"},"down":{"uv":[0.0,0.0,0.0625,0.0625],"texture":"#0"}}}],"display":{"thirdperson_righthand":{"translation":[0.0,1.0,-1.0],"rotation":[68.76,0.0,-2.67],"scale":[1.64258,1.64258,1.64258]},"thirdperson_lefthand":{"translation":[0.0,1.0,-1.0],"rotation":[68.76,0.0,-2.67],"scale":[-1.64258,1.64258,1.64258]},"firstperson_righthand":{"translation":[9.5,0.0,-5.75],"rotation":[3.0,112.0,-13.0],"scale":[0.35547,0.35547,0.35547]},"firstperson_lefthand":{"translation":[9.5,0.0,-5.75],"rotation":[3.0,112.0,-13.0],"scale":[0.35547,0.35547,0.35547]},"ground":{"translation":[0.0,4.25,0.0],"scale":[0.28906,0.28906,0.28906]},"gui":{"translation":[-0.25,-0.25,0.0],"rotation":[30.0,-158.0,0.0],"scale":[0.56992,0.56992,0.56992]},"head":{"translation":[0.0,-3.0,4.0],"scale":[3.2,3.2,3.2]},"fixed":{"translation":[0.0,-3.25,-7.5]}},"credit":"Made with Blockbench","gui_light":"front"}