{"providers":[{"type":"space","advances":{" ":4}},{"type":"bitmap","file":"mcc:_fonts/black_box_1.png","chars":[""],"ascent":250,"height":1500},{"type":"bitmap","file":"mcc:_fonts/black_box_2.png","chars":[""],"ascent":10,"height":300},{"type":"bitmap","file":"mcc:_fonts/black_box_30.png","chars":[""],"ascent":250,"height":1200},{"type":"bitmap","file":"mcc:_fonts/logo.png","chars":[""],"ascent":85,"height":256},{"type":"bitmap","file":"mcc:_fonts/pixel_1.png","chars":[""],"ascent":-2,"height":1},{"type":"bitmap","file":"mcc:_fonts/pixel_2.png","chars":[""],"ascent":-3,"height":1},{"type":"bitmap","file":"mcc:_fonts/pixel_3.png","chars":[""],"ascent":-4,"height":1},{"type":"bitmap","file":"mcc:_fonts/pixel_4.png","chars":[""],"ascent":-5,"height":1},{"type":"bitmap","file":"mcc:_fonts/pixel_5.png","chars":[""],"ascent":-6,"height":1},{"type":"bitmap","file":"mcc:_fonts/pixel_6.png","chars":[""],"ascent":-7,"height":1},{"type":"bitmap","file":"mcc:_fonts/pixel_7.png","chars":[""],"ascent":-8,"height":1},{"type":"bitmap","file":"mcc:_fonts/pixel_8.png","chars":[""],"ascent":-9,"height":1},{"type":"bitmap","file":"mcc:_fonts/pixel_9.png","chars":[""],"ascent":-10,"height":1}]}