{"textures":{"1":"mcc:island_cosmetics/npc/zombie_boy"},"elements":[{"from":[3.5,1.0,3.5],"to":[12.5,10.0,12.5],"rotation":{"angle":0.0,"axis":"y","origin":[7.5,0.0,0.0]},"faces":{"north":{"uv":[0.0,0.0,4.5,4.5],"texture":"#1"},"east":{"uv":[0.0,4.5,4.5,9.0],"texture":"#1"},"south":{"uv":[0.0,9.0,4.5,13.5],"texture":"#1"},"west":{"uv":[4.5,4.5,0.0,9.0],"texture":"#1"},"up":{"uv":[9.0,7.5,13.5,12.0],"texture":"#1"},"down":{"uv":[4.5,7.5,9.0,12.0],"texture":"#1"}}},{"from":[3.0,6.5,3.0],"to":[13.0,11.5,13.0],"rotation":{"angle":0.0,"axis":"y","origin":[7.0,0.0,0.0]},"faces":{"north":{"uv":[5.0,0.0,10.0,2.5],"texture":"#1"},"east":{"uv":[5.0,0.0,10.0,2.5],"texture":"#1"},"south":{"uv":[5.0,0.0,10.0,2.5],"texture":"#1"},"west":{"uv":[5.0,0.0,10.0,2.5],"texture":"#1"},"up":{"uv":[11.0,0.0,16.0,5.0],"texture":"#1"},"down":{"uv":[11.0,2.5,6.0,7.5],"texture":"#1"}}},{"from":[13.0,11.5,13.0],"to":[3.0,6.5,3.0],"rotation":{"angle":0.0,"axis":"y","origin":[7.0,0.0,0.0]},"faces":{"north":{"uv":[5.0,2.5,10.0,0.0],"texture":"#1"},"east":{"uv":[5.0,2.5,10.0,0.0],"texture":"#1"},"south":{"uv":[5.0,2.5,10.0,0.0],"texture":"#1"},"west":{"uv":[5.0,2.5,10.0,0.0],"texture":"#1"},"up":{"uv":[6.0,2.5,11.0,7.5],"texture":"#1"},"down":{"uv":[16.0,0.0,11.0,5.0],"texture":"#1"}}}],"display":{"thirdperson_righthand":{"translation":[0.0,1.0,-1.0],"rotation":[63.0,34.0,0.0],"scale":[0.37891,0.37891,0.37891]},"thirdperson_lefthand":{"translation":[0.0,1.0,-1.0],"rotation":[63.0,34.0,0.0],"scale":[0.37891,0.37891,0.37891]},"firstperson_righthand":{"translation":[9.5,0.0,-5.75],"rotation":[3.0,112.0,-13.0],"scale":[0.35547,0.35547,0.35547]},"firstperson_lefthand":{"translation":[9.5,0.0,-5.75],"rotation":[3.0,112.0,-13.0],"scale":[0.35547,0.35547,0.35547]},"ground":{"translation":[0.0,4.25,0.0],"scale":[0.28906,0.28906,0.28906]},"gui":{"translation":[-0.25,0.5,0.0],"rotation":[30.0,-158.0,0.0],"scale":[0.70078,0.70078,0.70078]},"head":{"translation":[0.0,5.6,0.0],"scale":[1.8168,1.8168,1.8168]},"fixed":{"translation":[0.0,-3.25,-7.5]}},"credit":"Made with Blockbench"}